code,title,dur,market,media,year,category,vo,fileUrl,brand,times_used,first_seen_file,inactive_market
WK-BHAM-0120-05-REV_Motorcycle_30.mpg,REV Motorcycle,30,BRM,TV,2020,Motorcycle,,https://drive.google.com/file/d/1KiEUTq9Vun1TYhC0KERG3L1FR8DzeVKx/view?usp=drive_link,WK,1,June-August 2023 Traffic Instructions.xlsx,
WK-BHAM-0120-07-REV-Motorcycle_10.mpg,REV Motorcycle,10,BRM,TV,2020,Motorcycle,,,WK,2,August-October 2022 Traffic Instructions.xlsx,
WK-BHAM-0120-11_REV-Distracted_10.mpg,Distracted,10,BRM,TV,2020,Car Wreck,,,WK,2,August-October 2022 Traffic Instructions.xlsx,
WK-BHAM-0120-12-REV_Distracted_05.mpg,REV Distracted,5,BRM,TV,2020,Car Wreck,,good,WK,4,August-October 2022 Traffic Instructions.xlsx,
WK-BHAM-0120-12_Distracted_05,WK-BHAM-0120-12_Distracted_05,5,BRM,TV,2020,Car Wreck,,,WK,2,August-October 2022 Traffic Instructions.xlsx,
WK-BHAM-0320-02-REV_Motorcycle_15b.mpg,REV Motorcycle,BE,BRM,TV,2020,Motorcycle,,https://drive.google.com/file/d/1EZuDxCk3MYRzFQaNwppVnDUdL9Gb4ad1/view?usp=drive_link,WK,1,June-August 2023 Traffic Instructions.xlsx,
WK-BHAM-0620-01_18Wheeler_30.mpg,WK-BHAM-0620-01_18Wheeler_30.mpg,30,BRM,TV,2020,Trucking,,,WK,3,April-May 2023 Traffic Instructions.xlsx,
WK-BHAM-0620-03_18Wheeler_15b.mpg,WK-BHAM-0620-03_18Wheeler_15b.mpg,BE,BRM,TV,2020,Trucking,,https://drive.google.com/file/d/1T_4m-yXBqlDr9SY3q2b-c0SsID2jfddu/view?usp=sharing,WK,3,April-May 2023 Traffic Instructions.xlsx,
WK-BHAM-0620-10_CarCrashImage_30.mpg,WK-BHAM-0620-10_CarCrashImage_30.mpg,30,BRM,TV,2020,Car Wreck,,https://drive.google.com/file/d/1VhBVe8CzTN9-gB7RrwYBNCU8ubt-qFZd/view?usp=drive_link,WK,1,June-August 2023 Traffic Instructions.xlsx,
WK-BHAM-0620-12_CarCrashImage_15B.mpg,WK-BHAM-0620-12_CarCrashImage_15B.mpg,BE,BRM,TV,2020,Car Wreck,,https://drive.google.com/file/d/17pUaRuPeH91vjieyMAsEuc4i_hxKG2HS/view?usp=drive_link,WK,1,June-August 2023 Traffic Instructions.xlsx,
WK-BHAM-0620-16_Puzzle_30.mpg,WK-BHAM-0620-16_Puzzle_30.mpg,30,BRM,TV,2020,Brand,,https://drive.google.com/file/d/1NX00TW2eVatnMLkCCXoWh-TM8CsUOds4/view?usp=drive_link,WK,1,June-August 2023 Traffic Instructions.xlsx,
WK-BHAM-0620-25_Workers_30.mpg,WK-BHAM-0620-25_Workers_30.mpg,30,BRM,TV,2020,Job Injury,,good,WK,5,August-October 2022 Traffic Instructions.xlsx,
WK-BHAM-0620-26_Workers_15A.mpg,WK-BHAM-0620-26_Workers_15A.mpg,BE,BRM,TV,2020,Job Injury,,good,WK,4,August-October 2022 Traffic Instructions.xlsx,
WK-BHAM-0620-28_WorkingMan_30.mpg,WK-BHAM-0620-28_WorkingMan_30.mpg,30,BRM,TV,2020,,,https://drive.google.com/file/d/1BPHYqvDiR416qxM1HBByIMbV6qFwcMvl/view?usp=drive_link,WK,4,August-October 2022 Traffic Instructions.xlsx,
WK-BHAM-0620-29_WorkingMan_15A.mpg,WK-BHAM-0620-29_WorkingMan_15A.mpg,BE,BRM,TV,2020,,,https://drive.google.com/file/d/1wr-fgQJ4jdBW4LvSzre0iTzi6HW8qgq9/view?usp=drive_link,WK,4,August-October 2022 Traffic Instructions.xlsx,
WK-BHAM-0121-01_18Wheeler_10.mpg,WK-BHAM-0121-01_18Wheeler_10.mpg,10,BRM,TV,2021,Trucking,,good,WK,4,August-October 2022 Traffic Instructions.xlsx,
WK-BHAM-0121-03_CarCrashImage_10.mpg,WK-BHAM-0121-03_CarCrashImage_10.mpg,10,BRM,TV,2021,Car Wreck,,https://drive.google.com/file/d/1XRLU6BONXO1lHlTb8GqDKZVKTRNKIsfs/view?usp=drive_link,WK,1,June-August 2023 Traffic Instructions.xlsx,
WK-BHAM-0121-04_CarCrashImage_05.mpg,WK-BHAM-0121-04_CarCrashImage_05.mpg,5,BRM,TV,2021,Car Wreck,,https://drive.google.com/file/d/1_-t7idbMQped8-SCcP1XmAbuCGE-OIuE/view?usp=drive_link,WK,1,June-August 2023 Traffic Instructions.xlsx,
WK-BHAM-0121-07_Workers_10.mpg,WK-BHAM-0121-07_Workers_10.mpg,10,BRM,TV,2021,Job Injury,,good,WK,4,August-October 2022 Traffic Instructions.xlsx,
WK-BHAM-0121-08_Workers_05.mpg,WK-BHAM-0121-08_Workers_05.mpg,5,BRM,TV,2021,Job Injury,,good,WK,4,August-October 2022 Traffic Instructions.xlsx,
WK-BHAM-0121-11_NameKnow_05,WK-BHAM-0121-11_NameKnow_05,5,BRM,TV,2021,,,,WK,2,August-October 2022 Traffic Instructions.xlsx,
WK-BHAM-0121-12_Shattered_10.mpg,WK-BHAM-0121-12_Shattered_10.mpg,10,BRM,TV,2021,Brand,,https://drive.google.com/file/d/15h_KmtXxzYYR09hDn1Ed8h_QfkZi1bzI/view?usp=drive_link,WK,1,June-August 2023 Traffic Instructions.xlsx,
WK-BHAM-0121-13_Shattered_05.mpg,WK-BHAM-0121-13_Shattered_05.mpg,5,BRM,TV,2021,Brand,,https://drive.google.com/file/d/1OMNCZlDPqJCAW-Tt3rVfLbJDXrAkrIR0/view?usp=drive_link,WK,1,June-August 2023 Traffic Instructions.xlsx,
WK-BHAM-0421-01_04sec,WK-BHAM-0421-01_04sec,,BRM,TV,2021,,,,WK,2,August-October 2022 Traffic Instructions.xlsx,
WK-BHAM-0421-01_04sec.mpg,WK-BHAM-0421-01_04sec.mpg,4,BRM,TV,2021,,,good,WK,5,August-October 2022 Traffic Instructions.xlsx,
WK-BHAM-0622-01_Commercial-Accident-30.mpg,Accident,30,BRM,TV,2022,,,good,WK,2,August-October 2022 Traffic Instructions.xlsx,
WK-BHAM-0622-02_Commercial-Accident-15A.mpg,Accident,BE,BRM,TV,2022,,,good,WK,2,August-October 2022 Traffic Instructions.xlsx,
WK-BHAM-0622-03_Commercial-Accident-15B.mpg,Accident,BE,BRM,TV,2022,,,https://drive.google.com/file/d/1KFJ2l3Z-cPELP-P7thZQQ_yDzSOqg0Ff/view?usp=drive_link,WK,6,Christmas Spot December 2023 Traffic Instructions.xlsx,
WK-BHAM-0622-04_Distracted-Cell-Phones-30,Cell Phones,30,BRM,TV,2022,,,https://drive.google.com/file/d/1YQti_W1b6uAfFzZBO_-KX_cZKl8HezKE/view?usp=drive_link,WK,10,Christmas Spot December 2023 Traffic Instructions.xlsx,
WK-BHAM-0622-04_Distracted-Cell-Phones-30.mpg,Cell Phones,30,BRM,TV,2022,,,good,WK,7,August-October 2022 Traffic Instructions.xlsx,
WK-BHAM-0622-05_Distracted-Cell-Phones-15A.mpg,Cell Phones,BE,BRM,TV,2022,,,https://drive.google.com/file/d/1CkH4DjZIBUTeiZGIso14Pk2sH3CzhgIn/view?usp=drive_link,WK,6,Christmas Spot December 2023 Traffic Instructions.xlsx,
WK-BHAM-0622-06_Distracted-Cell-Phones-15B.mpg,Cell Phones,BE,BRM,TV,2022,,,good,WK,6,August-October 2022 Traffic Instructions.xlsx,
WK-BHAM-0622-10_Mothers-Wreck-30.mpg,Wreck,30,BRM,TV,2022,Car Wreck,,,WK,3,April-May 2023 Traffic Instructions.xlsx,
WK-BHAM-0622-10_Mothers-Wreck_30.mpg,Wreck,30,BRM,TV,2022,Car Wreck,,,WK,2,August-October 2022 Traffic Instructions.xlsx,
WK-BHAM-0622-11_Mothers-Wreck-15.mpg,Wreck,BE,BRM,TV,2022,Car Wreck,,https://drive.google.com/file/d/1KdorUZMuQJombThyYlK7WF9YeVJCNPVp/view?usp=drive_link,WK,10,August-October 2022 Traffic Instructions.xlsx,
WK-BHAM-0622-12_Parents 30.mpg,WK-BHAM-0622-12_Parents 30.mpg,30,BRM,TV,2022,,,good,WK,6,August-October 2022 Traffic Instructions.xlsx,
WK-BHAM-0622-13_Parents 15.mpg,WK-BHAM-0622-13_Parents 15.mpg,BE,BRM,TV,2022,,,good,WK,5,August-October 2022 Traffic Instructions.xlsx,
WK-BHAM-0622-17_Different_15B.mpg,WK-BHAM-0622-17_Different_15B.mpg,BE,BRM,TV,2022,Brand,,good,WK,8,August-October 2022 Traffic Instructions.xlsx,
WK-BHAM-0622-18_Premise Injury 30,Injury,30,BRM,TV,2022,,,https://drive.google.com/file/d/1B-z4_fRTbXTqP_hYceqTeujaGFNLauxT/view?usp=drive_link,WK,9,Christmas Spot December 2023 Traffic Instructions.xlsx,
WK-BHAM-0622-18_Premise Injury 30.mpg,Injury,30,BRM,TV,2022,,,https://drive.google.com/file/d/1B-z4_fRTbXTqP_hYceqTeujaGFNLauxT/view?usp=sharing,WK,1,June-August 2023 Traffic Instructions.xlsx,
WK-BHAM-0622-18_PremiseInjury_30.mpg,WK-BHAM-0622-18_PremiseInjury_30.mpg,30,BRM,TV,2022,Premise Injury,,,WK,2,August-October 2022 Traffic Instructions.xlsx,
WK-BHAM-0622-19_Premise Injury 15a.mpg,Injury,BE,BRM,TV,2022,,,https://drive.google.com/file/d/1g7a-yKKcIKpufjKRZAG7TmXBGGyvLhAw/view?usp=drive_link,WK,6,Christmas Spot December 2023 Traffic Instructions.xlsx,
WK-BHAM-0622-20_Premise Injury 15b.mpg,Injury,BE,BRM,TV,2022,,,https://drive.google.com/file/d/1ArI1xpI47S2q3m_jcbvaYw3I_zhwuJP4/view?usp=sharing,WK,1,June-August 2023 Traffic Instructions.xlsx,
WK-BHAM-0622-21R_Things to Do Accident 30 (2).mpg,to Do Accident 30 (2),30,BRM,TV,2022,,,good,WK,5,August-October 2022 Traffic Instructions.xlsx,
WK-BHAM-0622-21_ThingstoDoAccident_30.mpg,WK-BHAM-0622-21_ThingstoDoAccident_30.mpg,30,BRM,TV,2022,,,,WK,2,August-October 2022 Traffic Instructions.xlsx,
WK-BHAM-0622-22R_Things to Do Accident 15A.mpg,to Do Accident,BE,BRM,TV,2022,,,good,WK,4,August-October 2022 Traffic Instructions.xlsx,
WK-BHAM-0622-22_ThingtoDoAccident_15a.mpg,WK-BHAM-0622-22_ThingtoDoAccident_15a.mpg,BE,BRM,TV,2022,,,,WK,2,August-October 2022 Traffic Instructions.xlsx,
WK-BHAM-0622–15_Different_30.mpg,WK BHAM 0622–15 Different,30,BRM,TV,2022,Brand,,good,WK,4,August-October 2022 Traffic Instructions.xlsx,
WK-BHAM-0622–19_PremiseInjury_15a.mpg,WK BHAM 0622–19 PremiseInjury,BE,BRM,TV,2022,Premise Injury,,,WK,2,August-October 2022 Traffic Instructions.xlsx,
WK-BHAM-0722-01_More Than Size 30.mpg,Than Size,30,BRM,TV,2022,,,https://drive.google.com/file/d/1r1tDbOoztXyGmSjiXmzZlukk6GNW_IHe/view?usp=sharing,WK,1,June-August 2023 Traffic Instructions.xlsx,
WK-BHAM-0722-01_MoreThanSize_30.mpg,WK-BHAM-0722-01_MoreThanSize_30.mpg,30,BRM,TV,2022,,,good,WK,7,August-October 2022 Traffic Instructions.xlsx,
WK-BHAM-0722-02_More Than Size 15.mpg,Than Size,BE,BRM,TV,2022,,,https://drive.google.com/file/d/19biuGQfYrstwW0fJgy4Ae4HbKLrwqLUA/view?usp=sharing,WK,1,June-August 2023 Traffic Instructions.xlsx,
WK-BHAM-0722-02_MoreThanSize_15.mpg,WK-BHAM-0722-02_MoreThanSize_15.mpg,BE,BRM,TV,2022,,,good,WK,6,August-October 2022 Traffic Instructions.xlsx,
WK-BHAM-0722-03_Jonathan 30,WK-BHAM-0722-03_Jonathan 30,30,BRM,TV,2022,Testimonial,,https://drive.google.com/file/d/1OydRzeTe6ItuTvt584Ie8M_YDOAfmBGf/view?usp=drive_link,WK,9,Christmas Spot December 2023 Traffic Instructions.xlsx,
WK-BHAM-0722-03_Jonathan 30.mpg,WK-BHAM-0722-03_Jonathan 30.mpg,30,BRM,TV,2022,Testimonial,,https://drive.google.com/file/d/1OydRzeTe6ItuTvt584Ie8M_YDOAfmBGf/view?usp=sharing,WK,1,June-August 2023 Traffic Instructions.xlsx,
WK-BHAM-0722-04_Jonathan 15.mpg,WK-BHAM-0722-04_Jonathan 15.mpg,BE,BRM,TV,2022,Testimonial,,https://drive.google.com/file/d/1R6VCbwwR_O0Ph_vIbBhamqnhBiYmLuuo/view?usp=drive_link,WK,7,Christmas Spot December 2023 Traffic Instructions.xlsx,
WK-BHAM-0722-05_Options_30.mpg,WK-BHAM-0722-05_Options_30.mpg,30,BRM,TV,2022,Brand,,good,WK,7,August-October 2022 Traffic Instructions.xlsx,
WK-BHAM-0722-06_Options_15.mpg,WK-BHAM-0722-06_Options_15.mpg,BE,BRM,TV,2022,Brand,,good,WK,6,August-October 2022 Traffic Instructions.xlsx,
Thanksgiving 15sec. Commercial.mov,Thanksgiving 15sec. Commercial,15,BRM,TV,2023,Seasonal,,https://drive.google.com/file/d/1vdz-WdQcEd0qu5YxEKyqLVKFKh8K_tjE/view?usp=drive_link,WK,1,Thanksgiving Spot November 2023 Traffic Instructions.xlsx,
Thanksgiving 30sec. Commercial.mov,Thanksgiving 30sec. Commercial,30,BRM,TV,2023,Seasonal,,https://drive.google.com/file/d/1PJhLjSxGD2GpAG3lxCnY9OcnjTdNc2dc/view?usp=drive_link,WK,2,Thanksgiving Spot November 2023 Traffic Instructions.xlsx,
WK-1122-01 Christmas 30.mpg,WK 1122 01 Christmas,30,BRM,TV,2023,Seasonal,,https://drive.google.com/file/d/1QWCt_XM7hX7bPWX4PU_JW4luPk1Nr0P9/view?usp=drive_link,WK,2,Christmas Spot December 2023 Traffic Instructions.xlsx,
WK-BHAM-0623-1_30 Different,Different,30,BRM,TV,2023,Brand,,https://drive.google.com/file/d/1YCOG9c3jR9G6akW3xDgq1Wf_tPUV9I58/view?usp=sharing,WK,1,June-August 2023 Traffic Instructions.xlsx,
WK-BHAM-0623-1_Commercial-Accident-30,Accident,30,BRM,TV,2023,,,https://drive.google.com/file/d/1WmAJ4i7rjJ3geMZ4IRA_-fDwyKz7o8mQ/view?usp=drive_link,WK,10,Christmas Spot December 2023 Traffic Instructions.xlsx,
WK-BHAM-0623-2_15A Different,Different,BE,BRM,TV,2023,Brand,,https://drive.google.com/file/d/1p7Y5BvGuile-5pI-ACgpKxgJxtxHZsv6/view?usp=sharing,WK,1,June-August 2023 Traffic Instructions.xlsx,
WK-BHAM-0823-10_Mothers-Wreck-30,Wreck,30,BRM,TV,2023,Car Wreck,,https://drive.google.com/file/d/1mFRQPdrIwXPalWehn0Bx2HI1los2dU3e/view?usp=drive_link,WK,10,Christmas Spot December 2023 Traffic Instructions.xlsx,
WK-BHAM-0823-16_Puzzle-30,WK-BHAM-0823-16_Puzzle-30,30,BRM,TV,2023,Brand,,https://drive.google.com/file/d/1J6DpS0VZMLneZryA-ksX0ASE6rBaJ-EB/view?usp=drive_link,WK,8,Christmas Spot December 2023 Traffic Instructions.xlsx,
WK-BHAM-0823-17_Puzzle-15,WK-BHAM-0823-17_Puzzle-15,BE,BRM,TV,2023,Brand,,https://drive.google.com/file/d/1nwV_xmuwlIhX5fusXkYQ0f82jhyCVg6r/view?usp=drive_link,WK,6,Christmas Spot December 2023 Traffic Instructions.xlsx,
WK-BHAM-0823-26_Questions-30,WK-BHAM-0823-26_Questions-30,30,BRM,TV,2023,Questions,,https://drive.google.com/file/d/1to1FCTD0MqnwW3DZ7VtWRU6kacYmeunK/view?usp=drive_link,WK,11,Christmas Spot December 2023 Traffic Instructions.xlsx,
WK-BHAM-0823-27_Questions-15,WK-BHAM-0823-27_Questions-15,BE,BRM,TV,2023,Questions,,https://drive.google.com/file/d/1bK0VTH8vv5VE3q1Qz-vhPe3l-s3WJ2oi/view?usp=drive_link,WK,6,Christmas Spot December 2023 Traffic Instructions.xlsx,
WK-BHAM-0823-5_Different-5,5,5,BRM,TV,2023,,,https://drive.google.com/file/d/14MyrP5CcQBJj2dyrrHBC8qBQjCwYzun5/view?usp=drive_link,WK,7,Christmas Spot December 2023 Traffic Instructions.xlsx,
WK-BHAM-0923-01_General-05.mov,WK-BHAM-0923-01_General-05.mov,5,BRM,TV,2023,,,https://drive.google.com/file/d/1c13TS5WtH6gcU0gX_jo26NVlKF6u_lBP/view?usp=drive_link,WK,7,Christmas Spot December 2023 Traffic Instructions.xlsx,
WK-BHAM-0923-02_Distracted-Cell-Phones-10,Cell Phones,10,BRM,TV,2023,,,https://drive.google.com/file/d/1m_-l0I1d5ECCrLf0MRVgy2SrFRpts9Gp/view?usp=drive_link,WK,7,Christmas Spot December 2023 Traffic Instructions.xlsx,
WK-BHAM-0923-03_Different-10,WK-BHAM-0923-03_Different-10,10,BRM,TV,2023,Brand,,https://drive.google.com/file/d/1DlNA1yxn8PIXhgWsUqjZGE_mTHun9E9U/view?usp=drive_link,WK,7,Christmas Spot December 2023 Traffic Instructions.xlsx,
WK-BHAM-0923-04_General-4.mov,4,4,BRM,TV,2023,,,https://drive.google.com/file/d/1vtdtNCV9YhGHl-5-hr5aQHgB8BVYlwT6/view?usp=drive_link,WK,4,Christmas Spot December 2023 Traffic Instructions.xlsx,
WK-BHAM-0923-6_Working Man 30.mov,Man,30,BRM,TV,2023,,,https://drive.google.com/file/d/1D2sZ9ccY9-YWMzAtkPxKoP5I5n0t28x_/view?usp=drive_link,WK,11,Christmas Spot December 2023 Traffic Instructions.xlsx,
WK-BHAM-0923-7_Working Man 15.mov,Man,BE,BRM,TV,2023,,,https://drive.google.com/file/d/1EWOhf047T5u0IufbYbJec6vazYaogcl7/view?usp=drive_link,WK,6,Christmas Spot December 2023 Traffic Instructions.xlsx,
WK-BHAM-1223-04_Hurt-In-A-Wreck.mov,In A Wreck,4,BRM,TV,2023,Car Wreck,,https://drive.google.com/file/d/1WNWEYVbrBA7xhSoSAVtA1FAEk2HjSyb-/view?usp=drive_link,WK,3,01. January 2024 Traffic Instructions.xlsx,
WK-Memorial Day 2023,WK Memorial Day 2023,30,BRM,TV,2023,Seasonal,,,WK,1,Memorial Day 2023 Traffic Instructions.xlsx,
WK-0524-01-30_Memorial Day 2024.mpg,WK 0524 01 30 Memorial Day 2024,30,BRM,TV,2024,Seasonal,,https://drive.google.com/file/d/1tPj9Oe3itWQ5B4r9fmdauR8cVjB1uBeI/view?usp=drive_link,WK,1,05. May-June 2024 Traffic Instructions.xlsx,
WK-1024-15_Happy Thanksgiving,WK 1024 15 Happy Thanksgiving,BE,BRM,TV,2024,Seasonal,,https://drive.google.com/file/d/15dBUYDtEMWfqNDzQ9fQ4wnHJH4HHDN98/view?usp=drive_link,WK,3,Thanksgiving Spot November 2024 Traffic Instructions.xlsx,
WK-1024-30_Happy Thanksgiving,WK 1024 30 Happy Thanksgiving,30,BRM,TV,2024,Seasonal,,https://drive.google.com/file/d/1lDusNe7E7BkjHCUbyRXkZvIxkA-IXR9-/view?usp=drive_link,WK,2,Thanksgiving Spot November 2024 Traffic Instructions.xlsx,
WK-BHAM-0224-01_30 Lunch Pail,Lunch Pail,30,BRM,TV,2024,,,https://drive.google.com/file/d/1DMupO74PwhYbiMINjoWQClidGtqmF4Mn/view?usp=drive_link,WK,2,09. September 2024 Traffic Instructions.xlsx,
WK-BHAM-0224-01_30 Lunch Pail.mpg,Lunch Pail,30,BRM,TV,2024,,,https://drive.google.com/file/d/1DMupO74PwhYbiMINjoWQClidGtqmF4Mn/view?usp=drive_link,WK,7,02. February 2024 Traffic Instructions.xlsx,
WK-BHAM-0224-02_15 Lunch Pail,Lunch Pail,BE,BRM,TV,2024,,,https://drive.google.com/file/d/1gyTZzcIYE02yuwFxQDcOthuUZQOfSU3_/view?usp=drive_link,WK,2,09. September 2024 Traffic Instructions.xlsx,
WK-BHAM-0224-02_15 Lunch Pail.mpg,Lunch Pail,BE,BRM,TV,2024,,,https://drive.google.com/file/d/1gyTZzcIYE02yuwFxQDcOthuUZQOfSU3_/view?usp=drive_link,WK,6,02. February 2024 Traffic Instructions.xlsx,
WK-BHAM-0224-03_30 Channel Flipping,Channel Flipping,30,BRM,TV,2024,,,https://drive.google.com/file/d/1zlGTK3LVGFmwCGcShZ_o1e96k1cOATfw/view?usp=drive_link,WK,2,09. September 2024 Traffic Instructions.xlsx,
WK-BHAM-0224-03_30 Channel Flipping.mpg,Channel Flipping,30,BRM,TV,2024,,,https://drive.google.com/file/d/18h7V2bIvDM7MVRU2EAxNzcHctGJ-YUao/view?usp=drive_link,WK,9,04. April-May 2024 Traffic Instructions.xlsx,
WK-BHAM-0224-04_15 Channel Flipping,Channel Flipping,BE,BRM,TV,2024,,,https://drive.google.com/file/d/1NkktrCl1uSLv61rmqstqxtYtVtx1tBKy/view?usp=drive_link,WK,3,08. August 2024 Traffic Instructions.xlsx,
WK-BHAM-0224-04_15 Channel Flipping.mpg,Channel Flipping,BE,BRM,TV,2024,,,https://drive.google.com/file/d/1NkktrCl1uSLv61rmqstqxtYtVtx1tBKy/view?usp=drive_link,WK,4,04. April-May 2024 Traffic Instructions.xlsx,
WK-BHAM-0224-05_30 Insurance Experts,Insurance Experts,30,BRM,TV,2024,,,https://drive.google.com/file/d/1TmO9E0UGx50trX6D_YPQePGBedu7v0bm/view?usp=drive_link,WK,3,08. August 2024 Traffic Instructions.xlsx,
WK-BHAM-0224-05_30 Insurance Experts.mpg,Insurance Experts,30,BRM,TV,2024,,,https://drive.google.com/file/d/1TmO9E0UGx50trX6D_YPQePGBedu7v0bm/view?usp=drive_link,WK,11,02. February 2024 Traffic Instructions.xlsx,
WK-BHAM-0224-06_15 Insurance Experts,Insurance Experts,BE,BRM,TV,2024,,,https://drive.google.com/file/d/1Go5IedPPEb4oMNhxREJI3TVUIZWbf5eJ/view?usp=drive_link,WK,6,08. August 2024 Traffic Instructions.xlsx,
WK-BHAM-0224-06_15 Insurance Experts.mpg,Insurance Experts,BE,BRM,TV,2024,,,https://drive.google.com/file/d/1Go5IedPPEb4oMNhxREJI3TVUIZWbf5eJ/view?usp=drive_link,WK,6,02. February 2024 Traffic Instructions.xlsx,
WK-BHAM-0224-07_30 Communication.mpg,Communication,30,BRM,TV,2024,,,https://drive.google.com/file/d/12TZaMmJbKVutfymjxnfTlCLIelmYcQxp/view?usp=drive_link,WK,4,02. February 2024 Traffic Instructions.xlsx,
WK-BHAM-0224-08_15 Communication,Communication,BE,BRM,TV,2024,,,https://drive.google.com/file/d/1YOLvAICfgFAe6mZ_8ijFQeV96bks4dYo/view?usp=drive_link,WK,5,10. October 2024 Traffic Instructions.xlsx,
WK-BHAM-0224-08_15 Communication.mpg,Communication,BE,BRM,TV,2024,,,https://drive.google.com/file/d/1YOLvAICfgFAe6mZ_8ijFQeV96bks4dYo/view?usp=drive_link,WK,4,02. February 2024 Traffic Instructions.xlsx,
WK-BHAM-0224-09_30 Auto Accidents,Auto Accidents,30,BRM,TV,2024,Car Wreck,,https://drive.google.com/file/d/1_qA4QBMICf-LPgL2eECdPPGbrlVWax8N/view?usp=drive_link,WK,6,08. August 2024 Traffic Instructions.xlsx,
WK-BHAM-0224-09_30 Auto Accidents.mpg,Auto Accidents,30,BRM,TV,2024,Car Wreck,,https://drive.google.com/file/d/1_qA4QBMICf-LPgL2eECdPPGbrlVWax8N/view?usp=drive_link,WK,4,02. February 2024 Traffic Instructions.xlsx,
WK-BHAM-0224-10_15 Auto Accidents 15,Auto Accidents,BE,BRM,TV,2024,Car Wreck,,https://drive.google.com/file/d/1XcytGae9uPNBkmUQI8UcGu9_agMk91if/view?usp=drive_link,WK,4,08. August 2024 Traffic Instructions.xlsx,
WK-BHAM-0224-10_15 Auto Accidents 15.mpg,Auto Accidents,BE,BRM,TV,2024,Car Wreck,,https://drive.google.com/file/d/1XcytGae9uPNBkmUQI8UcGu9_agMk91if/view?usp=drive_link,WK,3,02. February 2024 Traffic Instructions.xlsx,
WK-BHAM-0224-11_30 Commercial Vehicles,Commercial Vehicles,30,BRM,TV,2024,,,https://drive.google.com/file/d/1zlGTK3LVGFmwCGcShZ_o1e96k1cOATfw/view?usp=drive_link,WK,4,08. August 2024 Traffic Instructions.xlsx,
WK-BHAM-0224-11_30 Commercial Vehicles.mpg,Commercial Vehicles,30,BRM,TV,2024,,,https://drive.google.com/file/d/1zlGTK3LVGFmwCGcShZ_o1e96k1cOATfw/view?usp=drive_link,WK,3,02. February 2024 Traffic Instructions.xlsx,
WK-BHAM-0224-12_15 Commercial Vehicles,Commercial Vehicles,BE,BRM,TV,2024,,,https://drive.google.com/file/d/1XsibpOyg7sjuDr8nLmwfjGzAck6UeosY/view?usp=drive_link,WK,4,08. August 2024 Traffic Instructions.xlsx,
WK-BHAM-0224-12_15 Commercial Vehicles.mpg,Commercial Vehicles,BE,BRM,TV,2024,,,https://drive.google.com/file/d/1XsibpOyg7sjuDr8nLmwfjGzAck6UeosY/view?usp=drive_link,WK,3,02. February 2024 Traffic Instructions.xlsx,
WK-BHAM-0224-13_30 Premises Liability,Premises Liability,30,BRM,TV,2024,Premise Injury,,https://drive.google.com/file/d/14lqFaxbvk1a0vzw46KH35-CkQO8xtKQp/view?usp=drive_link,WK,4,December 2024 Traffic Instructions.xlsx,
WK-BHAM-0224-13_30 Premises Liability.mpg,Premises Liability,30,BRM,TV,2024,Premise Injury,,https://drive.google.com/file/d/14lqFaxbvk1a0vzw46KH35-CkQO8xtKQp/view?usp=drive_link,WK,11,02. February 2024 Traffic Instructions.xlsx,
WK-BHAM-0224-14_15 Premises Liability,Premises Liability,BE,BRM,TV,2024,Premise Injury,,https://drive.google.com/file/d/1NjagBtK17eqvqNN2bB8DDQ3uK_ClVpLc/view?usp=drive_link,WK,3,December 2024 Traffic Instructions.xlsx,
WK-BHAM-0224-14_15 Premises Liability.mpg,Premises Liability,BE,BRM,TV,2024,Premise Injury,,https://drive.google.com/file/d/1NjagBtK17eqvqNN2bB8DDQ3uK_ClVpLc/view?usp=drive_link,WK,10,02. February 2024 Traffic Instructions.xlsx,
WK-BHAM-0224-15_15 On The Job Injury,On The Job Injury,BE,BRM,TV,2024,Job Injury,,https://drive.google.com/file/d/1TNTFdN8oWehrR6QeAfNl_yAB_MbxMn_Z/view?usp=drive_link,WK,10,December 2024 Traffic Instructions.xlsx,
WK-BHAM-0224-15_15 On The Job Injury.mpg,On The Job Injury,BE,BRM,TV,2024,Job Injury,,https://drive.google.com/file/d/1TNTFdN8oWehrR6QeAfNl_yAB_MbxMn_Z/view?usp=drive_link,WK,10,02. February 2024 Traffic Instructions.xlsx,
WK-BHAM-0224-16_30 On The Job Injury,On The Job Injury,30,BRM,TV,2024,Job Injury,,https://drive.google.com/file/d/16Avikrhj4C6baNTVtuaAwD7TIrKiaibS/view?usp=drive_link,WK,9,December 2024 Traffic Instructions.xlsx,
WK-BHAM-0224-16_30 On The Job Injury.mpg,On The Job Injury,30,BRM,TV,2024,Job Injury,,https://drive.google.com/file/d/16Avikrhj4C6baNTVtuaAwD7TIrKiaibS/view?usp=drive_link,WK,14,02. February 2024 Traffic Instructions.xlsx,
WK-BHAM-0224-17_30 More To Us,More To Us,30,BRM,TV,2024,,,https://drive.google.com/file/d/1_dL0CoO-Cb8616zytdLDc3ekQQXN6epc/view?usp=drive_link,WK,7,08. August 2024 Traffic Instructions.xlsx,
WK-BHAM-0224-17_30 More To Us.mpg,More To Us,30,BRM,TV,2024,,,https://drive.google.com/file/d/1_dL0CoO-Cb8616zytdLDc3ekQQXN6epc/view?usp=drive_link,WK,3,02. February 2024 Traffic Instructions.xlsx,
WK-BHAM-0224-18_15 More To Us,More To Us,BE,BRM,TV,2024,,,https://drive.google.com/file/d/1akHSiR9PywBshM-dYsSL-840OJwUyCX1/view?usp=drive_link,WK,9,December 2024 Traffic Instructions.xlsx,
WK-BHAM-0224-18_15 More To Us.mpg,More To Us,BE,BRM,TV,2024,,,https://drive.google.com/file/d/1akHSiR9PywBshM-dYsSL-840OJwUyCX1/view?usp=drive_link,WK,7,02. February 2024 Traffic Instructions.xlsx,
WK-BHAM-0224-91-05_Commercial Vehicles,05 Commercial Vehicles,5,BRM,TV,2024,,,https://drive.google.com/file/d/1gHP-Qv1H8kJfbCEmWG_UCmqtjjKdfWlE/view?usp=drive_link,WK,4,08. August 2024 Traffic Instructions.xlsx,
WK-BHAM-0224-91-05_Commercial Vehicles.mpg,05 Commercial Vehicles,5,BRM,TV,2024,,,https://drive.google.com/file/d/1gHP-Qv1H8kJfbCEmWG_UCmqtjjKdfWlE/view?usp=drive_link,WK,5,03. March 2024 Traffic Instructions - NEW AV SPOTS.xlsx,
WK-BHAM-0224-92-10_Commercial Vehicles,10 Commercial Vehicles,10,BRM,TV,2024,,,https://drive.google.com/file/d/1akrVyr-XxUF70qfsPDLBUkLbbqKanR0L/view?usp=drive_link,WK,4,08. August 2024 Traffic Instructions.xlsx,
WK-BHAM-0224-92-10_Commercial Vehicles.mpg,10 Commercial Vehicles,10,BRM,TV,2024,,,https://drive.google.com/file/d/1akrVyr-XxUF70qfsPDLBUkLbbqKanR0L/view?usp=drive_link,WK,5,03. March 2024 Traffic Instructions - NEW AV SPOTS.xlsx,
WK-BHAM-0224-93-05_General Injury.mpg,05 General Injury,5,BRM,TV,2024,,,https://drive.google.com/file/d/1RJ3CNtf47KLNOUvRPwFwmicExTy425A-/view?usp=drive_link,WK,11,03. March 2024 Traffic Instructions - NEW AV SPOTS.xlsx,
WK-BHAM-0224-94-10_General Injury.mpg,10 General Injury,10,BRM,TV,2024,,,https://drive.google.com/file/d/1kqAE4KS4ZvSbjmIsbo-7QXO1etJTAF67/view?usp=drive_link,WK,11,03. March 2024 Traffic Instructions - NEW AV SPOTS.xlsx,
WK-BHAM-0224-95-05_On The Job Injury,05 On The Job Injury,5,BRM,TV,2024,Job Injury,,https://drive.google.com/file/d/1Vxo6OC97kPKWWu870WzOsnZ8VnsowIbe/view?usp=drive_link,WK,5,December 2024 Traffic Instructions.xlsx,
WK-BHAM-0224-95-05_On The Job Injury.mpg,05 On The Job Injury,5,BRM,TV,2024,Job Injury,,https://drive.google.com/file/d/1Vxo6OC97kPKWWu870WzOsnZ8VnsowIbe/view?usp=drive_link,WK,6,03. March 2024 Traffic Instructions - NEW AV SPOTS.xlsx,
WK-BHAM-0224-96-10_On The Job Injury,10 On The Job Injury,10,BRM,TV,2024,Job Injury,,https://drive.google.com/file/d/1yGbhEMGESv07FwO50XfW0VLakwjJeJbr/view?usp=drive_link,WK,5,December 2024 Traffic Instructions.xlsx,
WK-BHAM-0224-96-10_On The Job Injury.mpg,10 On The Job Injury,10,BRM,TV,2024,Job Injury,,https://drive.google.com/file/d/1yGbhEMGESv07FwO50XfW0VLakwjJeJbr/view?usp=drive_link,WK,6,03. March 2024 Traffic Instructions - NEW AV SPOTS.xlsx,
WK-BHAM-0224-97-05_Premises Liability.mpg,05 Premises Liability,5,BRM,TV,2024,Premise Injury,,https://drive.google.com/file/d/1Expc3Eyvaq_Shd0J9BaXGQJl8wwVHlIG/view?usp=drive_link,WK,5,03. March 2024 Traffic Instructions - NEW AV SPOTS.xlsx,
WK-BHAM-0224-98-10_Premises Liability.mpg,10 Premises Liability,10,BRM,TV,2024,Premise Injury,,https://drive.google.com/file/d/1ovL_CiOyUIc3Vc6IEuJ0S94uWLbR6KBj/view?usp=drive_link,WK,5,03. March 2024 Traffic Instructions - NEW AV SPOTS.xlsx,
WK-BHAM-0224-99-04_General Injury.mpg,04 General Injury,4,BRM,TV,2024,,,https://drive.google.com/file/d/1BWzHmskMGmt9DVKYr7w6BybbLBp8HqK6/view?usp=drive_link,WK,11,03. March 2024 Traffic Instructions - NEW AV SPOTS.xlsx,
WK-BHAM-0324-01_30 Car Wreck,Car Wreck,30,BRM,TV,2024,Car Wreck,,https://drive.google.com/file/d/1ziEW5AQdHwtnR6falzPLQC5D4_lI-tss/view?usp=drive_link,WK,13,09. September 2024 Traffic Instructions.xlsx,
WK-BHAM-0324-01_30 Car Wreck.mpg,Car Wreck,30,BRM,TV,2024,Car Wreck,,https://drive.google.com/file/d/1ziEW5AQdHwtnR6falzPLQC5D4_lI-tss/view?usp=drive_link,WK,10,04. April-May 2024 Traffic Instructions.xlsx,
WK-BHAM-0324-02_15 Car Wreck,Car Wreck,BE,BRM,TV,2024,Car Wreck,,https://drive.google.com/file/d/1ZlYX6X5m2y_8GNkXWTmo2rZeojfWPSGX/view?usp=drive_link,WK,9,09. September 2024 Traffic Instructions.xlsx,
WK-BHAM-0324-02_15 Car Wreck.mpg,Car Wreck,BE,BRM,TV,2024,Car Wreck,,https://drive.google.com/file/d/1ZlYX6X5m2y_8GNkXWTmo2rZeojfWPSGX/view?usp=drive_link,WK,3,04. April-May 2024 Traffic Instructions.xlsx,
WK-BHAM-0324-02_15 Car Wreck.mpgmpg,Car Wreck,BE,BRM,TV,2024,Car Wreck,,https://drive.google.com/file/d/1ZlYX6X5m2y_8GNkXWTmo2rZeojfWPSGX/view?usp=drive_link,WK,2,07. July 2024 Traffic Instructions.xlsx,
WK-BHAM-0324-03_30 Trucking Accident,Trucking Accident,30,BRM,TV,2024,Trucking,,https://drive.google.com/file/d/1qTXbXZ7lL9_YXr7fASoLO_h48McN_4Ox/view?usp=drive_link,WK,3,09. September 2024 Traffic Instructions.xlsx,
WK-BHAM-0324-03_30 Trucking Accident.mpg,Trucking Accident,30,BRM,TV,2024,Trucking,,https://drive.google.com/file/d/1qTXbXZ7lL9_YXr7fASoLO_h48McN_4Ox/view?usp=drive_link,WK,9,04. April-May 2024 Traffic Instructions.xlsx,
WK-BHAM-0324-04_15 Trucking Accident,Trucking Accident,BE,BRM,TV,2024,Trucking,,https://drive.google.com/file/d/10dKvpOY76ZZrjvLKSmeAfrmwD2oeNJxB/view?usp=drive_link,WK,6,08. August 2024 Traffic Instructions.xlsx,
WK-BHAM-0324-04_15 Trucking Accident.mpg,Trucking Accident,BE,BRM,TV,2024,Trucking,,https://drive.google.com/file/d/10dKvpOY76ZZrjvLKSmeAfrmwD2oeNJxB/view?usp=drive_link,WK,4,04. April-May 2024 Traffic Instructions.xlsx,
WK-BHAM-0324-05_30 Commercial Accidents,Commercial Accidents,30,BRM,TV,2024,Trucking,,https://drive.google.com/file/d/1EafWuAORWdkTw3p48aNIS-Pr9Zxzk9bG/view?usp=drive_link,WK,3,01. January2025 x2 Traffic Instructions.xlsx,
WK-BHAM-0324-05_30 Commercial Accidents.mpg,Commercial Accidents,30,BRM,TV,2024,Trucking,,https://drive.google.com/file/d/1EafWuAORWdkTw3p48aNIS-Pr9Zxzk9bG/view?usp=drive_link,WK,5,04. April-May 2024 Traffic Instructions.xlsx,
WK-BHAM-0324-06_15 Commercial Accidents,Commercial Accidents,BE,BRM,TV,2024,Trucking,,https://drive.google.com/file/d/125BLQKFygCSjRjdLcWs-9nf3qdLpRPwu/view?usp=drive_link,WK,4,01. January2025 x2 Traffic Instructions.xlsx,
WK-BHAM-0324-06_15 Commercial Accidents.mpg,Commercial Accidents,BE,BRM,TV,2024,Trucking,,https://drive.google.com/file/d/125BLQKFygCSjRjdLcWs-9nf3qdLpRPwu/view?usp=drive_link,WK,3,04. April-May 2024 Traffic Instructions.xlsx,
WK-BHAM-0324-07 Weekends.mpg,Weekends,30,BRM,TV,2024,,,https://drive.google.com/file/d/1JBJ5q3kg3QDwcHJrgxpmJh-SPpPbOVak/view?usp=drive_link,WK,11,04. April-May 2024 Traffic Instructions.xlsx,
WK-BHAM-0324-07_30 Weekends.mpg,Weekends,30,BRM,TV,2024,,,https://drive.google.com/file/d/1JBJ5q3kg3QDwcHJrgxpmJh-SPpPbOVak/view?usp=drive_link,WK,3,01. January2025 x2 Traffic Instructions.xlsx,
WK-BHAM-0524-91_05 Auto Accidents,Auto Accidents,5,BRM,TV,2024,Car Wreck,,https://drive.google.com/file/d/12hY4C25Qw0mt64GOK9bxXEK8lu6RLMQJ/view?usp=drive_link,WK,4,01. January2025 x2 Traffic Instructions.xlsx,
WK-BHAM-0524-92_10 Auto Accidents,Auto Accidents,10,BRM,TV,2024,Car Wreck,,https://drive.google.com/file/d/1NJZMLC1lLPHo-eho6GKQ-yLZmY3qk0fu/view?usp=drive_link,WK,4,01. January2025 x2 Traffic Instructions.xlsx,
WK-BHAM-0924-07_30 Communications,Communications,30,BRM,TV,2024,,,https://drive.google.com/file/d/1cYTs2JiDwyQFcGHm-m7BXfKdEI4VUVh6/view?usp=drive_link,WK,2,Thanksgiving Spot November 2024 Traffic Instructions.xlsx,
WK-BHAM-0125-01-30_There Is A Firm,30 There Is A Firm,30,BRM,TV,2025,Brand,,https://drive.google.com/file/d/1U-cVMsqtu0O0xkU5TnacethOgWt841_f/view?usp=drive_link,WK,5,01. January 2025 Traffic Instructions.xlsx,
WK-BHAM-0125-02-15_There Is A Firm,15 There Is A Firm,BE,BRM,TV,2025,Brand,,https://drive.google.com/file/d/1_vvQ3DQcDJLtL4rhfe-Kvj_ZnS1RI-RK/view?usp=drive_link,WK,15,01. January 2025 Traffic Instructions.xlsx,
WK-BHAM-0125-03-30_Weekends,30 Weekends,30,BRM,TV,2025,,,https://drive.google.com/file/d/13-f-sTP8CqKw2DekjKtXdzHdwELmicZA/view?usp=drive_link,WK,2,01. January 2025 Traffic Instructions.xlsx,
WK-BHAM-0125-04-15_Weekends,15 Weekends,BE,BRM,TV,2025,,,https://drive.google.com/file/d/1Et1Q7orMnvt6spFkoO84rWA4IKfR0sYH/view?usp=drive_link,WK,4,01. January 2025 Traffic Instructions.xlsx,
WK-BHAM-0125-05-30_Commercial Accident,30 Commercial Accident,30,BRM,TV,2025,Trucking,,https://drive.google.com/file/d/1K86DZ58I0jr18aeQQWyTeZrSPlL6M8UF/view?usp=drive_link,WK,2,01. January 2025 Traffic Instructions.xlsx,
WK-BHAM-0125-06-15_Commercial Accident,15 Commercial Accident,BE,BRM,TV,2025,Trucking,,https://drive.google.com/file/d/1yem8hA6yQ7KOn1yQT_BELECHbGM4xe4n/view?usp=drive_link,WK,4,01. January 2025 Traffic Instructions.xlsx,
WK-BHAM-0125-07-30_Car Wreck,30 Car Wreck,30,BRM,TV,2025,Car Wreck,,https://drive.google.com/file/d/1C3R_xQlG8TBd4jqx_veAg8rOCCimE0mh/view?usp=drive_link,WK,4,01. January 2025 Traffic Instructions.xlsx,
WK-BHAM-0125-08-15_Car Wreck,15 Car Wreck,BE,BRM,TV,2025,Car Wreck,,https://drive.google.com/file/d/1wUWkojpjlNqBiVSUBqpWk3bTppj4Ucbm/view?usp=drive_link,WK,6,01. January 2025 Traffic Instructions.xlsx,
WK-BHAM-0125-09-30_Injury,30 Injury,30,BRM,TV,2025,,,https://drive.google.com/file/d/1J-l9fJSDKNfzePFseE9CVkOIlJxSY4Hs/view?usp=drive_link,WK,2,01. January 2025 Traffic Instructions.xlsx,
WK-BHAM-0125-10-15_Injury,15 Injury,BE,BRM,TV,2025,,,https://drive.google.com/file/d/1syAyR7RUKNdJzbAbHsRcfxghcGp06Fku/view?usp=drive_link,WK,2,01. January 2025 Traffic Instructions.xlsx,
WK-BHAM-0125-88-04_Personal,04 Personal,4,BRM,TV,2025,,,https://drive.google.com/file/d/1wrq3KQhcKuWXAri2Lg6SBMrcBQtCUStL/view?usp=drive_link,WK,4,01. January 2025 Traffic Instructions.xlsx,
WK-BHAM-0125-90-10_Car Wreck,10 Car Wreck,10,BRM,TV,2025,Car Wreck,,https://drive.google.com/file/d/1sQievyXv04h25BzLgVdsCW5wesoFLKza/view?usp=drive_link,WK,2,01. January 2025 Traffic Instructions.xlsx,
WK-BHAM-0125-91-05_Car Wreck,05 Car Wreck,5,BRM,TV,2025,Car Wreck,,https://drive.google.com/file/d/1Vt9HXfC5NZLc1CEj-XegtbYiXqZKI-FB/view?usp=drive_link,WK,2,01. January 2025 Traffic Instructions.xlsx,
WK-BHAM-0125-92-10_Injury,10 Injury,10,BRM,TV,2025,,,https://drive.google.com/file/d/12XRrW5jxWA-5FgfsreyGk9-ebwepZSS-/view?usp=drive_link,WK,2,01. January 2025 Traffic Instructions.xlsx,
WK-BHAM-0125-93-05_Injury,05 Injury,5,BRM,TV,2025,,,https://drive.google.com/file/d/1yRtqsjQYl2ul0GfAooBKfPkTro_-WtRB/view?usp=drive_link,WK,2,01. January 2025 Traffic Instructions.xlsx,
WK-BHAM-0325-01-15_Weekends,15 Weekends,BE,BRM,TV,2025,,,https://drive.google.com/file/d/1YeQL5IIyPJhrCkb1uP8R4nQzEcKaGR7o/view?usp=drive_link,WK,18,02. February 2025 Traffic Instructions.xlsx,
WK-BHAM-0325-02-30_Weekends,30 Weekends,30,BRM,TV,2025,,,https://drive.google.com/file/d/1l-glresPpFUz-GCC-9tqHrbUkdvKuDLn/view?usp=drive_link,WK,9,02. February 2025 Traffic Instructions.xlsx,
WK-BHAM-0325-03-15_Car Wreck 3step,15 Car Wreck 3step,BE,BRM,TV,2025,Car Wreck,,https://drive.google.com/file/d/1MDLNwXjNzBqbDuHD3rvJedgMGmVhC00-/view?usp=drive_link,WK,12,02. February 2025 Traffic Instructions.xlsx,
WK-BHAM-0325-04-30_Car Wreck 3step,30 Car Wreck 3step,30,BRM,TV,2025,Car Wreck,,https://drive.google.com/file/d/1B6Ya1Yyen0fs9tD9m4yurXSHP-_oFk04/view?usp=drive_link,WK,3,02. February 2025 Traffic Instructions.xlsx,
WK-BHAM-0325-05-15_Working Man,15 Working Man,BE,BRM,TV,2025,Job Injury,,https://drive.google.com/file/d/1uhrnTVlv7qjoLPjpT_H7DPcosrRq0da2/view?usp=drive_link,WK,11,02. February 2025 Traffic Instructions.xlsx,
WK-BHAM-0325-06-30_ Working Man,30  Working Man,30,BRM,TV,2025,Job Injury,,https://drive.google.com/file/d/1_7tElGMYSqvZky-Dt0icRUqe2LiCIu4L/view?usp=drive_link,WK,3,02. February 2025 Traffic Instructions.xlsx,
WK-BHAM-0325-07-15_Premise,15 Premise,BE,BRM,TV,2025,Premise Injury,,https://drive.google.com/file/d/189op7KNR59m69i4pAxZ6JmumdJ6cBqNO/view?usp=drive_link,WK,4,03. March 2025 Traffic Instructions.xlsx,
WK-BHAM-0325-07-15_Premise Injury,15 Premise Injury,BE,BRM,TV,2025,Premise Injury,,https://drive.google.com/file/d/1zo1dxHGu2hlVuIFzv8yuS3X1l9EEP8St/view?usp=drive_link,WK,1,08. August 2025 Traffic Instructions.xlsx,
WK-BHAM-0325-08-30_ Premise,30  Premise,30,BRM,TV,2025,Premise Injury,,https://drive.google.com/file/d/1kIwdYsQg_DQYpEanEKmL4UwB1sFeyRXv/view?usp=drive_link,WK,1,03. March 2025 Traffic Instructions.xlsx,
WK-BHAM-0325-09-15_Branding Legacy,15 Branding Legacy,BE,BRM,TV,2025,Brand,,https://drive.google.com/file/d/1UTPS-7lonL4FGi1XjMlFIpdd1M03qD34/view?usp=drive_link,WK,1,03. March 2025 Traffic Instructions.xlsx,
WK-BHAM-0325-10-30_Branding Legacy,30 Branding Legacy,30,BRM,TV,2025,Brand,,https://drive.google.com/file/d/1JAbL1K9WJkvt6ux-9joljZSXjiOmog1Z/view?usp=drive_link,WK,6,03. March 2025 Traffic Instructions.xlsx,
WK-BHAM-0325-11-15_Trucking 2,15 Trucking 2,BE,BRM,TV,2025,Trucking,,https://drive.google.com/file/d/15vmddfwC-TCrTQQWNr1FH-GfoY0me5Zm/view?usp=drive_link,WK,12,03. March 2025 Traffic Instructions.xlsx,
WK-BHAM-0325-12-30_Trucking 2,30 Trucking 2,30,BRM,TV,2025,Trucking,,https://drive.google.com/file/d/1OzFDZUk8B8OVNHX7oZ-kgqL1VkdQD3zH/view?usp=drive_link,WK,1,03. March 2025 Traffic Instructions.xlsx,
WK-BHAM-0325-14-30_Different,30 Different,30,BRM,TV,2025,Brand,,https://drive.google.com/file/d/1ZOjh5IsNx6YXRLgyTbThFx6_hVDv3WYq/view?usp=drive_link,WK,7,04. April 2025 Traffic Instructions.xlsx,
WK-BHAM-0325-15-15_Commercial Accident,15 Commercial Accident,BE,BRM,TV,2025,Trucking,,https://drive.google.com/file/d/1YI3GnlMZqaudFdo1T3pc7wVK8aAPtIod/view?usp=drive_link,WK,3,04. April 2025 Traffic Instructions.xlsx,
WK-BHAM-0325-18-30_Mother’s Wreck,30 Mother’s Wreck,30,BRM,TV,2025,Car Wreck,,https://drive.google.com/file/d/11PvJfd1yxSz9Zpg1rcsua_QfYV39QKNn/view?usp=drive_link,WK,10,04. April 2025 Traffic Instructions.xlsx,
WK-BHAM-0325-19-15_Distracted Cell Phones,15 Distracted Cell Phones,BE,BRM,TV,2025,Car Wreck,,https://drive.google.com/file/d/1vx0tG4IY1TanlYeGtgBc22BmmKXRuaQq/view?usp=drive_link,WK,8,03. March 2025 Traffic Instructions.xlsx,
WK-BHAM-0325-20-30_ Distracted Cell Phones,30  Distracted Cell Phones,30,BRM,TV,2025,Car Wreck,,https://drive.google.com/file/d/1rW82dD0V36tFT-pvRRBDC0slGBoIgAGv/view?usp=drive_link,WK,2,03. March 2025 Traffic Instructions.xlsx,
WK-BHAM-0325-88-04_Personal,04 Personal,4,BRM,TV,2025,,,https://drive.google.com/file/d/1e8oiRDACr8gkNGUnJLfCsfS3b1CP8Q6L/view?usp=drive_link,WK,9,02. February 2025 Traffic Instructions.xlsx,
WK-BHAM-0325-91-05_Car Wreck,05 Car Wreck,5,BRM,TV,2025,Car Wreck,,https://drive.google.com/file/d/1BOMKYNwGg_GORdSpFKpAQT4WGaJxu5Gs/view?usp=drive_link,WK,7,04. April 2025 Traffic Instructions.xlsx,
WK-BHAM-0325-92-10_Car Wreck,10 Car Wreck,10,BRM,TV,2025,Car Wreck,,https://drive.google.com/file/d/1sv3q-i8IL0G0I9tOS1TFMR1ZiWMfrsYB/view?usp=drive_link,WK,7,04. April 2025 Traffic Instructions.xlsx,
WK-BHAM-0325-93-05_Premise Injury,05 Premise Injury,5,BRM,TV,2025,Premise Injury,,https://drive.google.com/file/d/1ESy95KZPM2U2iSqznu1rbZNCLkBYW_a3/view?usp=drive_link,WK,7,04. April 2025 Traffic Instructions.xlsx,
WK-BHAM-0325-94-10_Premise Injury,10 Premise Injury,10,BRM,TV,2025,Premise Injury,,https://drive.google.com/file/d/15q9NmffVHFRX9rbScHkBhboyOOwD8tNc/view?usp=drive_link,WK,7,04. April 2025 Traffic Instructions.xlsx,
WK-BHAM-0425-01-30_There Is A Firm,30 There Is A Firm,30,BRM,TV,2025,Brand,,https://drive.google.com/file/d/1J_vBI2xlZcOKqVq8No3lpzryk-g9dcVl/view?usp=drive_link,WK,2,04. April 2025 Traffic Instructions.xlsx,
WK-BHAM-0525-01-15_Car Wreck,15 Car Wreck,BE,BRM,TV,2025,Car Wreck,,https://drive.google.com/file/d/1KDl_zcTzCC5nYLJwnNplnqj7LEYWnuD6/view?usp=drive_link,WK,11,06. June 2025 Traffic Instructions.xlsx,
WK-BHAM-0525-03-15_Trucking Accident,15 Trucking Accident,BE,BRM,TV,2025,Trucking,,https://drive.google.com/file/d/1gpPvt77RRQDvzEvnwNYArakkMOXFT5Pd/view?usp=drive_link,WK,3,06. June 2025 Traffic Instructions.xlsx,
WK-BHAM-0525-05-15_Work Comp,15 Work Comp,BE,BRM,TV,2025,Job Injury,,https://drive.google.com/file/d/1SuP0DwO3f-3_wpQanCLa4OTAHh2he5TD/view?usp=drive_link,WK,9,06. June 2025 Traffic Instructions.xlsx,
WK-BHAM-0625-07-15_Commercial Vehicle,15 Commercial Vehicle,BE,BRM,TV,2025,,,https://drive.google.com/file/d/1fM95IuHC38OsXZr6qleyPN1P_P5rmH3N/view?usp=drive_link,WK,5,07. July 2025 Traffic Instructions.xlsx,
WK-BHAM-0625-08-15_Premise Injury,15 Premise Injury,BE,BRM,TV,2025,Premise Injury,,https://drive.google.com/file/d/1vHZ3R_489DZP_GBwDy3VvBBtiHKx4yXw/view?usp=drive_link,WK,7,07. July 2025 Traffic Instructions.xlsx,
WK-BHAM-0825-01-30_Local Lawyers,30 Local Lawyers,30,BRM,TV,2025,,,https://drive.google.com/file/d/1qQdDpdjdn3EolPAfPhyrr9rAFdg0tP0-/view?usp=drive_link,WK,3,08. August 2025 Traffic Instructions.xlsx,
WK-BHAM-0825-02-30_Personal,30 Personal,30,BRM,TV,2025,,,https://drive.google.com/file/d/12-Ek3LDNHWfdJpY0oaOTOVS72lugaJdB/view?usp=drive_link,WK,3,09. September 2025 Traffic Instructions.xlsx,
WK-BHAM-0825-03-30_Award Winning,30 Award Winning,30,BRM,TV,2025,,,https://drive.google.com/file/d/13XZdfJfzcfQA1d30lnrZ5ERYAMKBGZyB/view?usp=drive_link,WK,1,10. October 2025 Traffic Instructions.xlsx,
WK-CHAT-0120-05-REV_Motorcycle_30.mpg,REV Motorcycle,30,CHA,TV,2020,Motorcycle,,https://drive.google.com/file/d/1W342XSu3xjjnEDvr8SwqddnBtk0s4l2m/view?usp=drive_link,WK,1,June-August 2023 Traffic Instructions.xlsx,
WK-CHAT-0120-07-REV-Motorcycle_10.mpg,REV Motorcycle,10,CHA,TV,2020,Motorcycle,,,WK,2,August-October 2022 Traffic Instructions.xlsx,
WK-CHAT-0120-11_REV-Distracted_10.mpg,Distracted,10,CHA,TV,2020,Car Wreck,,,WK,2,August-October 2022 Traffic Instructions.xlsx,
WK-CHAT-0120-12-REV_Distracted_05.mpg,REV Distracted,5,CHA,TV,2020,Car Wreck,,good,WK,4,August-October 2022 Traffic Instructions.xlsx,
WK-CHAT-0120-12_Distracted_05,WK-CHAT-0120-12_Distracted_05,5,CHA,TV,2020,Car Wreck,,,WK,2,August-October 2022 Traffic Instructions.xlsx,
WK-CHAT-0320-02-REV_Motorcycle_15b.mpg,REV Motorcycle,BE,CHA,TV,2020,Motorcycle,,https://drive.google.com/file/d/17NKC6nKU0i5Il2ecc95S4Gs3gieIo-w9/view?usp=drive_link,WK,1,June-August 2023 Traffic Instructions.xlsx,
WK-CHAT-0620-01_18Wheeler_30.mpg,WK-CHAT-0620-01_18Wheeler_30.mpg,30,CHA,TV,2020,Trucking,,,WK,3,April-May 2023 Traffic Instructions.xlsx,
WK-CHAT-0620-03_18Wheeler_15b.mpg,WK-CHAT-0620-03_18Wheeler_15b.mpg,BE,CHA,TV,2020,Trucking,,https://drive.google.com/file/d/1gtB9sorkRPdJyh7_4IXoTL7kn-Mm79Xf/view?usp=drive_link,WK,3,April-May 2023 Traffic Instructions.xlsx,
WK-CHAT-0620-10_CarCrashImage_30.mpg,WK-CHAT-0620-10_CarCrashImage_30.mpg,30,CHA,TV,2020,Car Wreck,,https://drive.google.com/file/d/1LdwoTSFSf3Pzu_Fm5X2HN3UmjC5gRRqF/view?usp=drive_link,WK,1,June-August 2023 Traffic Instructions.xlsx,
WK-CHAT-0620-12_CarCrashImage_15B.mpg,WK-CHAT-0620-12_CarCrashImage_15B.mpg,BE,CHA,TV,2020,Car Wreck,,https://drive.google.com/file/d/19ckrrM86dGGpmeMEwyjt2gqVyXMIWqJq/view?usp=drive_link,WK,1,June-August 2023 Traffic Instructions.xlsx,
WK-CHAT-0620-16_Puzzle_30.mpg,WK-CHAT-0620-16_Puzzle_30.mpg,30,CHA,TV,2020,Brand,,https://drive.google.com/file/d/1eKiFdWo7Kius8_K8f1xUEE6RsDzPKUHb/view?usp=drive_link,WK,1,June-August 2023 Traffic Instructions.xlsx,
WK-CHAT-0620-25_Workers_30.mpg,WK-CHAT-0620-25_Workers_30.mpg,30,CHA,TV,2020,Job Injury,,good,WK,5,August-October 2022 Traffic Instructions.xlsx,
WK-CHAT-0620-26_Workers_15A.mpg,WK-CHAT-0620-26_Workers_15A.mpg,BE,CHA,TV,2020,Job Injury,,good,WK,4,August-October 2022 Traffic Instructions.xlsx,
WK-CHAT-0620-28_WorkingMan_30.mpg,WK-CHAT-0620-28_WorkingMan_30.mpg,30,CHA,TV,2020,,,https://drive.google.com/file/d/1yStJOtVXEGRPHgr_8-NG_acM8tWLLz4p/view?usp=drive_link,WK,4,August-October 2022 Traffic Instructions.xlsx,
WK-CHAT-0620-29_WorkingMan_15A.mpg,WK-CHAT-0620-29_WorkingMan_15A.mpg,BE,CHA,TV,2020,,,https://drive.google.com/file/d/1H64Z6GOxgr6T28ueRhLNknF9k2zjo6y6/view?usp=drive_link,WK,4,August-October 2022 Traffic Instructions.xlsx,
WK-CHAT-0121-01_18Wheeler_10.mpg,WK-CHAT-0121-01_18Wheeler_10.mpg,10,CHA,TV,2021,Trucking,,good,WK,4,August-October 2022 Traffic Instructions.xlsx,
WK-CHAT-0121-03_CarCrashImage_10.mpg,WK-CHAT-0121-03_CarCrashImage_10.mpg,10,CHA,TV,2021,Car Wreck,,https://drive.google.com/file/d/1ForP7rMypbGN8sp9qbs5iPXLk87UkrVj/view?usp=drive_link,WK,1,June-August 2023 Traffic Instructions.xlsx,
WK-CHAT-0121-04_CarCrashImage_05.mpg,WK-CHAT-0121-04_CarCrashImage_05.mpg,5,CHA,TV,2021,Car Wreck,,https://drive.google.com/file/d/1WWiViKRI2Gd-t2B9HE3PUQxIJrbb2YJv/view?usp=drive_link,WK,1,June-August 2023 Traffic Instructions.xlsx,
WK-CHAT-0121-07_Workers_10.mpg,WK-CHAT-0121-07_Workers_10.mpg,10,CHA,TV,2021,Job Injury,,good,WK,4,August-October 2022 Traffic Instructions.xlsx,
WK-CHAT-0121-08_Workers_05.mpg,WK-CHAT-0121-08_Workers_05.mpg,5,CHA,TV,2021,Job Injury,,good,WK,4,August-October 2022 Traffic Instructions.xlsx,
WK-CHAT-0121-11_NameKnow_05,WK-CHAT-0121-11_NameKnow_05,5,CHA,TV,2021,,,,WK,2,August-October 2022 Traffic Instructions.xlsx,
WK-CHAT-0121-12_Shattered_10.mpg,WK-CHAT-0121-12_Shattered_10.mpg,10,CHA,TV,2021,Brand,,https://drive.google.com/file/d/1e0hVmWwmHbhcxXm0X5m5eYpR4no_Qp_i/view?usp=drive_link,WK,1,June-August 2023 Traffic Instructions.xlsx,
WK-CHAT-0121-13_Shattered_05.mpg,WK-CHAT-0121-13_Shattered_05.mpg,5,CHA,TV,2021,Brand,,https://drive.google.com/file/d/1cIXTm2qCKF98B579WvucFSCyQhd_CXGy/view?usp=drive_link,WK,1,June-August 2023 Traffic Instructions.xlsx,
WK-CHAT-0421-01_04sec.mpg,WK-CHAT-0421-01_04sec.mpg,4,CHA,TV,2021,,,good,WK,5,August-October 2022 Traffic Instructions.xlsx,
WK-CHAT -0421-01_04sec,WK CHAT  0421 01 04sec,,CHA,TV,2022,,,,WK,2,August-October 2022 Traffic Instructions.xlsx,
WK-CHAT-0622-01_Commercial-Accident-30.mpg,Accident,30,CHA,TV,2022,,,good,WK,2,August-October 2022 Traffic Instructions.xlsx,
WK-CHAT-0622-02_Commercial-Accident-15A.mpg,Accident,BE,CHA,TV,2022,,,good,WK,2,August-October 2022 Traffic Instructions.xlsx,
WK-CHAT-0622-03_Commercial-Accident-15B.mpg,Accident,BE,CHA,TV,2022,,,https://drive.google.com/file/d/1vxoRqjjjI7B-aBx_-Yzu0Ai5Yc7pG1V1/view?usp=drive_link,WK,6,Christmas Spot December 2023 Traffic Instructions.xlsx,
WK-CHAT-0622-04_Distracted-Cell-Phones-30.mpg,Cell Phones,30,CHA,TV,2022,,,good,WK,15,August-October 2022 Traffic Instructions.xlsx,
WK-CHAT-0622-05_Distracted-Cell-Phones-15A.mpg,Cell Phones,BE,CHA,TV,2022,,,https://drive.google.com/file/d/1jIJSz8-JHhEzR291umwdL0EV-L1HJiaG/view?usp=drive_link,WK,6,Christmas Spot December 2023 Traffic Instructions.xlsx,
WK-CHAT-0622-06_Distracted-Cell-Phones-15B.mpg,Cell Phones,BE,CHA,TV,2022,,,good,WK,6,August-October 2022 Traffic Instructions.xlsx,
WK-CHAT-0622-07_Headlines-18-Wheeler_30.mpg,18 Wheeler,30,CHA,TV,2022,Trucking,,,WK,2,August-October 2022 Traffic Instructions.xlsx,
WK-CHAT-0622-09-Headlines-18-Wheeler _15B.mpg,Headlines 18 Wheeler,BE,CHA,TV,2022,Trucking,,,WK,2,August-October 2022 Traffic Instructions.xlsx,
WK-CHAT-0622-10_Mothers-Wreck-30.mpg,Wreck,30,CHA,TV,2022,Car Wreck,,,WK,3,April-May 2023 Traffic Instructions.xlsx,
WK-CHAT-0622-10_Mothers-Wreck_30.mpg,Wreck,30,CHA,TV,2022,Car Wreck,,,WK,2,August-October 2022 Traffic Instructions.xlsx,
WK-CHAT-0622-11_Mothers-Wreck-15.mpg,Wreck,BE,CHA,TV,2022,Car Wreck,,https://drive.google.com/file/d/1KlDqCGRRg-jC_qouS3jLMOoXAuOwSjid/view?usp=drive_link,WK,10,August-October 2022 Traffic Instructions.xlsx,
WK-CHAT-0622-12_Parents 30.mpg,WK-CHAT-0622-12_Parents 30.mpg,30,CHA,TV,2022,,,good,WK,6,August-October 2022 Traffic Instructions.xlsx,
WK-CHAT-0622-13_Parents 15.mpg,WK-CHAT-0622-13_Parents 15.mpg,BE,CHA,TV,2022,,,good,WK,5,August-October 2022 Traffic Instructions.xlsx,
WK-CHAT-0622-15_Different 30.mpg,WK-CHAT-0622-15_Different 30.mpg,30,CHA,TV,2022,Brand,,good,WK,2,August-October 2022 Traffic Instructions.xlsx,
WK-CHAT-0622-16_Different 15A.mpg,WK-CHAT-0622-16_Different 15A.mpg,BE,CHA,TV,2022,Brand,,,WK,2,August-October 2022 Traffic Instructions.xlsx,
WK-CHAT-0622-18_Premise Injury 30.mpg,Injury,30,CHA,TV,2022,,,https://drive.google.com/file/d/19-tERGz-uLsFL-v9m7_kUO3hetB-yLbI/view?usp=drive_link,WK,10,Christmas Spot December 2023 Traffic Instructions.xlsx,
WK-CHAT-0622-18_PremiseInjury_30.mpg,WK-CHAT-0622-18_PremiseInjury_30.mpg,30,CHA,TV,2022,Premise Injury,,,WK,2,August-October 2022 Traffic Instructions.xlsx,
WK-CHAT-0622-19_Premise Injury 15a.mpg,Injury,BE,CHA,TV,2022,,,https://drive.google.com/file/d/1GI1TH5Xj1Rum2xq9Dh0PcZ0HXuUkha-W/view?usp=drive_link,WK,6,Christmas Spot December 2023 Traffic Instructions.xlsx,
WK-CHAT-0622-20_Premise Injury 15b.mpg,Injury,BE,CHA,TV,2022,,,https://drive.google.com/file/d/1U_VFT1VEvp3aOqbypU4QG6BdnUaQULss/view?usp=drive_link,WK,1,June-August 2023 Traffic Instructions.xlsx,
WK-CHAT-0622-21R_Things to Do Accident 30.mpg,to Do Accident,30,CHA,TV,2022,,,good,WK,5,August-October 2022 Traffic Instructions.xlsx,
WK-CHAT-0622-21R_ThingstoDoAccident_30.mpg,WK-CHAT-0622-21R_ThingstoDoAccident_30.mpg,30,CHA,TV,2022,,,,WK,2,August-October 2022 Traffic Instructions.xlsx,
WK-CHAT-0622-22R_Things to Do Accident 15A.mpg,to Do Accident,BE,CHA,TV,2022,,,good,WK,4,August-October 2022 Traffic Instructions.xlsx,
WK-CHAT-0622-22R_ThingtoDoAccident_15a.mpg,WK-CHAT-0622-22R_ThingtoDoAccident_15a.mpg,BE,CHA,TV,2022,,,,WK,2,August-October 2022 Traffic Instructions.xlsx,
WK-CHAT-0622–15_Different_30.mpg,WK CHAT 0622–15 Different,30,CHA,TV,2022,Brand,,,WK,2,August-October 2022 Traffic Instructions.xlsx,
WK-CHAT-0622–19_PremiseInjury_15a.mpg,WK CHAT 0622–19 PremiseInjury,BE,CHA,TV,2022,Premise Injury,,,WK,2,August-October 2022 Traffic Instructions.xlsx,
WK-CHAT-0722-01_More Than Size 30.mpg,Than Size,30,CHA,TV,2022,,,good,WK,6,August-October 2022 Traffic Instructions.xlsx,
WK-CHAT-0722-01_MoreThanSize_30.mpg,WK-CHAT-0722-01_MoreThanSize_30.mpg,30,CHA,TV,2022,,,,WK,2,August-October 2022 Traffic Instructions.xlsx,
WK-CHAT-0722-02_More Than Size 15.mpg,Than Size,BE,CHA,TV,2022,,,good,WK,5,August-October 2022 Traffic Instructions.xlsx,
WK-CHAT-0722-02_MoreThanSize_15.mpg,WK-CHAT-0722-02_MoreThanSize_15.mpg,BE,CHA,TV,2022,,,,WK,2,August-October 2022 Traffic Instructions.xlsx,
WK-CHAT-0722-03_Jonathan 30.mpg,WK-CHAT-0722-03_Jonathan 30.mpg,30,CHA,TV,2022,Testimonial,,https://drive.google.com/file/d/1UA4dKTCLqLNwnhBlDFkK1tifzJRM9VlV/view?usp=drive_link,WK,10,Christmas Spot December 2023 Traffic Instructions.xlsx,
WK-CHAT-0722-04_Jonathan 15.mpg,WK-CHAT-0722-04_Jonathan 15.mpg,BE,CHA,TV,2022,Testimonial,,https://drive.google.com/file/d/1pidIzBVE4LKMgB8XCbgOj_6Gi5gksTY3/view?usp=drive_link,WK,7,Christmas Spot December 2023 Traffic Instructions.xlsx,
WK-CHAT-0722-05_Options 30.mpg,WK-CHAT-0722-05_Options 30.mpg,30,CHA,TV,2022,Brand,,good,WK,5,August-October 2022 Traffic Instructions.xlsx,
WK-CHAT-0722-05_Options_30.mpg,WK-CHAT-0722-05_Options_30.mpg,30,CHA,TV,2022,Brand,,,WK,2,August-October 2022 Traffic Instructions.xlsx,
WK-CHAT-0722-06_Options 15.mpg,WK-CHAT-0722-06_Options 15.mpg,BE,CHA,TV,2022,Brand,,,WK,4,August-October 2022 Traffic Instructions.xlsx,
WK-CHAT-0722-06_Options_15.mpg,WK-CHAT-0722-06_Options_15.mpg,BE,CHA,TV,2022,Brand,,,WK,2,August-October 2022 Traffic Instructions.xlsx,
WK-1120-01 Thanksgiving.mpg,WK 1120 01 Thanksgiving,30,CHA,TV,2023,Seasonal,,https://drive.google.com/file/d/1XIDcD51INitEy1YISeYzXp2Dl7wg-JOw/view?usp=drive_link,WK,2,Thanksgiving Spot November 2023 Traffic Instructions.xlsx,
WK-1120-02 Thanksgiving 15.mpg,WK 1120 02 Thanksgiving,15,CHA,TV,2023,Seasonal,,https://drive.google.com/file/d/1VlIg9dzT03HkM1eCCyfW5hZBdXGYKx4w/view?usp=drive_link,WK,1,Thanksgiving Spot November 2023 Traffic Instructions.xlsx,
WK-1122-01 Christmas 30.mpg,WK 1122 01 Christmas,30,CHA,TV,2023,Seasonal,,https://drive.google.com/file/d/1QWCt_XM7hX7bPWX4PU_JW4luPk1Nr0P9/view?usp=drive_link,WK,2,Christmas Spot December 2023 Traffic Instructions.xlsx,
WK-CHAT-0623-1_Commercial-Accident-30,Accident,30,CHA,TV,2023,,,https://drive.google.com/file/d/1PyxBRaU7m6H9olraweDHNMFWK8t2sozC/view?usp=drive_link,WK,10,Christmas Spot December 2023 Traffic Instructions.xlsx,
WK-CHAT-0823-10_Mothers-Wreck-30,Wreck,30,CHA,TV,2023,Car Wreck,,https://drive.google.com/file/d/1--afxbcgcME21FJlKs46ietMBML56Hs8/view?usp=drive_link,WK,10,Christmas Spot December 2023 Traffic Instructions.xlsx,
WK-CHAT-0823-16_Puzzle-30,WK-CHAT-0823-16_Puzzle-30,30,CHA,TV,2023,Brand,,https://drive.google.com/file/d/1nKb9XsFQIqG34QonlrwVVWAAedsYTah2/view?usp=drive_link,WK,8,Christmas Spot December 2023 Traffic Instructions.xlsx,
WK-CHAT-0823-17_Puzzle-15,WK-CHAT-0823-17_Puzzle-15,BE,CHA,TV,2023,Brand,,https://drive.google.com/file/d/10U6WUHFarEI4VMOnDjM6woa-ImB80bEJ/view?usp=drive_link,WK,6,Christmas Spot December 2023 Traffic Instructions.xlsx,
WK-CHAT-0823-26_Questions-30,WK-CHAT-0823-26_Questions-30,30,CHA,TV,2023,Questions,,https://drive.google.com/file/d/10MwNW9PFwsrT2s6LoFveBodF9NuRR97q/view?usp=drive_link,WK,11,Christmas Spot December 2023 Traffic Instructions.xlsx,
WK-CHAT-0823-27_Questions-15,WK-CHAT-0823-27_Questions-15,BE,CHA,TV,2023,Questions,,https://drive.google.com/file/d/12-mZvj5RnzZGd9C1UqjqancZo62dm_Gd/view?usp=drive_link,WK,6,Christmas Spot December 2023 Traffic Instructions.xlsx,
WK-CHAT-0823-5_Different-5,5,5,CHA,TV,2023,,,https://drive.google.com/file/d/1-EKDkqUgCIrJLgYFQRE4zv_H0tRAdmxA/view?usp=drive_link,WK,7,Christmas Spot December 2023 Traffic Instructions.xlsx,
WK-CHAT-0923-01_General-05.mov,WK-CHAT-0923-01_General-05.mov,5,CHA,TV,2023,,,https://drive.google.com/file/d/1gRtZ_NTg3X3X0ETnhkJpY5hunJzlfwFJ/view?usp=drive_link,WK,7,Christmas Spot December 2023 Traffic Instructions.xlsx,
WK-CHAT-0923-02_Distracted-Cell-Phones-10,Cell Phones,10,CHA,TV,2023,,,https://drive.google.com/file/d/1dRBZzNoBfvrUYGfHUxk50-bQy6REe5uh/view?usp=drive_link,WK,7,Christmas Spot December 2023 Traffic Instructions.xlsx,
WK-CHAT-0923-03_Different-10.mov,WK-CHAT-0923-03_Different-10.mov,10,CHA,TV,2023,Brand,,https://drive.google.com/file/d/1Tf8DiiLfUsjEDfvguiWDSW37plPYQoyp/view?usp=drive_link,WK,7,Christmas Spot December 2023 Traffic Instructions.xlsx,
WK-CHAT-0923-04_General-4.mov,4,4,CHA,TV,2023,,,https://drive.google.com/file/d/1UL1qe8zrwLMtXDIf5IuD-4Zn1sif5Oit/view?usp=drive_link,WK,4,Christmas Spot December 2023 Traffic Instructions.xlsx,
WK-CHAT-0923-6_Working Man 30.mov,Man,30,CHA,TV,2023,,,https://drive.google.com/file/d/1yk5l60pti4wdAhVC4-tbs-FWzogFICS1/view?usp=drive_link,WK,11,Christmas Spot December 2023 Traffic Instructions.xlsx,
WK-CHAT-0923-7_Working Man 15.mov,Man,BE,CHA,TV,2023,,,https://drive.google.com/file/d/1f-alEP3lK2jmIUUptqatK8W5TzU9-kHt/view?usp=drive_link,WK,6,Christmas Spot December 2023 Traffic Instructions.xlsx,
WK-CHATT-0623_15A Different_2,Different 2,BE,CHA,TV,2023,Brand,,https://drive.google.com/file/d/1FcRUB41jCmwdUpP9zlLdSTLEK2Us3mjy/view?usp=drive_link,WK,1,June-August 2023 Traffic Instructions.xlsx,
WK-CHATT-0623_30 Different_1,Different 1,30,CHA,TV,2023,Brand,,https://drive.google.com/file/d/1LGS2ZVc6cPooQXyieOnaNARvxi_bYbIS/view?usp=drive_link,WK,1,June-August 2023 Traffic Instructions.xlsx,
WK-CHATT-1223-04_Hurt-In-A-Wreck.mov,In A Wreck,4,CHA,TV,2023,Car Wreck,,https://drive.google.com/file/d/10PmqUCgmuTwnADiqImfqcbmboTM2E_ek/view?usp=drive_link,WK,3,01. January 2024 Traffic Instructions.xlsx,
WK-Memorial Day 2023,WK Memorial Day 2023,30,CHA,TV,2023,Seasonal,,,WK,1,Memorial Day 2023 Traffic Instructions.xlsx,
WK-0524-01-30_Memorial Day 2024.mpg,WK 0524 01 30 Memorial Day 2024,30,CHA,TV,2024,Seasonal,,https://drive.google.com/file/d/1tPj9Oe3itWQ5B4r9fmdauR8cVjB1uBeI/view?usp=drive_link,WK,1,05. May-June 2024 Traffic Instructions.xlsx,
WK-1024-15_Happy Thanksgiving,WK 1024 15 Happy Thanksgiving,BE,CHA,TV,2024,Seasonal,,https://drive.google.com/file/d/15dBUYDtEMWfqNDzQ9fQ4wnHJH4HHDN98/view?usp=drive_link,WK,3,Thanksgiving Spot November 2024 Traffic Instructions.xlsx,
WK-1024-30_Happy Thanksgiving,WK 1024 30 Happy Thanksgiving,30,CHA,TV,2024,Seasonal,,https://drive.google.com/file/d/1lDusNe7E7BkjHCUbyRXkZvIxkA-IXR9-/view?usp=drive_link,WK,2,Thanksgiving Spot November 2024 Traffic Instructions.xlsx,
WK-CHAT-0224-01 Lunch Pail,Lunch Pail,30,CHA,TV,2024,,,https://drive.google.com/file/d/1HCprthbqCC0UQceqchjxQKV-aEzLsQWm/view?usp=drive_link,WK,1,10. October 2024 Traffic Instructions.xlsx,
WK-CHAT-0224-01_30 Lunch Pail.mpg,Lunch Pail,30,CHA,TV,2024,,,https://drive.google.com/file/d/14uMVs8KP0FdpX01b3EU6tsnVHYYC1CSw/view?usp=drive_link,WK,6,02. February 2024 Traffic Instructions.xlsx,
WK-CHAT-0224-02_15 Lunch Pail,Lunch Pail,BE,CHA,TV,2024,,,https://drive.google.com/file/d/1Bk1GSeCA-tCEQBtHdwxqSFfiSsLfGG3-/view?usp=drive_link,WK,1,10. October 2024 Traffic Instructions.xlsx,
WK-CHAT-0224-02_15 Lunch Pail.mpg,Lunch Pail,BE,CHA,TV,2024,,,https://drive.google.com/file/d/1Bk1GSeCA-tCEQBtHdwxqSFfiSsLfGG3-/view?usp=drive_link,WK,5,02. February 2024 Traffic Instructions.xlsx,
WK-CHAT-0224-03_30 Channel Flipping,Channel Flipping,30,CHA,TV,2024,,,https://drive.google.com/file/d/1iC-8e5XaDbTBXyRyFHZCYNIpcyGuusAx/view?usp=drive_link,WK,2,09. September 2024 Traffic Instructions.xlsx,
WK-CHAT-0224-03_30 Channel Flipping.mpg,Channel Flipping,30,CHA,TV,2024,,,https://drive.google.com/file/d/1iC-8e5XaDbTBXyRyFHZCYNIpcyGuusAx/view?usp=drive_link,WK,9,04. April-May 2024 Traffic Instructions.xlsx,
WK-CHAT-0224-04_15 Channel Flipping,Channel Flipping,BE,CHA,TV,2024,,,https://drive.google.com/file/d/190V63d4drMJ8IuZllLYK_T2vD7Tdz2aF/view?usp=drive_link,WK,1,December 2024 Traffic Instructions.xlsx,
WK-CHAT-0224-04_15 Channel Flipping.mpg,Channel Flipping,BE,CHA,TV,2024,,,https://drive.google.com/file/d/190V63d4drMJ8IuZllLYK_T2vD7Tdz2aF/view?usp=drive_link,WK,6,04. April-May 2024 Traffic Instructions.xlsx,
WK-CHAT-0224-05_30 Insurance Experts,Insurance Experts,30,CHA,TV,2024,,,https://drive.google.com/file/d/1QnguIZaysmfRXGCZkB6KWs-SI0n_bsDT/view?usp=drive_link,WK,2,10. October 2024 Traffic Instructions.xlsx,
WK-CHAT-0224-05_30 Insurance Experts.mpg,Insurance Experts,30,CHA,TV,2024,,,https://drive.google.com/file/d/1QnguIZaysmfRXGCZkB6KWs-SI0n_bsDT/view?usp=drive_link,WK,12,02. February 2024 Traffic Instructions.xlsx,
WK-CHAT-0224-06_15 Insurance Experts,Insurance Experts,BE,CHA,TV,2024,,,https://drive.google.com/file/d/17mUU0LM3shkbeLVoruKf6l-XPr9LMux8/view?usp=drive_link,WK,2,10. October 2024 Traffic Instructions.xlsx,
WK-CHAT-0224-06_15 Insurance Experts.mpg,Insurance Experts,BE,CHA,TV,2024,,,https://drive.google.com/file/d/17mUU0LM3shkbeLVoruKf6l-XPr9LMux8/view?usp=drive_link,WK,6,02. February 2024 Traffic Instructions.xlsx,
WK-CHAT-0224-07_30 Communication,Communication,30,CHA,TV,2024,,,https://drive.google.com/file/d/1w_oN11Fm0c_0sBnlpz01IQp4IYZSUdbo/view?usp=drive_link,WK,1,09. September 2024 Traffic Instructions.xlsx,
WK-CHAT-0224-07_30 Communication.mpg,Communication,30,CHA,TV,2024,,,https://drive.google.com/file/d/1begfT56FL49duTuC-ttodshwxx0ua4VJ/view?usp=drive_link,WK,3,02. February 2024 Traffic Instructions.xlsx,
WK-CHAT-0224-08_15 Communication,Communication,BE,CHA,TV,2024,,,https://drive.google.com/file/d/19D1gwlTeeCPwzORlt7tLmfZkNQM6Wyn2/view?usp=drive_link,WK,5,09. September 2024 Traffic Instructions.xlsx,
WK-CHAT-0224-08_15 Communication.mpg,Communication,BE,CHA,TV,2024,,,https://drive.google.com/file/d/19D1gwlTeeCPwzORlt7tLmfZkNQM6Wyn2/view?usp=drive_link,WK,3,02. February 2024 Traffic Instructions.xlsx,
WK-CHAT-0224-09_30 Auto Accidents,Auto Accidents,30,CHA,TV,2024,Car Wreck,,https://drive.google.com/file/d/1UsESa75KoKUGPCGaiKUujO8KyFqyCVoT/view?usp=drive_link,WK,6,08. August 2024 Traffic Instructions.xlsx,
WK-CHAT-0224-09_30 Auto Accidents.mpg,Auto Accidents,30,CHA,TV,2024,Car Wreck,,https://drive.google.com/file/d/1UsESa75KoKUGPCGaiKUujO8KyFqyCVoT/view?usp=drive_link,WK,4,02. February 2024 Traffic Instructions.xlsx,
WK-CHAT-0224-10_15 Auto Accidents,Auto Accidents,BE,CHA,TV,2024,Car Wreck,,https://drive.google.com/file/d/194HokOHyRJh1dolgWvEk_Ujx8n-OBGhp/view?usp=drive_link,WK,4,08. August 2024 Traffic Instructions.xlsx,
WK-CHAT-0224-10_15 Auto Accidents.mpg,Auto Accidents,BE,CHA,TV,2024,Car Wreck,,https://drive.google.com/file/d/194HokOHyRJh1dolgWvEk_Ujx8n-OBGhp/view?usp=drive_link,WK,3,02. February 2024 Traffic Instructions.xlsx,
WK-CHAT-0224-11_30 Commercial Vehicles.mpg,Commercial Vehicles,30,CHA,TV,2024,,,https://drive.google.com/file/d/1Ee-V_vzE9m8S0zVismTPgit_BS9Q5wEs/view?usp=drive_link,WK,3,02. February 2024 Traffic Instructions.xlsx,
WK-CHAT-0224-12_15 Commercial Vehicles.mpg,Commercial Vehicles,BE,CHA,TV,2024,,,https://drive.google.com/file/d/1XSg-x5g8wsqx41vMy9Bc9BSZznTwDvJf/view?usp=drive_link,WK,3,02. February 2024 Traffic Instructions.xlsx,
WK-CHAT-0224-13_30 Premises Liability,Premises Liability,30,CHA,TV,2024,Premise Injury,,https://drive.google.com/file/d/1mG2JsCQc2dj2OYVV7gGmsGyjR1dIN39e/view?usp=drive_link,WK,4,December 2024 Traffic Instructions.xlsx,
WK-CHAT-0224-13_30 Premises Liability.mpg,Premises Liability,30,CHA,TV,2024,Premise Injury,,https://drive.google.com/file/d/1b1gMuhSCqgJepMSLe-C74sqrQoq-Q0za/view?usp=drive_link,WK,11,02. February 2024 Traffic Instructions.xlsx,
WK-CHAT-0224-14_15 Premises Liability,Premises Liability,BE,CHA,TV,2024,Premise Injury,,https://drive.google.com/file/d/1s4zq2pCWmYUg54yo_7_1bLTk3uppwrRu/view?usp=drive_link,WK,3,December 2024 Traffic Instructions.xlsx,
WK-CHAT-0224-14_15 Premises Liability.mpg,Premises Liability,BE,CHA,TV,2024,Premise Injury,,https://drive.google.com/file/d/1s4zq2pCWmYUg54yo_7_1bLTk3uppwrRu/view?usp=drive_link,WK,10,02. February 2024 Traffic Instructions.xlsx,
WK-CHAT-0224-15_15 On The Job Injury,On The Job Injury,BE,CHA,TV,2024,Job Injury,,https://drive.google.com/file/d/1oU95XNTABdGi-nclzRzeAtVTzr-1peBh/view?usp=drive_link,WK,9,December 2024 Traffic Instructions.xlsx,
WK-CHAT-0224-15_15 On The Job Injury.mpg,On The Job Injury,BE,CHA,TV,2024,Job Injury,,https://drive.google.com/file/d/1YLZNw07F2yXBRlVwPHWRHWw03e4B71B7/view?usp=drive_link,WK,10,02. February 2024 Traffic Instructions.xlsx,
WK-CHAT-0224-16_30 On The Job Injury,On The Job Injury,30,CHA,TV,2024,Job Injury,,https://drive.google.com/file/d/1oU95XNTABdGi-nclzRzeAtVTzr-1peBh/view?usp=drive_link,WK,8,December 2024 Traffic Instructions.xlsx,
WK-CHAT-0224-16_30 On The Job Injury.mpg,On The Job Injury,30,CHA,TV,2024,Job Injury,,https://drive.google.com/file/d/1oU95XNTABdGi-nclzRzeAtVTzr-1peBh/view?usp=drive_link,WK,14,02. February 2024 Traffic Instructions.xlsx,
WK-CHAT-0224-17_30 More To Us,More To Us,30,CHA,TV,2024,,,https://drive.google.com/file/d/18CY383xFgSLFge5VoPZtNHYb8mZKyQIO/view?usp=drive_link,WK,5,Thanksgiving Spot November 2024 Traffic Instructions.xlsx,
WK-CHAT-0224-17_30 More To Us.mpg,More To Us,30,CHA,TV,2024,,,https://drive.google.com/file/d/1md_5Hg0HxeNaqmIZp31BTuBQSHv1SGCq/view?usp=drive_link,WK,4,02. February 2024 Traffic Instructions.xlsx,
WK-CHAT-0224-18_15 More To Us,More To Us,BE,CHA,TV,2024,,,https://drive.google.com/file/d/1KM-Em7uA--VV9ACs3JzN6t4YKsXjsCNn/view?usp=drive_link,WK,7,08. August 2024 Traffic Instructions.xlsx,
WK-CHAT-0224-18_15 More To Us.mpg,More To Us,BE,CHA,TV,2024,,,https://drive.google.com/file/d/1KM-Em7uA--VV9ACs3JzN6t4YKsXjsCNn/view?usp=drive_link,WK,3,02. February 2024 Traffic Instructions.xlsx,
WK-CHAT-0224-91-05_Commercial Vehicles,05 Commercial Vehicles,5,CHA,TV,2024,,,https://drive.google.com/file/d/1Ijltpaao9rYlD9csSL-gsfsQCJLgBFsP/view?usp=drive_link,WK,7,08. August 2024 Traffic Instructions.xlsx,
WK-CHAT-0224-91-05_Commercial Vehicles.mpg,05 Commercial Vehicles,5,CHA,TV,2024,,,https://drive.google.com/file/d/1Ijltpaao9rYlD9csSL-gsfsQCJLgBFsP/view?usp=drive_link,WK,5,03. March 2024 Traffic Instructions - NEW AV SPOTS.xlsx,
WK-CHAT-0224-92-10_Commercial Vehicles,10 Commercial Vehicles,10,CHA,TV,2024,,,https://drive.google.com/file/d/1srFsPAldUMNKXCf9GNCfrHPdx55DUCKh/view?usp=drive_link,WK,7,08. August 2024 Traffic Instructions.xlsx,
WK-CHAT-0224-92-10_Commercial Vehicles.mpg,10 Commercial Vehicles,10,CHA,TV,2024,,,https://drive.google.com/file/d/1srFsPAldUMNKXCf9GNCfrHPdx55DUCKh/view?usp=drive_link,WK,5,03. March 2024 Traffic Instructions - NEW AV SPOTS.xlsx,
WK-CHAT-0224-93-05_General Injury.mpg,05 General Injury,5,CHA,TV,2024,,,https://drive.google.com/file/d/115cgW2vEZehNnNwFS2Puhj4XARdnIvN5/view?usp=drive_link,WK,11,03. March 2024 Traffic Instructions - NEW AV SPOTS.xlsx,
WK-CHAT-0224-94-10_General Injury.mpg,10 General Injury,10,CHA,TV,2024,,,https://drive.google.com/file/d/1-VJkPjdqlIjtjdJc4DLMnnQEnT7BcRkF/view?usp=drive_link,WK,11,03. March 2024 Traffic Instructions - NEW AV SPOTS.xlsx,
WK-CHAT-0224-95-05_On The Job Injury,05 On The Job Injury,5,CHA,TV,2024,Job Injury,,https://drive.google.com/file/d/1LhXXqUlxkWFJfTWZxHUFVaVnkoT35OJV/view?usp=drive_link,WK,4,December 2024 Traffic Instructions.xlsx,
WK-CHAT-0224-95-05_On The Job Injury.mpg,05 On The Job Injury,5,CHA,TV,2024,Job Injury,,https://drive.google.com/file/d/1LhXXqUlxkWFJfTWZxHUFVaVnkoT35OJV/view?usp=drive_link,WK,6,03. March 2024 Traffic Instructions - NEW AV SPOTS.xlsx,
WK-CHAT-0224-96-10_On The Job Injury,10 On The Job Injury,10,CHA,TV,2024,Job Injury,,https://drive.google.com/file/d/1EvX9TUNUMThntp8-pi_56eeDkv3_FbJd/view?usp=drive_link,WK,4,December 2024 Traffic Instructions.xlsx,
WK-CHAT-0224-96-10_On The Job Injury.mpg,10 On The Job Injury,10,CHA,TV,2024,Job Injury,,https://drive.google.com/file/d/1EvX9TUNUMThntp8-pi_56eeDkv3_FbJd/view?usp=drive_link,WK,6,03. March 2024 Traffic Instructions - NEW AV SPOTS.xlsx,
WK-CHAT-0224-97-05_Premises Liability.mpg,05 Premises Liability,5,CHA,TV,2024,Premise Injury,,https://drive.google.com/file/d/1PikZvAmWfSxZ5gO6ryoBHsU8tGZbt3Us/view?usp=drive_link,WK,5,03. March 2024 Traffic Instructions - NEW AV SPOTS.xlsx,
WK-CHAT-0224-98-10_Premises Liability.mpg,10 Premises Liability,10,CHA,TV,2024,Premise Injury,,https://drive.google.com/file/d/1aaSkv1FEIM9T5-Y9R2dEt21dURAhA0gN/view?usp=drive_link,WK,5,03. March 2024 Traffic Instructions - NEW AV SPOTS.xlsx,
WK-CHAT-0224-99-04_General Injury.mpg,04 General Injury,4,CHA,TV,2024,,,https://drive.google.com/file/d/1PFEF-KkiILlqFJ8t5U6F7FfTmHE4RADc/view?usp=drive_link,WK,11,03. March 2024 Traffic Instructions - NEW AV SPOTS.xlsx,
WK-CHAT-0324-01_30 Car Wreck,Car Wreck,30,CHA,TV,2024,Car Wreck,,https://drive.google.com/file/d/1MiEaOMcC7hLYXM3tt2DboCdWdlBKek-3/view?usp=drive_link,WK,11,09. September 2024 Traffic Instructions.xlsx,
WK-CHAT-0324-01_30 Car Wreck.mpg,Car Wreck,30,CHA,TV,2024,Car Wreck,,https://drive.google.com/file/d/1MiEaOMcC7hLYXM3tt2DboCdWdlBKek-3/view?usp=drive_link,WK,10,04. April-May 2024 Traffic Instructions.xlsx,
WK-CHAT-0324-02_15 Car Wreck,Car Wreck,BE,CHA,TV,2024,Car Wreck,,https://drive.google.com/file/d/1WTogxhCe8QMqkwqLPCxJxQhUxPPeAMn6/view?usp=drive_link,WK,7,09. September 2024 Traffic Instructions.xlsx,
WK-CHAT-0324-02_15 Car Wreck.mpg,Car Wreck,BE,CHA,TV,2024,Car Wreck,,https://drive.google.com/file/d/1WTogxhCe8QMqkwqLPCxJxQhUxPPeAMn6/view?usp=drive_link,WK,4,04. April-May 2024 Traffic Instructions.xlsx,
WK-CHAT-0324-03_30 Trucking Accident,Trucking Accident,30,CHA,TV,2024,Trucking,,https://drive.google.com/file/d/1d2qrwPpQpCol7RgFVb5YZFtZZ2wQX0A7/view?usp=drive_link,WK,3,09. September 2024 Traffic Instructions.xlsx,
WK-CHAT-0324-03_30 Trucking Accident.mpg,Trucking Accident,30,CHA,TV,2024,Trucking,,https://drive.google.com/file/d/1d2qrwPpQpCol7RgFVb5YZFtZZ2wQX0A7/view?usp=drive_link,WK,9,04. April-May 2024 Traffic Instructions.xlsx,
WK-CHAT-0324-04_15 Trucking Accident,Trucking Accident,BE,CHA,TV,2024,Trucking,,https://drive.google.com/file/d/1VG0WdrEtOpvxmzfnve-JlI-T9dEqM8G1/view?usp=drive_link,WK,1,December 2024 Traffic Instructions.xlsx,
WK-CHAT-0324-04_15 Trucking Accident .mpg,Trucking Accident,BE,CHA,TV,2024,Trucking,,https://drive.google.com/file/d/1VG0WdrEtOpvxmzfnve-JlI-T9dEqM8G1/view?usp=drive_link,WK,7,04. April-May 2024 Traffic Instructions.xlsx,
WK-CHAT-0324-05_30 Commercial Accidents,Commercial Accidents,30,CHA,TV,2024,Trucking,,https://drive.google.com/file/d/1Kgr-8EW0gPUptiQHw4VstGkNhhLG26Od/view?usp=drive_link,WK,6,08. August 2024 Traffic Instructions.xlsx,
WK-CHAT-0324-05_30 Commercial Accidents.mpg,Commercial Accidents,30,CHA,TV,2024,Trucking,,https://drive.google.com/file/d/1Kgr-8EW0gPUptiQHw4VstGkNhhLG26Od/view?usp=drive_link,WK,5,04. April-May 2024 Traffic Instructions.xlsx,
WK-CHAT-0324-06_15 Commercial Accidents,Commercial Accidents,BE,CHA,TV,2024,Trucking,,https://drive.google.com/file/d/1Drg9d3OI3cxivEyeBHSVDDibDyO6P88d/view?usp=drive_link,WK,5,Thanksgiving Spot November 2024 Traffic Instructions.xlsx,
WK-CHAT-0324-06_15 Commercial Accidents.mpg,Commercial Accidents,BE,CHA,TV,2024,Trucking,,https://drive.google.com/file/d/1Drg9d3OI3cxivEyeBHSVDDibDyO6P88d/view?usp=drive_link,WK,3,04. April-May 2024 Traffic Instructions.xlsx,
WK-CHAT-0324-07_30 Weekends,Weekends,30,CHA,TV,2024,,,https://drive.google.com/file/d/1t2om5MsDEGGnYMKEQvqX09CpGWg0RIta/view?usp=drive_link,WK,2,01. January2025 x2 Traffic Instructions.xlsx,
WK-CHAT-0324-07_30 Weekends.mpg,Weekends,30,CHA,TV,2024,,,https://drive.google.com/file/d/1t2om5MsDEGGnYMKEQvqX09CpGWg0RIta/view?usp=drive_link,WK,11,04. April-May 2024 Traffic Instructions.xlsx,
WK-CHAT-0924-07_30 Communication,Communication,30,CHA,TV,2024,,,https://drive.google.com/file/d/1Es3wR9G2jZrzFyYPix3V2erKIJWqmj-0/view?usp=drive_link,WK,2,Thanksgiving Spot November 2024 Traffic Instructions.xlsx,
WK-CHAT-0125-01-30_There Is A Firm,30 There Is A Firm,30,CHA,TV,2025,Brand,,https://drive.google.com/file/d/1ZSua_ivy7vKVbKy_A1HjJFJM7ooNjmWq/view?usp=drive_link,WK,4,01. January 2025 Traffic Instructions.xlsx,
WK-CHAT-0125-02-15_There Is A Firm,15 There Is A Firm,BE,CHA,TV,2025,Brand,,https://drive.google.com/file/d/1ZLPbc5m3k0V1Rn2t016ilJbDQmbuKbKN/view?usp=drive_link,WK,10,01. January 2025 Traffic Instructions.xlsx,
WK-CHAT-0125-03-30_Weekend,30 Weekend,30,CHA,TV,2025,,,https://drive.google.com/file/d/1otbJH20IfJG48yg5_IBJNPTeYcfTQVrR/view?usp=drive_link,WK,2,01. January 2025 Traffic Instructions.xlsx,
WK-CHAT-0125-04-15_Weekend,15 Weekend,BE,CHA,TV,2025,,,https://drive.google.com/file/d/1EGphU-aASc0QG59g1NOtJHBaPf0UWPwq/view?usp=drive_link,WK,4,01. January 2025 Traffic Instructions.xlsx,
WK-CHAT-0125-05-30_Commercial Vehicle,30 Commercial Vehicle,30,CHA,TV,2025,,,https://drive.google.com/file/d/1iiPiE59hCvw0t2j3P2hCf3Ryc3bkijvU/view?usp=drive_link,WK,2,01. January 2025 Traffic Instructions.xlsx,
WK-CHAT-0125-06-15_Commercial Vehicle,15 Commercial Vehicle,BE,CHA,TV,2025,,,https://drive.google.com/file/d/1R7v48pT1SqnOChNFwaiQ1v2JG6qR2Lj2/view?usp=drive_link,WK,4,01. January 2025 Traffic Instructions.xlsx,
WK-CHAT-0125-07-30_Car Wreck,30 Car Wreck,30,CHA,TV,2025,Car Wreck,,https://drive.google.com/file/d/1O2adKxLIpYsdrBVFfahtCWie6cpjvKrl/view?usp=drive_link,WK,4,01. January 2025 Traffic Instructions.xlsx,
WK-CHAT-0125-08-15_Car Wreck,15 Car Wreck,BE,CHA,TV,2025,Car Wreck,,https://drive.google.com/file/d/1fSDsA18WKI8bj8BKpbIBfs02tY0sJ7Xt/view?usp=drive_link,WK,6,01. January 2025 Traffic Instructions.xlsx,
WK-CHAT-0125-09-30_Injury,30 Injury,30,CHA,TV,2025,,,https://drive.google.com/file/d/1WPbRhrVVA9y5Gm6JvBagzN5InCzAY7Vx/view?usp=drive_link,WK,2,01. January 2025 Traffic Instructions.xlsx,
WK-CHAT-0125-10-15_Injury,15 Injury,BE,CHA,TV,2025,,,https://drive.google.com/file/d/1GJTMAKzzBcXWh1Ay9gg6FsLQmsmw3F9U/view?usp=drive_link,WK,2,01. January 2025 Traffic Instructions.xlsx,
WK-CHAT-0125-88-04_Personal,04 Personal,4,CHA,TV,2025,,,https://drive.google.com/file/d/1lbacJAny1o72ZAyD_me5rtIdN4OBA13e/view?usp=drive_link,WK,3,01. January 2025 Traffic Instructions.xlsx,
WK-CHAT-0125-90-10_Car Wreck,10 Car Wreck,10,CHA,TV,2025,Car Wreck,,https://drive.google.com/file/d/1NzeSMZmlzHV7j09cqZt0_hKgQASjkR-e/view?usp=drive_link,WK,2,01. January 2025 Traffic Instructions.xlsx,
WK-CHAT-0125-91-05_Car Wreck,05 Car Wreck,5,CHA,TV,2025,Car Wreck,,https://drive.google.com/file/d/1eTmaYGrATfeJ-kCLjUvT7IVkbEGQMVNm/view?usp=drive_link,WK,2,01. January 2025 Traffic Instructions.xlsx,
WK-CHAT-0125-92-10_Injury,10 Injury,10,CHA,TV,2025,,,https://drive.google.com/file/d/191JJ2zW6m24Dm6iuvic9Ft-y6bQOJaSQ/view?usp=drive_link,WK,2,01. January 2025 Traffic Instructions.xlsx,
WK-CHAT-0125-93-05_Injury,05 Injury,5,CHA,TV,2025,,,https://drive.google.com/file/d/17Qwu--aVLd94w4zyz3Bkp8zQkBumbr1x/view?usp=drive_link,WK,2,01. January 2025 Traffic Instructions.xlsx,
WK-CHAT-0325-01-15_Weekends,15 Weekends,BE,CHA,TV,2025,,,https://drive.google.com/file/d/1o9mJl_L9K4MYvUc3wUr4QiZDVZH52Ndf/view?usp=drive_link,WK,16,03. March 2025 Traffic Instructions.xlsx,
WK-CHAT-0325-02-30_Weekends,30 Weekends,30,CHA,TV,2025,,,https://drive.google.com/file/d/1mrwQ6W4tNykiqB6spIJlZP3EW_LeUR7I/view?usp=drive_link,WK,8,03. March 2025 Traffic Instructions.xlsx,
WK-CHAT-0325-03-15_Car Wreck 3step,15 Car Wreck 3step,BE,CHA,TV,2025,Car Wreck,,https://drive.google.com/file/d/1kW-Yc7kgfiUNN_bxj5TEPJC-d7D9KgKl/view?usp=drive_link,WK,10,03. March 2025 Traffic Instructions.xlsx,
WK-CHAT-0325-04-30_Car Wreck 3step,30 Car Wreck 3step,30,CHA,TV,2025,Car Wreck,,https://drive.google.com/file/d/1OPFD8AHOlB7gTZ1IrEyUrjtRDb12LybH/view?usp=drive_link,WK,2,03. March 2025 Traffic Instructions.xlsx,
WK-CHAT-0325-05-15_Working Man,15 Working Man,BE,CHA,TV,2025,Job Injury,,https://drive.google.com/file/d/1yu83BNyzcY7_sHOm2nbvtM0LSTxacGtB/view?usp=drive_link,WK,14,03. March 2025 Traffic Instructions.xlsx,
WK-CHAT-0325-06-30_ Working Man,30  Working Man,30,CHA,TV,2025,Job Injury,,https://drive.google.com/file/d/1Nku7vLq-MjvnYTMXEKKuMRbWyIlMdQkb/view?usp=drive_link,WK,2,03. March 2025 Traffic Instructions.xlsx,
WK-CHAT-0325-07-15_Premise Injury,15 Premise Injury,BE,CHA,TV,2025,Premise Injury,,https://drive.google.com/file/d/1lHW1o8HK5qRHP02rt-Xt5BtTH3xeD0J_/view?usp=drive_link,WK,8,03. March 2025 Traffic Instructions.xlsx,
WK-CHAT-0325-08-30_ Premise Injury,30  Premise Injury,30,CHA,TV,2025,Premise Injury,,https://drive.google.com/file/d/1Fk2drrqQ2nUmGS54P4-7u-Pswp6aVXeO/view?usp=drive_link,WK,1,03. March 2025 Traffic Instructions.xlsx,
WK-CHAT-0325-09-15_Branding Legacy,15 Branding Legacy,BE,CHA,TV,2025,Brand,,https://drive.google.com/file/d/1tuZhks1TI3KkrYiIHVSI6h7w0gToeVR9/view?usp=drive_link,WK,1,03. March 2025 Traffic Instructions.xlsx,
WK-CHAT-0325-10-30_Branding Legacy,30 Branding Legacy,30,CHA,TV,2025,Brand,,https://drive.google.com/file/d/1Y4mWXN12Wu35UfjtQPwFMldkogLsO14Y/view?usp=drive_link,WK,6,03. March 2025 Traffic Instructions.xlsx,
WK-CHAT-0325-11-15_Trucking 2,15 Trucking 2,BE,CHA,TV,2025,Trucking,,https://drive.google.com/file/d/1pzWLNJjgh5Uau8uivV84fxPyCjaL7vz0/view?usp=drive_link,WK,12,03. March 2025 Traffic Instructions.xlsx,
WK-CHAT-0325-12-30_Trucking 2,30 Trucking 2,30,CHA,TV,2025,Trucking,,https://drive.google.com/file/d/1oxt9qxna6EEfnVOJhc6CYFUzM_eiGIBp/view?usp=drive_link,WK,1,03. March 2025 Traffic Instructions.xlsx,
WK-CHAT-0325-14-30_Different,30 Different,30,CHA,TV,2025,Brand,,https://drive.google.com/file/d/1cDqwwYHgVpRG0xFKRgHoG_46kUhNkIQA/view?usp=drive_link,WK,2,06. June 2025 Traffic Instructions.xlsx,
WK-CHAT-0325-15-15_Commercial Accident,15 Commercial Accident,BE,CHA,TV,2025,Trucking,,https://drive.google.com/file/d/1zVufyBZpnRdFnrLiYAOUHjBVpjfOb78i/view?usp=drive_link,WK,3,04. April 2025 Traffic Instructions.xlsx,
WK-CHAT-0325-18-30_Mother’s Wreck,30 Mother’s Wreck,30,CHA,TV,2025,Car Wreck,,https://drive.google.com/file/d/1xqCEXFdYqc4IxjYtd7c-XzEHfnrCXn1f/view?usp=drive_link,WK,10,04. April 2025 Traffic Instructions.xlsx,
WK-CHAT-0325-19-15_Distracted Cell Phones,15 Distracted Cell Phones,BE,CHA,TV,2025,Car Wreck,,https://drive.google.com/file/d/1U76gtBRfWDo_KRLT1p8dZyVVGrmD_fVx/view?usp=drive_link,WK,9,03. March 2025 Traffic Instructions.xlsx,
WK-CHAT-0325-20-30_ Distracted Cell Phones,30  Distracted Cell Phones,30,CHA,TV,2025,Car Wreck,,https://drive.google.com/file/d/1nv5YV_hsA6TlIbHHZ_6a0pre7ZV_CeJB/view?usp=drive_link,WK,1,03. March 2025 Traffic Instructions.xlsx,
WK-CHAT-0325-88-04_Personal,04 Personal,4,CHA,TV,2025,,,https://drive.google.com/file/d/1Yo4tQcfqO5HmSNRKjfTVUdGx30AJzq1Z/view?usp=drive_link,WK,8,03. March 2025 Traffic Instructions.xlsx,
WK-CHAT-0325-91-05_Car Wreck,05 Car Wreck,5,CHA,TV,2025,Car Wreck,,https://drive.google.com/file/d/1n-lbZLfnzno14148afTDYqv7MVoAsqCq/view?usp=drive_link,WK,7,04. April 2025 Traffic Instructions.xlsx,
WK-CHAT-0325-92-10_Car Wreck,10 Car Wreck,10,CHA,TV,2025,Car Wreck,,https://drive.google.com/file/d/1gYO0CrbW7Dof_M3Hy166QNwOTjEICyt7/view?usp=drive_link,WK,7,04. April 2025 Traffic Instructions.xlsx,
WK-CHAT-0325-93-05_Premise Injury,05 Premise Injury,5,CHA,TV,2025,Premise Injury,,https://drive.google.com/file/d/130Zi5BLSIs4OI2nUiT4b57g747ziOkki/view?usp=drive_link,WK,7,04. April 2025 Traffic Instructions.xlsx,
WK-CHAT-0325-94-10_Premise Injury,10 Premise Injury,10,CHA,TV,2025,Premise Injury,,https://drive.google.com/file/d/1L3Xj_SU1MidnMYTQ4NUGcmfSljSCFXeh/view?usp=drive_link,WK,7,04. April 2025 Traffic Instructions.xlsx,
WK-CHAT-0425-01-30_There Is A Firm,30 There Is A Firm,30,CHA,TV,2025,Brand,,https://drive.google.com/file/d/1DndW6TPXbvuYTMVMxTdQjcQbuyleQ1-z/view?usp=drive_link,WK,4,05. May 2025 Traffic Instructions.xlsx,
WK-CHAT-0525-01-15_Car Wreck,15 Car Wreck,BE,CHA,TV,2025,Car Wreck,,https://drive.google.com/file/d/1aHN0453z7WjyeOR6s-I0RJpDielUSwGN/view?usp=drive_link,WK,8,06. June 2025 Traffic Instructions.xlsx,
WK-CHAT-0525-03-15_Trucking Accident,15 Trucking Accident,BE,CHA,TV,2025,Trucking,,https://drive.google.com/file/d/1whGyvt2AJ2YCCa1pCAVtJaQ6LV_ZnilX/view?usp=drive_link,WK,3,06. June 2025 Traffic Instructions.xlsx,
WK-CHAT-0525-05-15_Work Comp,15 Work Comp,BE,CHA,TV,2025,Job Injury,,https://drive.google.com/file/d/1zXMRMU4pYJDNtidO3w99yAZ-5bHQEQDD/view?usp=drive_link,WK,7,06. June 2025 Traffic Instructions.xlsx,
WK-CHAT-0625-07-15_Commercial Vehicle,15 Commercial Vehicle,BE,CHA,TV,2025,,,https://drive.google.com/file/d/1yTr36bnfurb6QiYjxNyAPKdnLjXibFHh/view?usp=drive_link,WK,3,07. July 2025 Traffic Instructions.xlsx,
WK-CHAT-0625-08-15_Premise Injury,15 Premise Injury,BE,CHA,TV,2025,Premise Injury,,https://drive.google.com/file/d/1-gCvcqvQPrCu0mgvb3fa0UHNHk1faven/view?usp=drive_link,WK,6,07. July 2025 Traffic Instructions.xlsx,
WK-CHAT-0725-02-30_Personal,30 Personal,30,CHA,TV,2025,,,https://drive.google.com/file/d/1uut7xGge4sGNUSTUSwVt-hKZx2OO2kfT/view?usp=drive_link,WK,4,09. September 2025 Traffic Instructions.xlsx,
WK-CHAT-0825-03-30_Award Winning,30 Award Winning,30,CHA,TV,2025,,,https://drive.google.com/file/d/1piaoQgxWaXoaD3td5sZkGU9aVyISFW0-/view?usp=drive_link,WK,1,10. October 2025 Traffic Instructions.xlsx,
WK-DOTH-0622-03_Commercial-Accident-15B,Accident,BE,DHN,TV,2022,,,https://drive.google.com/file/d/11ueA4KzAW3_hZPjh6wjDufIuYBKtbbWo/view?usp=drive_link,WK,6,Christmas Spot December 2023 Traffic Instructions.xlsx,
WK-DOTH-0622-04_Distracted-Cell-Phones-30,Cell Phones,30,DHN,TV,2022,,,https://drive.google.com/file/d/1Hc8xwJMA2gLma31UkrcmBW-qHwrD8dS4/view?usp=drive_link,WK,8,Christmas Spot December 2023 Traffic Instructions.xlsx,
WK-DOTH-0622-05_Distracted-Cell-Phones-15B,Cell Phones,BE,DHN,TV,2022,,,https://drive.google.com/file/d/1w3Z9xnKk9J80tUWBkARtAdmr-N49NXto/view?usp=drive_link,WK,6,Christmas Spot December 2023 Traffic Instructions.xlsx,
WK-DOTH-0622-11_Mothers-Wreck-15,Wreck,BE,DHN,TV,2022,Car Wreck,,https://drive.google.com/file/d/1kzHINfFwXNvocr1Yn15W4yot5nIdlljh/view?usp=drive_link,WK,6,Christmas Spot December 2023 Traffic Instructions.xlsx,
WK-DOTH-0622-12_Parents 30,WK-DOTH-0622-12_Parents 30,30,DHN,TV,2022,,,https://drive.google.com/file/d/1pMIkYF9Z8yARSEN9YTyPr6q1b9__SCVo/view?usp=drive_link,WK,1,01. REVISED January 2024 Traffic Instructions.xlsx,
WK-DOTH-0622-13_Parents 15,WK-DOTH-0622-13_Parents 15,BE,DHN,TV,2022,,,https://drive.google.com/file/d/1r7UwCDJjf4xoDe_NU9ZEeyaBVzkCGy3b/view?usp=drive_link,WK,1,01. REVISED January 2024 Traffic Instructions.xlsx,
WK-DOTH-0622-18_Premise Injury 30,Injury,30,DHN,TV,2022,,,https://drive.google.com/file/d/1CXBBrhtrtXXFLj4H1ve9o8EwP0GhsGpO/view?usp=drive_link,WK,10,Christmas Spot December 2023 Traffic Instructions.xlsx,
WK-DOTH-0622-19_Premise Injury 15a,Injury,BE,DHN,TV,2022,,,https://drive.google.com/file/d/1izuLI9z4voSsc_f_c1jQPzdlB93aBHFO/view?usp=drive_link,WK,6,Christmas Spot December 2023 Traffic Instructions.xlsx,
WK-DOTH-0622-21R_Things to Do Accident 30,to Do Accident,30,DHN,TV,2022,,,https://drive.google.com/file/d/1s4WP6CJ_0E8wCPbcnXsPZ76Es2qK3Vww/view?usp=drive_link,WK,8,Christmas Spot December 2023 Traffic Instructions.xlsx,
WK-DOTH-0622-22R_Things to Do Accident 15A,to Do Accident,BE,DHN,TV,2022,,,https://drive.google.com/file/d/1WdXc8Q8ekZWKHYBxJaVx1d1FuuI2x2D8/view?usp=drive_link,WK,6,Christmas Spot December 2023 Traffic Instructions.xlsx,
WK-DOTH-0722-03_Jonathan 30,WK-DOTH-0722-03_Jonathan 30,30,DHN,TV,2022,Testimonial,,https://drive.google.com/file/d/1eDlouaNrN1LFce_WrPMPkETT-uSTpTEQ/view?usp=drive_link,WK,8,Christmas Spot December 2023 Traffic Instructions.xlsx,
WK-DOTH-0722-04_Jonathan 15,WK-DOTH-0722-04_Jonathan 15,BE,DHN,TV,2022,Testimonial,,https://drive.google.com/file/d/12IMlYGjxANHdIdN8hBulQg1Kp1NH5Y0c/view?usp=drive_link,WK,6,Christmas Spot December 2023 Traffic Instructions.xlsx,
WK-1120-01 Thanksgiving.mpg,WK 1120 01 Thanksgiving,30,DHN,TV,2023,Seasonal,,https://drive.google.com/file/d/1LaxFDs9svKH1NkFHyxSWwQPaUErfcy5F/view?usp=drive_link,WK,2,Thanksgiving Spot November 2023 Traffic Instructions.xlsx,
WK-1120-02 Thanksgiving 15.mpg,WK 1120 02 Thanksgiving,15,DHN,TV,2023,Seasonal,,https://drive.google.com/file/d/1X1IUzqz9QbxnPcAWKs3XN601VaiXegYW/view?usp=drive_link,WK,1,Thanksgiving Spot November 2023 Traffic Instructions.xlsx,
WK-1122-01 Christmas 30.mpg,WK 1122 01 Christmas,30,DHN,TV,2023,Seasonal,,https://drive.google.com/file/d/1QWCt_XM7hX7bPWX4PU_JW4luPk1Nr0P9/view?usp=drive_link,WK,2,Christmas Spot December 2023 Traffic Instructions.xlsx,
WK-DOTH-0623-1_30 Commercial Accident,Commercial Accident,30,DHN,TV,2023,Trucking,,https://drive.google.com/file/d/1u1Kq3csrd0PUbmPBgTiezHyVdVMQa8MJ/view?usp=drive_link,WK,10,Christmas Spot December 2023 Traffic Instructions.xlsx,
WK-DOTH-0623-1_30 Different,Different,30,DHN,TV,2023,Brand,,https://drive.google.com/file/d/1zZsJFCeZgzfroi6GBpZ9M0088WPAwZrR/view?usp=drive_link,WK,12,Christmas Spot December 2023 Traffic Instructions.xlsx,
WK-DOTH-0623-2_15A Different,Different,BE,DHN,TV,2023,Brand,,https://drive.google.com/file/d/1laB2kx8SkdQu1pmhLAaUNuM0I4cbaqCi/view?usp=drive_link,WK,6,Christmas Spot December 2023 Traffic Instructions.xlsx,
WK-DOTH-0823-1_Mothers-Wreck-30,Wreck,30,DHN,TV,2023,Car Wreck,,https://drive.google.com/file/d/1XpKxObvTK52Ca5U9-KcF77kZwskIfzhQ/view?usp=drive_link,WK,12,Christmas Spot December 2023 Traffic Instructions.xlsx,
WK-DOTH-0823-5_Different-5,5,5,DHN,TV,2023,,,https://drive.google.com/file/d/1a1Vqx8_w6G5LoioZZCFOx5Qde_orU8U8/view?usp=drive_link,WK,7,Christmas Spot December 2023 Traffic Instructions.xlsx,
WK-DOTH-0923-01_General-05.mov,WK-DOTH-0923-01_General-05.mov,5,DHN,TV,2023,,,https://drive.google.com/file/d/1aVeNkB7Gosvk_l_MRqK6dpXFuoKCbvUt/view?usp=drive_link,WK,7,Christmas Spot December 2023 Traffic Instructions.xlsx,
WK-DOTH-0923-02_Distracted-Cell-Phones-10,Cell Phones,10,DHN,TV,2023,,,https://drive.google.com/file/d/1JpwpQcSIw0LZUVpTNQnzu9OKHpEQFbdq/view?usp=drive_link,WK,7,Christmas Spot December 2023 Traffic Instructions.xlsx,
WK-DOTH-0923-03_Different-10,WK-DOTH-0923-03_Different-10,10,DHN,TV,2023,Brand,,https://drive.google.com/file/d/1myGn88X1jqK_SEcxOy9kPPV4iyNBovRQ/view?usp=drive_link,WK,7,Christmas Spot December 2023 Traffic Instructions.xlsx,
WK-DOTH-0923-04_General-4,4,4,DHN,TV,2023,,,https://drive.google.com/file/d/1EJlWJBWG5nD8jvh_2hZVgCcFIT8URJri/view?usp=drive_link,WK,4,Christmas Spot December 2023 Traffic Instructions.xlsx,
WK-DOTH-0923-6_Working Man 30,Man,30,DHN,TV,2023,,,https://drive.google.com/file/d/1noMQHibnhjSCbWtAdGYmT3nf1K8S8jm7/view?usp=drive_link,WK,10,Christmas Spot December 2023 Traffic Instructions.xlsx,
WK-DOTH-0923-7_Working Man 15.mov,Man,BE,DHN,TV,2023,,,https://drive.google.com/file/d/1Pp4tE0alY-NF1NjXR0en4QAS8LNdwKFA/view?usp=drive_link,WK,6,Christmas Spot December 2023 Traffic Instructions.xlsx,
WK-DOTH-1223-04_Hurt-In-A-Wreck.mov,In A Wreck,4,DHN,TV,2023,Car Wreck,,https://drive.google.com/file/d/1pkVS1anEVTyHbU7uu0QZpHRzzNUUXA5t/view?usp=drive_link,WK,3,01. January 2024 Traffic Instructions.xlsx,
WK-0524-01-30_Memorial Day 2024.mpg,WK 0524 01 30 Memorial Day 2024,30,DHN,TV,2024,Seasonal,,https://drive.google.com/file/d/1tPj9Oe3itWQ5B4r9fmdauR8cVjB1uBeI/view?usp=drive_link,WK,1,05. May-June 2024 Traffic Instructions.xlsx,
WK-1024-15_Happy Thanksgiving,WK 1024 15 Happy Thanksgiving,BE,DHN,TV,2024,Seasonal,,https://drive.google.com/file/d/15dBUYDtEMWfqNDzQ9fQ4wnHJH4HHDN98/view?usp=drive_link,WK,2,Thanksgiving Spot November 2024 Traffic Instructions.xlsx,
WK-1024-30_Happy Thanksgiving,WK 1024 30 Happy Thanksgiving,30,DHN,TV,2024,Seasonal,,https://drive.google.com/file/d/1lDusNe7E7BkjHCUbyRXkZvIxkA-IXR9-/view?usp=drive_link,WK,2,Thanksgiving Spot November 2024 Traffic Instructions.xlsx,
WK-DOTH-0224-01_30 Lunch Pail,Lunch Pail,30,DHN,TV,2024,,,https://drive.google.com/file/d/1rtCjrEIuwwT2ZkcdQS_AyAGxVDavhsV3/view?usp=drive_link,WK,2,09. September 2024 Traffic Instructions.xlsx,
WK-DOTH-0224-01_30 Lunch Pail.mpg,Lunch Pail,30,DHN,TV,2024,,,https://drive.google.com/file/d/1rtCjrEIuwwT2ZkcdQS_AyAGxVDavhsV3/view?usp=drive_link,WK,7,02. February 2024 Traffic Instructions.xlsx,
WK-DOTH-0224-02_15 Lunch Pail,Lunch Pail,BE,DHN,TV,2024,,,https://drive.google.com/file/d/1-_UiasK8_R0gxtssvTTMhpKPeyu3sHNO/view?usp=drive_link,WK,2,09. September 2024 Traffic Instructions.xlsx,
WK-DOTH-0224-02_15 Lunch Pail.mpg,Lunch Pail,BE,DHN,TV,2024,,,https://drive.google.com/file/d/1-_UiasK8_R0gxtssvTTMhpKPeyu3sHNO/view?usp=drive_link,WK,6,02. February 2024 Traffic Instructions.xlsx,
WK-DOTH-0224-03_30 Channel Flipping.mpg,Channel Flipping,30,DHN,TV,2024,,,https://drive.google.com/file/d/1WpTb4bJcASOFBGtK5c_qeledaic0BMDi/view?usp=drive_link,WK,8,04. April-May 2024 Traffic Instructions.xlsx,
WK-DOTH-0224-04_15 Channel Flipping.mpg,Channel Flipping,BE,DHN,TV,2024,,,https://drive.google.com/file/d/1ymDgmEfGXVnCS7hTMAdospkNqREvmN1Z/view?usp=drive_link,WK,3,04. April-May 2024 Traffic Instructions.xlsx,
WK-DOTH-0224-05_30 Insurance Experts,Insurance Experts,30,DHN,TV,2024,,,https://drive.google.com/file/d/1nhN69y0mZGMofXdLftifDBNs8kC0Id15/view?usp=drive_link,WK,1,10. October 2024 Traffic Instructions.xlsx,
WK-DOTH-0224-05_30 Insurance Experts.mpg,Insurance Experts,30,DHN,TV,2024,,,https://drive.google.com/file/d/1nhN69y0mZGMofXdLftifDBNs8kC0Id15/view?usp=drive_link,WK,10,02. February 2024 Traffic Instructions.xlsx,
WK-DOTH-0224-06_15 Insurance Experts,Insurance Experts,BE,DHN,TV,2024,,,https://drive.google.com/file/d/1lSrz3yzeF9vrUh-MSzgz9_Gczhfyz589/view?usp=drive_link,WK,2,08. August 2024 Traffic Instructions.xlsx,
WK-DOTH-0224-06_15 Insurance Experts.mpg,Insurance Experts,BE,DHN,TV,2024,,,https://drive.google.com/file/d/1lSrz3yzeF9vrUh-MSzgz9_Gczhfyz589/view?usp=drive_link,WK,5,02. February 2024 Traffic Instructions.xlsx,
WK-DOTH-0224-07_30 Communication.mpg,Communication,30,DHN,TV,2024,,,https://drive.google.com/file/d/1hQEhP0J-3uEk3OMBBWPXJuMhKHcz8jGz/view?usp=drive_link,WK,3,02. February 2024 Traffic Instructions.xlsx,
WK-DOTH-0224-08_15 Communication.mpg,Communication,BE,DHN,TV,2024,,,https://drive.google.com/file/d/1xe5yhz8-jxn-ePCprHfycDi3FKsgGmz3/view?usp=drive_link,WK,3,02. February 2024 Traffic Instructions.xlsx,
WK-DOTH-0224-09_30 Auto Accidents,Auto Accidents,30,DHN,TV,2024,Car Wreck,,https://drive.google.com/file/d/1xLPft8CBfr9LWLHXa2622nroLD3turHS/view?usp=drive_link,WK,6,08. August 2024 Traffic Instructions.xlsx,
WK-DOTH-0224-09_30 Auto Accidents.mpg,Auto Accidents,30,DHN,TV,2024,Car Wreck,,https://drive.google.com/file/d/1xLPft8CBfr9LWLHXa2622nroLD3turHS/view?usp=drive_link,WK,4,02. February 2024 Traffic Instructions.xlsx,
WK-DOTH-0224-10_15 Auto Accidents,Auto Accidents,BE,DHN,TV,2024,Car Wreck,,https://drive.google.com/file/d/1NV4hxsRA83tJNxOJjh3z-30OXRRIK_2K/view?usp=drive_link,WK,4,08. August 2024 Traffic Instructions.xlsx,
WK-DOTH-0224-10_15 Auto Accidents.mpg,Auto Accidents,BE,DHN,TV,2024,Car Wreck,,https://drive.google.com/file/d/1NV4hxsRA83tJNxOJjh3z-30OXRRIK_2K/view?usp=drive_link,WK,4,02. February 2024 Traffic Instructions.xlsx,
WK-DOTH-0224-11_30 Commercial Vehicles,Commercial Vehicles,30,DHN,TV,2024,,,https://drive.google.com/file/d/1Z-ZaYIpWssiebNZdM9XRC66-FoomfBI9/view?usp=drive_link,WK,4,Thanksgiving Spot November 2024 Traffic Instructions.xlsx,
WK-DOTH-0224-11_30 Commercial Vehicles.mpg,Commercial Vehicles,30,DHN,TV,2024,,,https://drive.google.com/file/d/1Z-ZaYIpWssiebNZdM9XRC66-FoomfBI9/view?usp=drive_link,WK,2,02. February 2024 Traffic Instructions.xlsx,
WK-DOTH-0224-12_15 Commercial Vehicles,Commercial Vehicles,BE,DHN,TV,2024,,,https://drive.google.com/file/d/1JZaicoY5CKjeWTaths6EvCZE0e1y_Y9U/view?usp=drive_link,WK,2,Thanksgiving Spot November 2024 Traffic Instructions.xlsx,
WK-DOTH-0224-12_15 Commercial Vehicles.mpg,Commercial Vehicles,BE,DHN,TV,2024,,,https://drive.google.com/file/d/1JZaicoY5CKjeWTaths6EvCZE0e1y_Y9U/view?usp=drive_link,WK,2,02. February 2024 Traffic Instructions.xlsx,
WK-DOTH-0224-13_30 Premises Liability,Premises Liability,30,DHN,TV,2024,Premise Injury,,https://drive.google.com/file/d/1jVrl_jZ-luFylu-lefomkzgb-I2ewjyV/view?usp=drive_link,WK,5,08. August 2024 Traffic Instructions.xlsx,
WK-DOTH-0224-13_30 Premises Liability.mpg,Premises Liability,30,DHN,TV,2024,Premise Injury,,https://drive.google.com/file/d/1jVrl_jZ-luFylu-lefomkzgb-I2ewjyV/view?usp=drive_link,WK,6,02. February 2024 Traffic Instructions.xlsx,
WK-DOTH-0224-14_15 Premises Liability,Premises Liability,15,DHN,TV,2024,Premise Injury,,https://drive.google.com/file/d/1F8eWiFacsxuHhGmmJIJOMlVePJ0T15ap/view?usp=drive_link,WK,10,08. August 2024 Traffic Instructions.xlsx,
WK-DOTH-0224-14_15 Premises Liability.mpg,Premises Liability,BE,DHN,TV,2024,Premise Injury,,https://drive.google.com/file/d/1F8eWiFacsxuHhGmmJIJOMlVePJ0T15ap/view?usp=drive_link,WK,5,02. February 2024 Traffic Instructions.xlsx,
WK-DOTH-0224-15_15 On The Job Injury,On The Job Injury,BE,DHN,TV,2024,Job Injury,,https://drive.google.com/file/d/1nuCLRhj2-3WmaJHmLdbZK-TBjJfMg8fc/view?usp=drive_link,WK,5,December 2024 Traffic Instructions.xlsx,
WK-DOTH-0224-15_15 On The Job Injury.mpg,On The Job Injury,BE,DHN,TV,2024,Job Injury,,https://drive.google.com/file/d/1nuCLRhj2-3WmaJHmLdbZK-TBjJfMg8fc/view?usp=drive_link,WK,8,02. February 2024 Traffic Instructions.xlsx,
WK-DOTH-0224-16_30 On The Job Injury,On The Job Injury,30,DHN,TV,2024,Job Injury,,https://drive.google.com/file/d/1opH7LMjH5JjLtno9GtfWhMyjIa4xSugK/view?usp=drive_link,WK,6,10. October 2024 Traffic Instructions.xlsx,
WK-DOTH-0224-16_30 On The Job Injury.mpg,On The Job Injury,30,DHN,TV,2024,Job Injury,,https://drive.google.com/file/d/1opH7LMjH5JjLtno9GtfWhMyjIa4xSugK/view?usp=drive_link,WK,12,02. February 2024 Traffic Instructions.xlsx,
WK-DOTH-0224-17_30 More To Us,More To Us,30,DHN,TV,2024,,,https://drive.google.com/file/d/1l-YaHpCj8JkuXiuGzsxQvBW_vZVRnrx-/view?usp=drive_link,WK,5,08. August 2024 Traffic Instructions.xlsx,
WK-DOTH-0224-17_30 More To Us.mpg,More To Us,30,DHN,TV,2024,,,https://drive.google.com/file/d/1l-YaHpCj8JkuXiuGzsxQvBW_vZVRnrx-/view?usp=drive_link,WK,3,02. February 2024 Traffic Instructions.xlsx,
WK-DOTH-0224-18_15 More To Us,More To Us,BE,DHN,TV,2024,,,https://drive.google.com/file/d/1Rxo5OvBCK1D8uM8YoO6zNPYBpRiXpmKb/view?usp=drive_link,WK,7,08. August 2024 Traffic Instructions.xlsx,
WK-DOTH-0224-18_15 More To Us.mpg,More To Us,BE,DHN,TV,2024,,,https://drive.google.com/file/d/1Rxo5OvBCK1D8uM8YoO6zNPYBpRiXpmKb/view?usp=drive_link,WK,3,02. February 2024 Traffic Instructions.xlsx,
WK-DOTH-0224-91-05_Commercial Vehicles,05 Commercial Vehicles,5,DHN,TV,2024,,,https://drive.google.com/file/d/1sR1_a9v7Cfseuta-hqBsFaC4bRKeM3g1/view?usp=drive_link,WK,3,01. January2025 x2 Traffic Instructions.xlsx,
WK-DOTH-0224-91-05_Commercial Vehicles.mpg,05 Commercial Vehicles,5,DHN,TV,2024,,,https://drive.google.com/file/d/1sR1_a9v7Cfseuta-hqBsFaC4bRKeM3g1/view?usp=drive_link,WK,10,03. March 2024 Traffic Instructions - NEW AV SPOTS.xlsx,
WK-DOTH-0224-92-10_Commercial Vehicles,10 Commercial Vehicles,10,DHN,TV,2024,,,https://drive.google.com/file/d/1Bc3L04LmvHWUb-Pqk4FSenCpH3d_jtO8/view?usp=drive_link,WK,3,01. January2025 x2 Traffic Instructions.xlsx,
WK-DOTH-0224-92-10_Commercial Vehicles.mpg,10 Commercial Vehicles,10,DHN,TV,2024,,,https://drive.google.com/file/d/1Bc3L04LmvHWUb-Pqk4FSenCpH3d_jtO8/view?usp=drive_link,WK,10,03. March 2024 Traffic Instructions - NEW AV SPOTS.xlsx,
WK-DOTH-0224-93-05_General Injury,05 General Injury,5,DHN,TV,2024,,,https://drive.google.com/file/d/1pZH44E7yOl4Tiz7V9hSITQuZWqwX6UXs/view?usp=drive_link,WK,1,December 2024 Traffic Instructions.xlsx,
WK-DOTH-0224-93-05_General Injury.mpg,05 General Injury,5,DHN,TV,2024,,,https://drive.google.com/file/d/1pZH44E7yOl4Tiz7V9hSITQuZWqwX6UXs/view?usp=drive_link,WK,10,03. March 2024 Traffic Instructions - NEW AV SPOTS.xlsx,
WK-DOTH-0224-94-10_General Injury,10 General Injury,10,DHN,TV,2024,,,https://drive.google.com/file/d/1bnDhPy_FrH5SDj0Dcux-D2HGQ9PYXKLc/view?usp=drive_link,WK,1,December 2024 Traffic Instructions.xlsx,
WK-DOTH-0224-94-10_General Injury.mpg,10 General Injury,10,DHN,TV,2024,,,https://drive.google.com/file/d/1bnDhPy_FrH5SDj0Dcux-D2HGQ9PYXKLc/view?usp=drive_link,WK,10,03. March 2024 Traffic Instructions - NEW AV SPOTS.xlsx,
WK-DOTH-0224-95-05_On The Job Injury,05 On The Job Injury,5,DHN,TV,2024,Job Injury,,https://drive.google.com/file/d/18HUTGY4NJi5k_f91NXhhAfVhRRZfQTxY/view?usp=drive_link,WK,4,December 2024 Traffic Instructions.xlsx,
WK-DOTH-0224-95-05_On The Job Injury.mpg,05 On The Job Injury,5,DHN,TV,2024,Job Injury,,https://drive.google.com/file/d/18HUTGY4NJi5k_f91NXhhAfVhRRZfQTxY/view?usp=drive_link,WK,4,03. March 2024 Traffic Instructions - NEW AV SPOTS.xlsx,
WK-DOTH-0224-96-10_On The Job Injury,10 On The Job Injury,10,DHN,TV,2024,Job Injury,,https://drive.google.com/file/d/1bCVykxHeMqhBb3uWtqj1rt_UMCgSYxfX/view?usp=drive_link,WK,4,December 2024 Traffic Instructions.xlsx,
WK-DOTH-0224-96-10_On The Job Injury.mpg,10 On The Job Injury,10,DHN,TV,2024,Job Injury,,https://drive.google.com/file/d/1bCVykxHeMqhBb3uWtqj1rt_UMCgSYxfX/view?usp=drive_link,WK,4,03. March 2024 Traffic Instructions - NEW AV SPOTS.xlsx,
WK-DOTH-0224-97-05_Premises Liability.mpg,05 Premises Liability,5,DHN,TV,2024,Premise Injury,,https://drive.google.com/file/d/1iEpd1XUB_SSEqF6g6qGgDTydxaKW2fb_/view?usp=drive_link,WK,4,03. March 2024 Traffic Instructions - NEW AV SPOTS.xlsx,
WK-DOTH-0224-98-10_Premises Liability.mpg,10 Premises Liability,10,DHN,TV,2024,Premise Injury,,https://drive.google.com/file/d/1sG0ab2yuWpyPZQO0NInKKxw-liCmbkD0/view?usp=drive_link,WK,4,03. March 2024 Traffic Instructions - NEW AV SPOTS.xlsx,
WK-DOTH-0224-99-04_General Injury.mpg,04 General Injury,4,DHN,TV,2024,,,https://drive.google.com/file/d/10GcY3oMJJO1J5RwIhWaT9xhFsyjy6mgW/view?usp=drive_link,WK,11,03. March 2024 Traffic Instructions - NEW AV SPOTS.xlsx,
WK-DOTH-0324-01_30 Car Wreck,Car Wreck,30,DHN,TV,2024,Car Wreck,,https://drive.google.com/file/d/1A30JU_IlqrWNJ9STFyXSbYocWUA0i_zn/view?usp=drive_link,WK,11,09. September 2024 Traffic Instructions.xlsx,
WK-DOTH-0324-01_30 Car Wreck.mpg,Car Wreck,30,DHN,TV,2024,Car Wreck,,https://drive.google.com/file/d/1A30JU_IlqrWNJ9STFyXSbYocWUA0i_zn/view?usp=drive_link,WK,10,04. April-May 2024 Traffic Instructions.xlsx,
WK-DOTH-0324-02_15 Car Wreck,Car Wreck,BE,DHN,TV,2024,Car Wreck,,https://drive.google.com/file/d/1okDHTybSuiq6ED4MyuYEr_69HsjRzoQ2/view?usp=drive_link,WK,7,09. September 2024 Traffic Instructions.xlsx,
WK-DOTH-0324-02_15 Car Wreck.mpg,Car Wreck,BE,DHN,TV,2024,Car Wreck,,https://drive.google.com/file/d/1okDHTybSuiq6ED4MyuYEr_69HsjRzoQ2/view?usp=drive_link,WK,8,04. April-May 2024 Traffic Instructions.xlsx,
WK-DOTH-0324-03_30 Trucking Accident,Trucking Accident,30,DHN,TV,2024,Trucking,,https://drive.google.com/file/d/1c_OXsZf1IXH2p8amFFA37azaYMeljBbJ/view?usp=drive_link,WK,3,09. September 2024 Traffic Instructions.xlsx,
WK-DOTH-0324-03_30 Trucking Accident.mpg,Trucking Accident,30,DHN,TV,2024,Trucking,,https://drive.google.com/file/d/1c_OXsZf1IXH2p8amFFA37azaYMeljBbJ/view?usp=drive_link,WK,9,04. April-May 2024 Traffic Instructions.xlsx,
WK-DOTH-0324-04_15 Trucking Accident,Trucking Accident,BE,DHN,TV,2024,Trucking,,https://drive.google.com/file/d/1-eMfq2UPsaEbnxelA8xFcBEW6EsSnMZU/view?usp=drive_link,WK,3,09. September 2024 Traffic Instructions.xlsx,
WK-DOTH-0324-04_15 Trucking Accident.mpg,Trucking Accident,BE,DHN,TV,2024,Trucking,,https://drive.google.com/file/d/1-eMfq2UPsaEbnxelA8xFcBEW6EsSnMZU/view?usp=drive_link,WK,4,04. April-May 2024 Traffic Instructions.xlsx,
WK-DOTH-0324-05_30 Commercial Accidents,Commercial Accidents,30,DHN,TV,2024,Trucking,,https://drive.google.com/file/d/18ZnXU63p4cTRL236s9-hx1v2H8bQQNWh/view?usp=drive_link,WK,2,01. January2025 x2 Traffic Instructions.xlsx,
WK-DOTH-0324-05_30 Commercial Accidents.mpg,Commercial Accidents,30,DHN,TV,2024,Trucking,,https://drive.google.com/file/d/18ZnXU63p4cTRL236s9-hx1v2H8bQQNWh/view?usp=drive_link,WK,5,04. April-May 2024 Traffic Instructions.xlsx,
WK-DOTH-0324-06_15 Commercial Accidents,Commercial Accidents,BE,DHN,TV,2024,Trucking,,https://drive.google.com/file/d/1j80xCrQhYUCbDtd2icr8qfrnATLlnI7l/view?usp=drive_link,WK,2,01. January2025 x2 Traffic Instructions.xlsx,
WK-DOTH-0324-06_15 Commercial Accidents.mpg,Commercial Accidents,BE,DHN,TV,2024,Trucking,,https://drive.google.com/file/d/1j80xCrQhYUCbDtd2icr8qfrnATLlnI7l/view?usp=drive_link,WK,3,04. April-May 2024 Traffic Instructions.xlsx,
WK-DOTH-0324-07_30 Weekends,Weekends,30,DHN,TV,2024,,,https://drive.google.com/file/d/1AHR0h-madW9enzCVCsYjwD6lUAodfc_Z/view?usp=drive_link,WK,2,01. January2025 x2 Traffic Instructions.xlsx,
WK-DOTH-0324-07_30 Weekends.mpg,Weekends,30,DHN,TV,2024,,,https://drive.google.com/file/d/1AHR0h-madW9enzCVCsYjwD6lUAodfc_Z/view?usp=drive_link,WK,11,04. April-May 2024 Traffic Instructions.xlsx,
WK-DOTH-0125-01-30_There Is A Firm,30 There Is A Firm,30,DHN,TV,2025,Brand,,https://drive.google.com/file/d/1YHBxhg2ywhph7NJ8jiXGioQ5utnT49q_/view?usp=drive_link,WK,2,01. January 2025 REVISED Traffic Instructions.xlsx,
WK-DOTH-0125-02-15_There Is A Firm,15 There Is A Firm,BE,DHN,TV,2025,Brand,,https://drive.google.com/file/d/1zs0o-gA5gPmhxfzV8uV1VFYKAg4sW4Uy/view?usp=drive_link,WK,4,01. January 2025 REVISED Traffic Instructions.xlsx,
WK-DOTH-0125-03-30_Weekend,30 Weekend,30,DHN,TV,2025,,,https://drive.google.com/file/d/1Uo4UdNyLn-3Kdd6L4HtrmU-xMF6kWpfC/view?usp=drive_link,WK,3,01. January 2025 REVISED Traffic Instructions.xlsx,
WK-DOTH-0125-04-15_Weekend,15 Weekend,BE,DHN,TV,2025,,,https://drive.google.com/file/d/12fcr09KgIlOVabCehjczZL32KeX7JKy8/view?usp=drive_link,WK,6,01. January 2025 REVISED Traffic Instructions.xlsx,
WK-DOTH-0125-05-30_Commercial Vehicle,30 Commercial Vehicle,30,DHN,TV,2025,,,https://drive.google.com/file/d/1ESdC_Xkd5N5uKC5Uoi5-1BESWC7OBKjf/view?usp=drive_link,WK,3,01. January 2025 REVISED Traffic Instructions.xlsx,
WK-DOTH-0125-06-15_Commercial Vehicle,15 Commercial Vehicle,BE,DHN,TV,2025,,,https://drive.google.com/file/d/1Z_q_RqBBAaSfPG2XUH4LGfoX1X8C8dmr/view?usp=drive_link,WK,6,01. January 2025 REVISED Traffic Instructions.xlsx,
WK-DOTH-0125-07-30_Car Wreck,30 Car Wreck,30,DHN,TV,2025,Car Wreck,,https://drive.google.com/file/d/1rKreBDgJnjt74OiedpoEo_1dJDu9gZPw/view?usp=drive_link,WK,6,01. January 2025 REVISED Traffic Instructions.xlsx,
WK-DOTH-0125-08-15_Car Wreck,15 Car Wreck,BE,DHN,TV,2025,Car Wreck,,https://drive.google.com/file/d/1BGfh9Wg3Kksc-qRwSFRO2uoJ6admBwsx/view?usp=drive_link,WK,9,01. January 2025 REVISED Traffic Instructions.xlsx,
WK-DOTH-0125-09-30_Injury,30 Injury,30,DHN,TV,2025,,,https://drive.google.com/file/d/1T4XxFFwvsygMN-UC76nUuBC8qOid8okK/view?usp=drive_link,WK,3,01. January 2025 REVISED Traffic Instructions.xlsx,
WK-DOTH-0125-10-15_Injury,15 Injury,BE,DHN,TV,2025,,,https://drive.google.com/file/d/1OSQqzF7uqiiD3YWFeHcKRgWSDgeHvmcW/view?usp=drive_link,WK,3,01. January 2025 REVISED Traffic Instructions.xlsx,
WK-DOTH-0125-88-04_Personal,04 Personal,4,DHN,TV,2025,,,https://drive.google.com/file/d/1G6NXS9x7l-lUKjKGZhIrqiXX4C_5apdk/view?usp=drive_link,WK,4,01. January 2025 REVISED Traffic Instructions.xlsx,
WK-DOTH-0125-90-10_Car Wreck,10 Car Wreck,10,DHN,TV,2025,Car Wreck,,https://drive.google.com/file/d/1BxF-GzfUmH3dghcXEBqIA1sCyugFEp1Q/view?usp=drive_link,WK,3,01. January 2025 REVISED Traffic Instructions.xlsx,
WK-DOTH-0125-91-05_Car Wreck,05 Car Wreck,5,DHN,TV,2025,Car Wreck,,https://drive.google.com/file/d/1O8LZiTAOJIUPAtW72_YzK8tmOjGqoSKp/view?usp=drive_link,WK,3,01. January 2025 REVISED Traffic Instructions.xlsx,
WK-DOTH-0125-92-10_Injury,10 Injury,10,DHN,TV,2025,,,https://drive.google.com/file/d/1x9Jqe3NRHqOMVrT3OVmFzG-huFAOpHx1/view?usp=drive_link,WK,3,01. January 2025 REVISED Traffic Instructions.xlsx,
WK-DOTH-0125-93-05_Injury,05 Injury,5,DHN,TV,2025,,,https://drive.google.com/file/d/1oFRUf9WGUQ_Rhn_1-WV6RHU4_WH1QJfG/view?usp=drive_link,WK,3,01. January 2025 REVISED Traffic Instructions.xlsx,
WK-DOTH-0225-01-30_There Is A Firm,30 There Is A Firm,30,DHN,TV,2025,Brand,,https://drive.google.com/file/d/1vZ4ao9-cULxz6Bpj6UWvG0Bun0QMYjNt/view?usp=drive_link,WK,4,01. January 2025 REVISED Traffic Instructions.xlsx,
WK-DOTH-0225-02-15_ There Is A Firm,15  There Is A Firm,,DHN,TV,2025,Brand,,https://drive.google.com/file/d/1bsNdrD7G31eTBS25ZY9Puptt_BmgfHKa/view?usp=drive_link,WK,10,01. January 2025 REVISED Traffic Instructions.xlsx,
WK-DOTH-0325-01-15_Weekends,15 Weekends,BE,DHN,TV,2025,,,https://drive.google.com/file/d/1j8_pBRp_KNEarxLUI6PhQszke8iLHmr8/view?usp=drive_link,WK,6,03. March 2025 Traffic Instructions.xlsx,
WK-DOTH-0325-02-30_Weekends,30 Weekends,30,DHN,TV,2025,,,https://drive.google.com/file/d/1vb6gXgrPDoo-LuDhmXjojul6NUKQUKIm/view?usp=drive_link,WK,3,03. March 2025 Traffic Instructions.xlsx,
WK-DOTH-0325-03-15_Car Wreck 3step,15 Car Wreck 3step,BE,DHN,TV,2025,Car Wreck,,https://drive.google.com/file/d/143b_CEjgS7QLKuYfd5-DNwNRRKhQ5hLw/view?usp=drive_link,WK,4,03. March 2025 Traffic Instructions.xlsx,
WK-DOTH-0325-04-30_Car Wreck 3step  3step,30 Car Wreck 3step  3step,30,DHN,TV,2025,Car Wreck,,https://drive.google.com/file/d/1nn7KxwA8DL1DHTZXmOcXrtt6e84jJ5za/view?usp=drive_link,WK,2,03. March 2025 Traffic Instructions.xlsx,
WK-DOTH-0325-05-15_Working Man,15 Working Man,BE,DHN,TV,2025,Job Injury,,https://drive.google.com/file/d/14yiDnRsN9R35PsY0emGxysGKq5f104Az/view?usp=drive_link,WK,9,03. March 2025 Traffic Instructions.xlsx,
WK-DOTH-0325-06-30_ Working Man,30  Working Man,30,DHN,TV,2025,Job Injury,,https://drive.google.com/file/d/151Nf9IBpj2LxxGSwFMQkqb6j6LPmtQL5/view?usp=drive_link,WK,2,03. March 2025 Traffic Instructions.xlsx,
WK-DOTH-0325-07-15_Premise Injury,15 Premise Injury,BE,DHN,TV,2025,Premise Injury,,https://drive.google.com/file/d/1Xm6E3kyUHmFnMRjN4FU31KPQ1W3KqLPc/view?usp=drive_link,WK,3,03. March 2025 Traffic Instructions.xlsx,
WK-DOTH-0325-08-30_ Premise Injury,30  Premise Injury,30,DHN,TV,2025,Premise Injury,,https://drive.google.com/file/d/1YTUaa4o9Q-5nn6r0h0CQ_Yk-TBzj2pUC/view?usp=drive_link,WK,1,03. March 2025 Traffic Instructions.xlsx,
WK-DOTH-0325-09-15_Branding Legacy,15 Branding Legacy,BE,DHN,TV,2025,Brand,,https://drive.google.com/file/d/1MdQQMRrSrDhP7UzAHIDD39x5xOuYst3X/view?usp=drive_link,WK,1,03. March 2025 Traffic Instructions.xlsx,
WK-DOTH-0325-10-30_Branding Legacy,30 Branding Legacy,30,DHN,TV,2025,Brand,,https://drive.google.com/file/d/1EzztmJDXxhPO2RrzpD7DFVruUAC_SEL3/view?usp=drive_link,WK,3,03. March 2025 Traffic Instructions.xlsx,
WK-DOTH-0325-11-15_Trucking 2,15 Trucking 2,BE,DHN,TV,2025,Trucking,,https://drive.google.com/file/d/1DxkVRvhn1FbcQ0faD9ji8xG4jv_oriCI/view?usp=drive_link,WK,4,03. March 2025 Traffic Instructions.xlsx,
WK-DOTH-0325-12-30_Trucking 2,30 Trucking 2,30,DHN,TV,2025,Trucking,,https://drive.google.com/file/d/1EQzy1C46TDWKGyP4ffQ0KWyP7E1pAOD_/view?usp=drive_link,WK,1,03. March 2025 Traffic Instructions.xlsx,
WK-DOTH-0325-14-30_Different,30 Different,30,DHN,TV,2025,Brand,,https://drive.google.com/file/d/1bVYzOAs520U-2p00-7qKVWMbKkQQQGOE/view?usp=drive_link,WK,1,05. May 2025 Traffic Instructions.xlsx,
WK-DOTH-0325-15-15_Commercial Accident,15 Commercial Accident,BE,DHN,TV,2025,Trucking,,https://drive.google.com/file/d/1wB9Hdn0K_WrCg6n2aFiQ9oPcj-gRJNyK/view?usp=drive_link,WK,2,04. April 2025 Traffic Instructions.xlsx,
WK-DOTH-0325-18-30_Mother’s Wreck,30 Mother’s Wreck,30,DHN,TV,2025,Car Wreck,,https://drive.google.com/file/d/1XLeIj1izH2wAnkV4m3Gty3TzHap73tkI/view?usp=drive_link,WK,4,04. April 2025 Traffic Instructions.xlsx,
WK-DOTH-0325-19-15_Distracted Cell Phones,15 Distracted Cell Phones,BE,DHN,TV,2025,Car Wreck,,https://drive.google.com/file/d/1L64sWoJNHOyj0bZ95i6KhodCJMNy5XTD/view?usp=drive_link,WK,8,03. March 2025 Traffic Instructions.xlsx,
WK-DOTH-0325-20-30_ Distracted Cell Phones,30  Distracted Cell Phones,30,DHN,TV,2025,Car Wreck,,https://drive.google.com/file/d/12tImF8ruRFC093AdVs5b7jjgYpDt6cug/view?usp=drive_link,WK,1,03. March 2025 Traffic Instructions.xlsx,
WK-DOTH-0325-88-04_Personal,04 Personal,4,DHN,TV,2025,,,https://drive.google.com/file/d/1N8vIXhJk35Uq_hEuOc0zC6zCNUzu9grg/view?usp=drive_link,WK,3,03. March 2025 Traffic Instructions.xlsx,
WK-DOTH-0325-91-05_Car Wreck,05 Car Wreck,5,DHN,TV,2025,Car Wreck,,https://drive.google.com/file/d/1wFK4HUlm-jug-hiPPcSdX5D5HSOYD3ZP/view?usp=drive_link,WK,2,04. April 2025 Traffic Instructions.xlsx,
WK-DOTH-0325-92-10_Car Wreck,10 Car Wreck,10,DHN,TV,2025,Car Wreck,,https://drive.google.com/file/d/1BN1gyQ0_pFyGYO71uoK9mBtUAVZi6O5s/view?usp=drive_link,WK,2,04. April 2025 Traffic Instructions.xlsx,
WK-DOTH-0325-93-05_Premise Injury,05 Premise Injury,5,DHN,TV,2025,Premise Injury,,https://drive.google.com/file/d/1Y1KYdbXNtukKguOtbWjsFxqBhIZj6uwA/view?usp=drive_link,WK,2,04. April 2025 Traffic Instructions.xlsx,
WK-DOTH-0325-93-10_Premise Injury,10 Premise Injury,10,DHN,TV,2025,Premise Injury,,https://drive.google.com/file/d/1ZijfEdZuc9n6hnzkBy41UPqzvBzpYrRh/view?usp=drive_link,WK,2,04. April 2025 Traffic Instructions.xlsx,
WK-DOTH-0525-01-15_Car Wreck,15 Car Wreck,BE,DHN,TV,2025,Car Wreck,,https://drive.google.com/file/d/1kolM9fGKAO8ilsUoTp3y6fxaiOOHgCgG/view?usp=drive_link,WK,11,06. June 2025 Traffic Instructions.xlsx,
WK-DOTH-0525-03-15_Trucking Accident,15 Trucking Accident,BE,DHN,TV,2025,Trucking,,https://drive.google.com/file/d/1h_fV0lTfT8gheNZ5kBTsF3jscYinzkdI/view?usp=drive_link,WK,3,06. June 2025 Traffic Instructions.xlsx,
WK-DOTH-0525-05-15_Work Comp,15 Work Comp,BE,DHN,TV,2025,Job Injury,,https://drive.google.com/file/d/1XLTMTUvhzk7pGiPX-fgIlMTF4BRMgqy8/view?usp=drive_link,WK,6,06. June 2025 Traffic Instructions.xlsx,
WK-DOTH-0625-01-15_Weekends,15 Weekends,BE,DHN,TV,2025,,,https://drive.google.com/file/d/1bJaOHjtMEOSF3a9_OVL6sfwhqtGxJMFB/view?usp=drive_link,WK,10,06. June 2025 Traffic Instructions.xlsx,
WK-DOTH-0625-02-30_Weekends,30 Weekends,30,DHN,TV,2025,,,https://drive.google.com/file/d/1_5pIAhL1bOIbbW6FPm4yrZet7oio_-GM/view?usp=drive_link,WK,5,06. June 2025 Traffic Instructions.xlsx,
WK-DOTH-0625-03-15_Car Wreck 3step,15 Car Wreck 3step,BE,DHN,TV,2025,Car Wreck,,https://drive.google.com/file/d/1mpoCLUsxhm3zxvgSz9gE5P8rdzevvi-A/view?usp=drive_link,WK,3,07. July 2025 Traffic Instructions.xlsx,
WK-DOTH-0625-07-15_Premise Injury,15 Premise Injury,BE,DHN,TV,2025,Premise Injury,,https://drive.google.com/file/d/1yqcVf_4tJuLDxdloX0x9ftEqvNS-0hXw/view?usp=drive_link,WK,2,06. June 2025 Traffic Instructions.xlsx,
WK-DOTH-0625-08-15_Premise Injury,15 Premise Injury,BE,DHN,TV,2025,Premise Injury,,https://drive.google.com/file/d/14JazjaHvIEQ_JL57ljc0DWre8MzWsydC/view?usp=drive_link,WK,8,07. July 2025 Traffic Instructions.xlsx,
WK-DOTH-0625-14-30_Different,30 Different,30,DHN,TV,2025,Brand,,https://drive.google.com/file/d/1yH7FNtrYveDpc3OGxmBlACMTBM-P_lbh/view?usp=drive_link,WK,1,06. June 2025 Traffic Instructions.xlsx,
WK-DOTH-0625-15-15_Commercial Accident,15 Commercial Accident,BE,DHN,TV,2025,Trucking,,https://drive.google.com/file/d/1p6A1Y5b9_BRB20ttw13Q2-6EgA0Rou6R/view?usp=drive_link,WK,1,06. June 2025 Traffic Instructions.xlsx,
WK-DOTH-0625-88-04_Personal,04 Personal,4,DHN,TV,2025,,,https://drive.google.com/file/d/1f908lNTywXYR5oomVV8-GYBa3seLEJwV/view?usp=drive_link,WK,5,06. June 2025 Traffic Instructions.xlsx,
WK-DOTH-0625-91-05_Car Wreck,05 Car Wreck,5,DHN,TV,2025,Car Wreck,,https://drive.google.com/file/d/1S3pf2Dr_pt8l1MGYJENhKNqM3OZPg16V/view?usp=drive_link,WK,5,06. June 2025 Traffic Instructions.xlsx,
WK-DOTH-0625-92-10_Car Wreck,10 Car Wreck,10,DHN,TV,2025,Car Wreck,,https://drive.google.com/file/d/1rbsm9CDHTdyJNc13Tz5Zg8DZycLKxTOy/view?usp=drive_link,WK,5,06. June 2025 Traffic Instructions.xlsx,
WK-DOTH-0625-93-05_Premise Injury,05 Premise Injury,5,DHN,TV,2025,Premise Injury,,https://drive.google.com/file/d/1GOwY7xrQ8UgMV6-w3axkweoIXm5kOpRM/view?usp=drive_link,WK,5,06. June 2025 Traffic Instructions.xlsx,
WK-DOTH-0725-02-30_Personal,30 Personal,30,DHN,TV,2025,,,https://drive.google.com/file/d/1Qnffnh-Z1xNBQ6qcDkzDVnwWVq6e3dk5/view?usp=drive_link,WK,2,09. September 2025 Traffic Instructions.xlsx,
WK-DOTH-0725-05-15_Working Man,15 Working Man,BE,DHN,TV,2025,Job Injury,,https://drive.google.com/file/d/13DtJoRNSdDePhObJigwpxe4-hiNHdMmM/view?usp=drive_link,WK,8,07. July 2025 Traffic Instructions.xlsx,
WK-DOTH-0725-07-15_Commercial Vehicle,15 Commercial Vehicle,BE,DHN,TV,2025,,,https://drive.google.com/file/d/1ylRfT7jry1kwQwhzSFU3MlILpSRuvYJP/view?usp=drive_link,WK,4,07. July 2025 Traffic Instructions.xlsx,
WK-DOTH-0725-11-15_Trucking 2,15 Trucking 2,BE,DHN,TV,2025,Trucking,,https://drive.google.com/file/d/1T-eDfQXfkXdsmU5BxbnDj7u-StxAb9Xo/view?usp=drive_link,WK,9,08. August 2025 Traffic Instructions.xlsx,
WK-DOTH-0725-17-15_Mother’s Wreck,15 Mother’s Wreck,30,DHN,TV,2025,Car Wreck,,https://drive.google.com/file/d/1nHR_WEU5hZ3ibLhtEiqlEE3oqm42j-Cl/view?usp=drive_link,WK,4,07. July 2025 Traffic Instructions.xlsx,
WK-DOTH-0825-03-30_Award Winning,30 Award Winning,30,DHN,TV,2025,,,https://drive.google.com/file/d/1M6fDRTeD_CACP-sZQbWT_kHx1dHdcQyG/view?usp=drive_link,WK,1,10. October 2025 Traffic Instructions.xlsx,
WK-HUNT-0120-05-REV_Motorcycle_30.mpg,REV Motorcycle,30,HSV,TV,2020,Motorcycle,,https://drive.google.com/file/d/12BJPmuhw5SYjdn6y9Gg42Ex4fhnPanBd/view?usp=drive_link,WK,1,June-August 2023 Traffic Instructions.xlsx,
WK-HUNT-0120-07-REV-Motorcycle_10.mpg,REV Motorcycle,10,HSV,TV,2020,Motorcycle,,,WK,2,August-October 2022 Traffic Instructions.xlsx,
WK-HUNT-0120-11_REV-Distracted_10.mpg,Distracted,10,HSV,TV,2020,Car Wreck,,,WK,2,August-October 2022 Traffic Instructions.xlsx,
WK-HUNT-0120-12-REV_Distracted_05.mpg,REV Distracted,5,HSV,TV,2020,Car Wreck,,good,WK,4,August-October 2022 Traffic Instructions.xlsx,
WK-HUNT-0120-12_Distracted_05,WK-HUNT-0120-12_Distracted_05,5,HSV,TV,2020,Car Wreck,,,WK,2,August-October 2022 Traffic Instructions.xlsx,
WK-HUNT-0320-02-REV_Motorcycle_15b.mpg,REV Motorcycle,BE,HSV,TV,2020,Motorcycle,,https://drive.google.com/file/d/15GhnwvPtvGZAg4jL6mQGjYanbHJDwWId/view?usp=drive_link,WK,1,June-August 2023 Traffic Instructions.xlsx,
WK-HUNT-0620-01_18Wheeler_30.mpg,WK-HUNT-0620-01_18Wheeler_30.mpg,30,HSV,TV,2020,Trucking,,,WK,3,April-May 2023 Traffic Instructions.xlsx,
WK-HUNT-0620-02_18Wheeler_15a.mpg,WK-HUNT-0620-02_18Wheeler_15a.mpg,BE,HSV,TV,2020,Trucking,,,WK,2,April-May 2023 Traffic Instructions.xlsx,
WK-HUNT-0620-03_18Wheeler_15b.mpg,WK-HUNT-0620-03_18Wheeler_15b.mpg,BE,HSV,TV,2020,Trucking,,https://drive.google.com/file/d/1T4M4xQ-Cc61cJ_TSZb1icBQmfd6sPyxG/view?usp=drive_link,WK,1,June-August 2023 Traffic Instructions.xlsx,
WK-HUNT-0620-10_CarCrashImage_30.mpg,WK-HUNT-0620-10_CarCrashImage_30.mpg,30,HSV,TV,2020,Car Wreck,,https://drive.google.com/file/d/1HpK2oIhxVy20824N3NJvKPGy7MhAOaSy/view?usp=drive_link,WK,1,June-August 2023 Traffic Instructions.xlsx,
WK-HUNT-0620-12_CarCrashImage_15B.mpg,WK-HUNT-0620-12_CarCrashImage_15B.mpg,BE,HSV,TV,2020,Car Wreck,,https://drive.google.com/file/d/1tJBJ2XH7fYYDf_SBCLveCjJC-rsJ5oNx/view?usp=drive_link,WK,1,June-August 2023 Traffic Instructions.xlsx,
WK-HUNT-0620-16_Puzzle_30.mpg,WK-HUNT-0620-16_Puzzle_30.mpg,30,HSV,TV,2020,Brand,,https://drive.google.com/file/d/1Ne59rxU4e8NO4-9U8WpJTCmGoKYzFYnK/view?usp=drive_link,WK,1,June-August 2023 Traffic Instructions.xlsx,
WK-HUNT-0620-25_Workers_30.mpg,WK-HUNT-0620-25_Workers_30.mpg,30,HSV,TV,2020,Job Injury,,good,WK,5,August-October 2022 Traffic Instructions.xlsx,
WK-HUNT-0620-26_Workers_15A.mpg,WK-HUNT-0620-26_Workers_15A.mpg,BE,HSV,TV,2020,Job Injury,,good,WK,4,August-October 2022 Traffic Instructions.xlsx,
WK-HUNT-0620-28_WorkingMan_30.mpg,WK-HUNT-0620-28_WorkingMan_30.mpg,30,HSV,TV,2020,,,https://drive.google.com/file/d/13aVEEctNpjQ7OSqMwqkurVXg8cqFBgwV/view?usp=drive_link,WK,4,August-October 2022 Traffic Instructions.xlsx,
WK-HUNT-0620-29_WorkingMan_15A.mpg,WK-HUNT-0620-29_WorkingMan_15A.mpg,BE,HSV,TV,2020,,,https://drive.google.com/file/d/1o9rJ3WHC6DSCXRRibXJAF8AHKxhVblno/view?usp=drive_link,WK,4,August-October 2022 Traffic Instructions.xlsx,
WK-HUNT-0121-01_18Wheeler_10.mpg,WK-HUNT-0121-01_18Wheeler_10.mpg,10,HSV,TV,2021,Trucking,,good,WK,4,August-October 2022 Traffic Instructions.xlsx,
WK-HUNT-0121-03_CarCrashImage_10.mpg,WK-HUNT-0121-03_CarCrashImage_10.mpg,10,HSV,TV,2021,Car Wreck,,https://drive.google.com/file/d/19Lba9uI0fSKomdGUMB1Xl0gf0lfb40D3/view?usp=drive_link,WK,1,June-August 2023 Traffic Instructions.xlsx,
WK-HUNT-0121-04_CarCrashImage_05.mpg,WK-HUNT-0121-04_CarCrashImage_05.mpg,5,HSV,TV,2021,Car Wreck,,https://drive.google.com/file/d/1zmvVZNY-vtM-gsWcOOZ8R2Sbwp_yXk4s/view?usp=drive_link,WK,1,June-August 2023 Traffic Instructions.xlsx,
WK-HUNT-0121-07_Workers_10.mpg,WK-HUNT-0121-07_Workers_10.mpg,10,HSV,TV,2021,Job Injury,,good,WK,4,August-October 2022 Traffic Instructions.xlsx,
WK-HUNT-0121-08_Workers_05.mpg,WK-HUNT-0121-08_Workers_05.mpg,5,HSV,TV,2021,Job Injury,,good,WK,4,August-October 2022 Traffic Instructions.xlsx,
WK-HUNT-0121-11_NameKnow_05,WK-HUNT-0121-11_NameKnow_05,5,HSV,TV,2021,,,,WK,2,August-October 2022 Traffic Instructions.xlsx,
WK-HUNT-0121-12_Shattered_10.mpg,WK-HUNT-0121-12_Shattered_10.mpg,10,HSV,TV,2021,Brand,,https://drive.google.com/file/d/1i7jXzE_VrpitkxAI0aNvFJEnxdTvSzJP/view?usp=drive_link,WK,1,June-August 2023 Traffic Instructions.xlsx,
WK-HUNT-0121-13_Shattered_05.mpg,WK-HUNT-0121-13_Shattered_05.mpg,5,HSV,TV,2021,Brand,,https://drive.google.com/file/d/15BkOkizXNPQp7RXIEeO7NKHNDvuz1XTi/view?usp=drive_link,WK,1,June-August 2023 Traffic Instructions.xlsx,
WK-HUNT-0421-01_04sec,WK-HUNT-0421-01_04sec,,HSV,TV,2021,,,,WK,2,August-October 2022 Traffic Instructions.xlsx,
WK-HUNT-0421-01_04sec.mpg,WK-HUNT-0421-01_04sec.mpg,4,HSV,TV,2021,,,good,WK,5,August-October 2022 Traffic Instructions.xlsx,
WK-HUNT-0622-03_Commercial-Accident-15B.mpg,Accident,BE,HSV,TV,2022,,,https://drive.google.com/file/d/16ji9ouxq0GXVwg0PsnREkkfJP6KkwqyX/view?usp=drive_link,WK,6,Christmas Spot December 2023 Traffic Instructions.xlsx,
WK-HUNT-0622-04_Distracted-Cell-Phones-30.mpg,Cell Phones,30,HSV,TV,2022,,,good,WK,17,August-October 2022 Traffic Instructions.xlsx,
WK-HUNT-0622-05_Distracted-Cell-Phones-15A.mpg,Cell Phones,BE,HSV,TV,2022,,,https://drive.google.com/file/d/1MfWIEjieJzArnPRrpLtbpSogE_C9lTNa/view?usp=drive_link,WK,9,Christmas Spot December 2023 Traffic Instructions.xlsx,
WK-HUNT-0622-06_Distracted-Cell-Phones-15B.mpg,Cell Phones,BE,HSV,TV,2022,,,good,WK,6,August-October 2022 Traffic Instructions.xlsx,
WK-HUNT-0622-10_Mothers-Wreck-30.mpg,Wreck,30,HSV,TV,2022,Car Wreck,,,WK,3,April-May 2023 Traffic Instructions.xlsx,
WK-HUNT-0622-10_Mothers-Wreck_30.mpg,Wreck,30,HSV,TV,2022,Car Wreck,,,WK,2,August-October 2022 Traffic Instructions.xlsx,
WK-HUNT-0622-11_Mothers-Wreck-15.mpg,Wreck,BE,HSV,TV,2022,Car Wreck,,https://drive.google.com/file/d/18lz48I_7aitcOOJ2MBNY06yKhxH9LGeN/view?usp=drive_link,WK,15,August-October 2022 Traffic Instructions.xlsx,
WK-HUNT-0622-12_Parents 30.mpg,WK-HUNT-0622-12_Parents 30.mpg,30,HSV,TV,2022,,,good,WK,6,August-October 2022 Traffic Instructions.xlsx,
WK-HUNT-0622-13_Parents 15.mpg,WK-HUNT-0622-13_Parents 15.mpg,BE,HSV,TV,2022,,,good,WK,5,August-October 2022 Traffic Instructions.xlsx,
WK-HUNT-0622-15_Different 30.mpg,WK-HUNT-0622-15_Different 30.mpg,30,HSV,TV,2022,Brand,,good,WK,2,August-October 2022 Traffic Instructions.xlsx,
WK-HUNT-0622-16_Different 15A.mpg,WK-HUNT-0622-16_Different 15A.mpg,BE,HSV,TV,2022,Brand,,good,WK,2,August-October 2022 Traffic Instructions.xlsx,
WK-HUNT-0622-17_Different_15B.mpg,WK-HUNT-0622-17_Different_15B.mpg,BE,HSV,TV,2022,Brand,,,WK,2,August-October 2022 Traffic Instructions.xlsx,
WK-HUNT-0622-18_Premise Injury 30.mpg,Injury,30,HSV,TV,2022,,,https://drive.google.com/file/d/1f4S8c3m1vFpescLqOC6uFSKPi7uH9fOc/view?usp=drive_link,WK,10,Christmas Spot December 2023 Traffic Instructions.xlsx,
WK-HUNT-0622-18_PremiseInjury_30.mpg,WK-HUNT-0622-18_PremiseInjury_30.mpg,30,HSV,TV,2022,Premise Injury,,,WK,2,August-October 2022 Traffic Instructions.xlsx,
WK-HUNT-0622-19_Premise Injury 15a,Injury,BE,HSV,TV,2022,,,https://drive.google.com/file/d/1uqM9kLhH-PF7j9qEpdIO10CWT8Tabek7/view?usp=drive_link,WK,6,Christmas Spot December 2023 Traffic Instructions.xlsx,
WK-HUNT-0622-20_Premise Injury 15b.mpg,Injury,BE,HSV,TV,2022,,,https://drive.google.com/file/d/18pFx7yhFtTpY5d2uuMTPQq964pGRmsui/view?usp=drive_link,WK,1,June-August 2023 Traffic Instructions.xlsx,
WK-HUNT-0622-21R_Things to Do Accident 30.mpg,to Do Accident,30,HSV,TV,2022,,,good,WK,5,August-October 2022 Traffic Instructions.xlsx,
WK-HUNT-0622-21R_ThingstoDoAccident_30.mpg,WK-HUNT-0622-21R_ThingstoDoAccident_30.mpg,30,HSV,TV,2022,,,,WK,2,August-October 2022 Traffic Instructions.xlsx,
WK-HUNT-0622-22R_Things to Do Accident 15A.mpg,to Do Accident,BE,HSV,TV,2022,,,good,WK,4,August-October 2022 Traffic Instructions.xlsx,
WK-HUNT-0622-22R_ThingtoDoAccident_15a.mpg,WK-HUNT-0622-22R_ThingtoDoAccident_15a.mpg,BE,HSV,TV,2022,,,,WK,2,August-October 2022 Traffic Instructions.xlsx,
WK-HUNT-0622–15_Different_30.mpg,WK HUNT 0622–15 Different,30,HSV,TV,2022,Brand,,,WK,2,August-October 2022 Traffic Instructions.xlsx,
WK-HUNT-0622–19_PremiseInjury_15a.mpg,WK HUNT 0622–19 PremiseInjury,BE,HSV,TV,2022,Premise Injury,,,WK,2,August-October 2022 Traffic Instructions.xlsx,
WK-HUNT-0722-01_More Than Size 30.mpg,Than Size,30,HSV,TV,2022,,,good,WK,6,August-October 2022 Traffic Instructions.xlsx,
WK-HUNT-0722-02_More Than Size 15.mpg,Than Size,BE,HSV,TV,2022,,,good,WK,5,August-October 2022 Traffic Instructions.xlsx,
WK-HUNT-0722-02_MoreThanSize_15.mpg,WK-HUNT-0722-02_MoreThanSize_15.mpg,BE,HSV,TV,2022,,,,WK,2,August-October 2022 Traffic Instructions.xlsx,
WK-HUNT-0722-03_Jonathan 30.mpg,WK-HUNT-0722-03_Jonathan 30.mpg,30,HSV,TV,2022,Testimonial,,https://drive.google.com/file/d/1gUj9gHqoW6i7kc21IKSIb-q-1yhKDTef/view?usp=drive_link,WK,10,Christmas Spot December 2023 Traffic Instructions.xlsx,
WK-HUNT-0722-04_Jonathan 15.mpg,WK-HUNT-0722-04_Jonathan 15.mpg,BE,HSV,TV,2022,Testimonial,,https://drive.google.com/file/d/1B8nb5oYK3aI9MjRaE-e-cJF4riZrl6Do/view?usp=drive_link,WK,7,Christmas Spot December 2023 Traffic Instructions.xlsx,
WK-HUNT-0722-05_Options 30.mpg,WK-HUNT-0722-05_Options 30.mpg,30,HSV,TV,2022,Brand,,good,WK,5,August-October 2022 Traffic Instructions.xlsx,
WK-HUNT-0722-05_Options_30.mpg,WK-HUNT-0722-05_Options_30.mpg,30,HSV,TV,2022,Brand,,,WK,2,August-October 2022 Traffic Instructions.xlsx,
WK-HUNT-0722-06_Options 15.mpg,WK-HUNT-0722-06_Options 15.mpg,BE,HSV,TV,2022,Brand,,good,WK,4,August-October 2022 Traffic Instructions.xlsx,
WK-HUNT-0722-06_Options_15.mpg,WK-HUNT-0722-06_Options_15.mpg,BE,HSV,TV,2022,Brand,,,WK,2,August-October 2022 Traffic Instructions.xlsx,
Wk-HUNT-0722-01_MoreThanSize_30.mpg,Wk-HUNT-0722-01_MoreThanSize_30.mpg,30,HSV,TV,2022,,,,WK,2,August-October 2022 Traffic Instructions.xlsx,
WK-1120-01 Thanksgiving.mpg,WK 1120 01 Thanksgiving,30,HSV,TV,2023,Seasonal,,https://drive.google.com/file/d/1PdPzg7kFfq69rO8ujjBxXzv7Yaoe8lZ7/view?usp=drive_link,WK,2,Thanksgiving Spot November 2023 Traffic Instructions.xlsx,
WK-1120-02 Thanksgiving 15.mpg,WK 1120 02 Thanksgiving,15,HSV,TV,2023,Seasonal,,https://drive.google.com/file/d/1Oy1_JPJQ4UrYs0nt-zGKhZ0-FLNLJugV/view?usp=drive_link,WK,1,Thanksgiving Spot November 2023 Traffic Instructions.xlsx,
WK-1122-01 Christmas 30.mpg,WK 1122 01 Christmas,30,HSV,TV,2023,Seasonal,,https://drive.google.com/file/d/1eq5GgYfOUQ52LTfs72Kk001Xs79PibCe/view?usp=drive_link,WK,2,Christmas Spot December 2023 Traffic Instructions.xlsx,
WK-1122-02 Christmas 15.mpg,WK 1122 02 Christmas,15,HSV,TV,2023,Seasonal,,https://drive.google.com/file/d/1mXe8r_OkvLr2me1nOYCLnQddTrfujmUM/view?usp=drive_link,WK,1,Christmas Spot December 2023 Traffic Instructions.xlsx,
WK-HUNT-0123-01_Commercial-Accident-30.mpg,Accident,30,HSV,TV,2023,,,good,WK,2,August-October 2022 Traffic Instructions.xlsx,
WK-HUNT-0123-02_Commercial-Accident-15A.mpg,Accident,BE,HSV,TV,2023,,,good,WK,2,August-October 2022 Traffic Instructions.xlsx,
WK-HUNT-0623-1_Commerical-Accident-30,Accident,30,HSV,TV,2023,,,https://drive.google.com/file/d/1BzreBSZLROQbLYTO9KEAXeK_7DGSm74N/view?usp=drive_link,WK,10,Christmas Spot December 2023 Traffic Instructions.xlsx,
WK-HUNT-0623_15A Different_2,Different 2,BE,HSV,TV,2023,Brand,,https://drive.google.com/file/d/1RLKOXioRqMj4PomQYURumH-F4uDqj0aa/view?usp=drive_link,WK,1,June-August 2023 Traffic Instructions.xlsx,
WK-HUNT-0623_30 Different_1,Different 1,30,HSV,TV,2023,Brand,,https://drive.google.com/file/d/1atf3KSqF9uIDbM9LIRMRcXG-jf9z76ss/view?usp=drive_link,WK,1,June-August 2023 Traffic Instructions.xlsx,
WK-HUNT-0823-10_Mothers-Wreck-30,Wreck,30,HSV,TV,2023,Car Wreck,,https://drive.google.com/file/d/1s1Xm38dT2Mr6XmOLsRmYXmQcjz44owmU/view?usp=drive_link,WK,10,Christmas Spot December 2023 Traffic Instructions.xlsx,
WK-HUNT-0823-16_Puzzle-30,WK-HUNT-0823-16_Puzzle-30,30,HSV,TV,2023,Brand,,https://drive.google.com/file/d/1JIhbX8VSnXGRHJsSyj6Fu6LLpwxIECde/view?usp=drive_link,WK,8,Christmas Spot December 2023 Traffic Instructions.xlsx,
WK-HUNT-0823-17_Puzzle-15,WK-HUNT-0823-17_Puzzle-15,BE,HSV,TV,2023,Brand,,https://drive.google.com/file/d/1GRgfYXD75hjruUx5QCd_mlNkw5zcLG9e/view?usp=drive_link,WK,6,Christmas Spot December 2023 Traffic Instructions.xlsx,
WK-HUNT-0823-26_Questions-30,WK-HUNT-0823-26_Questions-30,30,HSV,TV,2023,Questions,,https://drive.google.com/file/d/1SWaF08TLtHWYvlFKZ3_Ii0dcBFiCVA4Y/view?usp=drive_link,WK,11,Christmas Spot December 2023 Traffic Instructions.xlsx,
WK-HUNT-0823-27_Questions-15,WK-HUNT-0823-27_Questions-15,BE,HSV,TV,2023,Questions,,https://drive.google.com/file/d/1iQFMFSNtLvulLBztJoC_xJp9D6y-Z893/view?usp=drive_link,WK,6,Christmas Spot December 2023 Traffic Instructions.xlsx,
WK-HUNT-0823-5_Different-5,5,5,HSV,TV,2023,,,https://drive.google.com/file/d/1x8jzydzyC1zTPDH4KAa-kB34nP3Pqpgy/view?usp=drive_link,WK,7,Christmas Spot December 2023 Traffic Instructions.xlsx,
WK-HUNT-0923-01_General-05.mov,WK-HUNT-0923-01_General-05.mov,5,HSV,TV,2023,,,https://drive.google.com/file/d/1sojdhkjhuStGOq4FCDnfDHgdFKb1p6t5/view?usp=drive_link,WK,7,Christmas Spot December 2023 Traffic Instructions.xlsx,
WK-HUNT-0923-02_Distracted-Cell-Phones-10,Cell Phones,10,HSV,TV,2023,,,https://drive.google.com/file/d/1C4B_Ry_JyWrNBxseSIymtwGluagpE7g1/view?usp=drive_link,WK,7,Christmas Spot December 2023 Traffic Instructions.xlsx,
WK-HUNT-0923-03_Different-10,WK-HUNT-0923-03_Different-10,10,HSV,TV,2023,Brand,,https://drive.google.com/file/d/1IBy5n3hLGbWJ6zXVFwpTdUtUvZK5AFre/view?usp=drive_link,WK,7,Christmas Spot December 2023 Traffic Instructions.xlsx,
WK-HUNT-0923-04_General-4.mov,4,4,HSV,TV,2023,,,https://drive.google.com/file/d/1W34tORe2WTiD3bQILFc8ZoxN4_dGthbl/view?usp=drive_link,WK,4,Christmas Spot December 2023 Traffic Instructions.xlsx,
WK-HUNT-0923-6_Working Man 30.mov,Man,30,HSV,TV,2023,,,https://drive.google.com/file/d/1Jr7OCgCbVuvE42qTmO69Yffk2pyers81/view?usp=drive_link,WK,11,Christmas Spot December 2023 Traffic Instructions.xlsx,
WK-HUNT-0923-7_Working Man 15.mov,Man,15,HSV,TV,2023,,,https://drive.google.com/file/d/1vSyE4dkQfcUFdtvfimtFc9eNUdgGiyIF/view?usp=drive_link,WK,6,Christmas Spot December 2023 Traffic Instructions.xlsx,
WK-HUNT-1223-04_Hurt-In-A-Wreck.mov,In A Wreck,4,HSV,TV,2023,Car Wreck,,https://drive.google.com/file/d/1uD5_SYN3YHaCQAkNyj5aTW-O39C8xuGd/view?usp=drive_link,WK,3,01. January 2024 Traffic Instructions.xlsx,
WK-Memorial Day 2023,WK Memorial Day 2023,30,HSV,TV,2023,Seasonal,,,WK,1,Memorial Day 2023 Traffic Instructions.xlsx,
WK-0524-01-30_Memorial Day 2024.mpg,WK 0524 01 30 Memorial Day 2024,30,HSV,TV,2024,Seasonal,,https://drive.google.com/file/d/1tPj9Oe3itWQ5B4r9fmdauR8cVjB1uBeI/view?usp=drive_link,WK,1,05. May-June 2024 Traffic Instructions.xlsx,
WK-1024-15_Happy Thanksgiving,WK 1024 15 Happy Thanksgiving,BE,HSV,TV,2024,Seasonal,,https://drive.google.com/file/d/15dBUYDtEMWfqNDzQ9fQ4wnHJH4HHDN98/view?usp=drive_link,WK,2,Thanksgiving Spot November 2024 Traffic Instructions.xlsx,
WK-1024-30_Happy Thanksgiving,WK 1024 30 Happy Thanksgiving,30,HSV,TV,2024,Seasonal,,https://drive.google.com/file/d/1lDusNe7E7BkjHCUbyRXkZvIxkA-IXR9-/view?usp=drive_link,WK,2,Thanksgiving Spot November 2024 Traffic Instructions.xlsx,
WK-HUNT-0224-01_30 Lunch Pail,Lunch Pail,30,HSV,TV,2024,,,https://drive.google.com/file/d/1dvwHPengLStKDHx9O00YykdqKewdgn7z/view?usp=drive_link,WK,1,10. October 2024 Traffic Instructions.xlsx,
WK-HUNT-0224-01_30 Lunch Pail.mpg,Lunch Pail,30,HSV,TV,2024,,,https://drive.google.com/file/d/1dvwHPengLStKDHx9O00YykdqKewdgn7z/view?usp=drive_link,WK,7,02. February 2024 Traffic Instructions.xlsx,
WK-HUNT-0224-02_15 Lunch Pail,Lunch Pail,,HSV,TV,2024,,,https://drive.google.com/file/d/1AYV8edwpjPHoF7n1khMun6gOrjV-h8HK/view?usp=drive_link,WK,1,10. October 2024 Traffic Instructions.xlsx,
WK-HUNT-0224-02_15 Lunch Pail.mpg,Lunch Pail,BE,HSV,TV,2024,,,https://drive.google.com/file/d/1AYV8edwpjPHoF7n1khMun6gOrjV-h8HK/view?usp=drive_link,WK,6,02. February 2024 Traffic Instructions.xlsx,
WK-HUNT-0224-03_30 Channel Flipping,Channel Flipping,30,HSV,TV,2024,,,https://drive.google.com/file/d/1RdaQEQjCqkJa78cITTnE4SwMKIOF3430/view?usp=drive_link,WK,2,09. September 2024 Traffic Instructions.xlsx,
WK-HUNT-0224-03_30 Channel Flipping.mpg,Channel Flipping,30,HSV,TV,2024,,,https://drive.google.com/file/d/1RdaQEQjCqkJa78cITTnE4SwMKIOF3430/view?usp=drive_link,WK,8,04. April-May 2024 Traffic Instructions.xlsx,
WK-HUNT-0224-04_15 Channel Flipping,Channel Flipping,BE,HSV,TV,2024,,,https://drive.google.com/file/d/1jaKxljul6Hvf4a5RHo_D-G0hCwQivbiH/view?usp=drive_link,WK,2,09. September 2024 Traffic Instructions.xlsx,
WK-HUNT-0224-04_15 Channel Flipping.mpg,Channel Flipping,BE,HSV,TV,2024,,,https://drive.google.com/file/d/1jaKxljul6Hvf4a5RHo_D-G0hCwQivbiH/view?usp=drive_link,WK,4,04. April-May 2024 Traffic Instructions.xlsx,
WK-HUNT-0224-05_30 Insurance Experts,Insurance Experts,30,HSV,TV,2024,,,https://drive.google.com/file/d/1vNkLxX4ZZPY0XzqMExJnsPbVERfNQrGC/view?usp=drive_link,WK,3,08. August 2024 Traffic Instructions.xlsx,
WK-HUNT-0224-05_30 Insurance Experts.mpg,Insurance Experts,30,HSV,TV,2024,,,https://drive.google.com/file/d/1vNkLxX4ZZPY0XzqMExJnsPbVERfNQrGC/view?usp=drive_link,WK,10,02. February 2024 Traffic Instructions.xlsx,
WK-HUNT-0224-06_15 Insurance Experts,Insurance Experts,BE,HSV,TV,2024,,,https://drive.google.com/file/d/1wKhNMYwZbolnrNXtMZ8h9-LSU5Fd9mRh/view?usp=drive_link,WK,3,08. August 2024 Traffic Instructions.xlsx,
WK-HUNT-0224-06_15 Insurance Experts.mpg,Insurance Experts,BE,HSV,TV,2024,,,https://drive.google.com/file/d/1wKhNMYwZbolnrNXtMZ8h9-LSU5Fd9mRh/view?usp=drive_link,WK,6,02. February 2024 Traffic Instructions.xlsx,
WK-HUNT-0224-07_30 Communication,Communication,30,HSV,TV,2024,,,https://drive.google.com/file/d/1g9i4ba1mFkz0Po77aDnRyarvVhKO1BU8/view?usp=drive_link,WK,1,09. September 2024 Traffic Instructions.xlsx,
WK-HUNT-0224-07_30 Communication.mpg,Communication,30,HSV,TV,2024,,,https://drive.google.com/file/d/1g9i4ba1mFkz0Po77aDnRyarvVhKO1BU8/view?usp=drive_link,WK,4,02. February 2024 Traffic Instructions.xlsx,
WK-HUNT-0224-08_15 Communication,Communication,,HSV,TV,2024,,,https://drive.google.com/file/d/1iZ1IgA187wZwei9qzb5txZQKX1VIj041/view?usp=drive_link,WK,5,09. September 2024 Traffic Instructions.xlsx,
WK-HUNT-0224-08_15 Communication.mpg,Communication,BE,HSV,TV,2024,,,https://drive.google.com/file/d/1iZ1IgA187wZwei9qzb5txZQKX1VIj041/view?usp=drive_link,WK,4,02. February 2024 Traffic Instructions.xlsx,
WK-HUNT-0224-09_30 Auto Accidents,Auto Accidents,30,HSV,TV,2024,Car Wreck,,https://drive.google.com/file/d/1BUygNKYmmCOgYq3K_WNe0QPi8z7AsdPY/view?usp=drive_link,WK,6,08. August 2024 Traffic Instructions.xlsx,
WK-HUNT-0224-09_30 Auto Accidents.mpg,Auto Accidents,30,HSV,TV,2024,Car Wreck,,https://drive.google.com/file/d/1BUygNKYmmCOgYq3K_WNe0QPi8z7AsdPY/view?usp=drive_link,WK,4,02. February 2024 Traffic Instructions.xlsx,
WK-HUNT-0224-10_15 Auto Accidents,Auto Accidents,BE,HSV,TV,2024,Car Wreck,,https://drive.google.com/file/d/1G0M1safs_myjBo4FbxzL7bLHIibCHBtA/view?usp=drive_link,WK,6,08. August 2024 Traffic Instructions.xlsx,
WK-HUNT-0224-10_15 Auto Accidents.mpg,Auto Accidents,BE,HSV,TV,2024,Car Wreck,,https://drive.google.com/file/d/1G0M1safs_myjBo4FbxzL7bLHIibCHBtA/view?usp=drive_link,WK,3,02. February 2024 Traffic Instructions.xlsx,
WK-HUNT-0224-11_30 Commercial Vehicles,Commercial Vehicles,30,HSV,TV,2024,,,https://drive.google.com/file/d/1X-lpH3bcro0lcpEBxq6oiYJcJSMbGKxM/view?usp=drive_link,WK,6,08. August 2024 Traffic Instructions.xlsx,
WK-HUNT-0224-11_30 Commercial Vehicles.mpg,Commercial Vehicles,30,HSV,TV,2024,,,https://drive.google.com/file/d/1X-lpH3bcro0lcpEBxq6oiYJcJSMbGKxM/view?usp=drive_link,WK,3,02. February 2024 Traffic Instructions.xlsx,
WK-HUNT-0224-12_15 Commercial Vehicles,Commercial Vehicles,BE,HSV,TV,2024,,,https://drive.google.com/file/d/1f68Rj6F4hO08vhsxlyNRDjK16rAeg7_G/view?usp=drive_link,WK,6,08. August 2024 Traffic Instructions.xlsx,
WK-HUNT-0224-12_15 Commercial Vehicles.mpg,Commercial Vehicles,BE,HSV,TV,2024,,,https://drive.google.com/file/d/1f68Rj6F4hO08vhsxlyNRDjK16rAeg7_G/view?usp=drive_link,WK,3,02. February 2024 Traffic Instructions.xlsx,
WK-HUNT-0224-13_30 Premises Liability,Premises Liability,30,HSV,TV,2024,Premise Injury,,https://drive.google.com/file/d/1ZLOiSpdh2CNjGOo5MC1u8Sgr80HzWTaU/view?usp=drive_link,WK,4,December 2024 Traffic Instructions.xlsx,
WK-HUNT-0224-13_30 Premises Liability.mpg,Premises Liability,30,HSV,TV,2024,Premise Injury,,https://drive.google.com/file/d/1ZLOiSpdh2CNjGOo5MC1u8Sgr80HzWTaU/view?usp=drive_link,WK,11,02. February 2024 Traffic Instructions.xlsx,
WK-HUNT-0224-14_15 Premises Liability,Premises Liability,BE,HSV,TV,2024,Premise Injury,,https://drive.google.com/file/d/16l4JWeug6R5F_mmuY3q6dmi58BT70JR1/view?usp=drive_link,WK,3,December 2024 Traffic Instructions.xlsx,
WK-HUNT-0224-14_15 Premises Liability.mpg,Premises Liability,BE,HSV,TV,2024,Premise Injury,,https://drive.google.com/file/d/16l4JWeug6R5F_mmuY3q6dmi58BT70JR1/view?usp=drive_link,WK,10,02. February 2024 Traffic Instructions.xlsx,
WK-HUNT-0224-15_15 On The Job Injury,On The Job Injury,BE,HSV,TV,2024,Job Injury,,https://drive.google.com/file/d/1WGQw1wyhi6vJf5mMEVHM2fIBkO03SGr7/view?usp=drive_link,WK,10,December 2024 Traffic Instructions.xlsx,
WK-HUNT-0224-15_15 On The Job Injury.mpg,On The Job Injury,,HSV,TV,2024,Job Injury,,https://drive.google.com/file/d/1WGQw1wyhi6vJf5mMEVHM2fIBkO03SGr7/view?usp=drive_link,WK,10,02. February 2024 Traffic Instructions.xlsx,
WK-HUNT-0224-16_30 On The Job Injury,On The Job Injury,30,HSV,TV,2024,Job Injury,,https://drive.google.com/file/d/1mf29yNACUthavcRWTIrusyWo6a3iQgy3/view?usp=drive_link,WK,9,December 2024 Traffic Instructions.xlsx,
WK-HUNT-0224-16_30 On The Job Injury.mpg,On The Job Injury,30,HSV,TV,2024,Job Injury,,https://drive.google.com/file/d/1mf29yNACUthavcRWTIrusyWo6a3iQgy3/view?usp=drive_link,WK,14,02. February 2024 Traffic Instructions.xlsx,
WK-HUNT-0224-17_30 More To Us,More To Us,30,HSV,TV,2024,,,https://drive.google.com/file/d/1sGRINRcad1lJfdi4HJDonaOiHx23lam0/view?usp=drive_link,WK,6,08. August 2024 Traffic Instructions.xlsx,
WK-HUNT-0224-17_30 More To Us.mpg,More To Us,30,HSV,TV,2024,,,https://drive.google.com/file/d/1sGRINRcad1lJfdi4HJDonaOiHx23lam0/view?usp=drive_link,WK,3,02. February 2024 Traffic Instructions.xlsx,
WK-HUNT-0224-18_15 More To Us,More To Us,,HSV,TV,2024,,,https://drive.google.com/file/d/1_PuT-54x668gxLBZVriSc1D8oPbs791j/view?usp=drive_link,WK,7,08. August 2024 Traffic Instructions.xlsx,
WK-HUNT-0224-18_15 More To Us.mpg,More To Us,BE,HSV,TV,2024,,,https://drive.google.com/file/d/1_PuT-54x668gxLBZVriSc1D8oPbs791j/view?usp=drive_link,WK,5,02. February 2024 Traffic Instructions.xlsx,
WK-HUNT-0224-91-05_Commercial Vehicles,05 Commercial Vehicles,5,HSV,TV,2024,,,https://drive.google.com/file/d/1DS8s0eoWG_ekJUU-iskGhJMphIMxRYzs/view?usp=drive_link,WK,7,08. August 2024 Traffic Instructions.xlsx,
WK-HUNT-0224-91-05_Commercial Vehicles.mpg,05 Commercial Vehicles,5,HSV,TV,2024,,,https://drive.google.com/file/d/1DS8s0eoWG_ekJUU-iskGhJMphIMxRYzs/view?usp=drive_link,WK,5,03. March 2024 Traffic Instructions - NEW AV SPOTS.xlsx,
WK-HUNT-0224-92-10_Commercial Vehicles,10 Commercial Vehicles,10,HSV,TV,2024,,,https://drive.google.com/file/d/1uFz4-o4UDUtmVidlUhmBlpUgm4B3Vnk8/view?usp=drive_link,WK,7,08. August 2024 Traffic Instructions.xlsx,
WK-HUNT-0224-92-10_Commercial Vehicles.mpg,10 Commercial Vehicles,10,HSV,TV,2024,,,https://drive.google.com/file/d/1uFz4-o4UDUtmVidlUhmBlpUgm4B3Vnk8/view?usp=drive_link,WK,5,03. March 2024 Traffic Instructions - NEW AV SPOTS.xlsx,
WK-HUNT-0224-93-05_General Injury.mpg,05 General Injury,5,HSV,TV,2024,,,https://drive.google.com/file/d/100RV7-anqKN-o5q0ORN3VOyrwDv8_72v/view?usp=drive_link,WK,11,03. March 2024 Traffic Instructions - NEW AV SPOTS.xlsx,
WK-HUNT-0224-94-10_General Injury.mpg,10 General Injury,10,HSV,TV,2024,,,https://drive.google.com/file/d/1TppmcY45hjrr16PhNO0t9t-Lv77F2fxM/view?usp=drive_link,WK,11,03. March 2024 Traffic Instructions - NEW AV SPOTS.xlsx,
WK-HUNT-0224-95-05_On The Job Injury,05 On The Job Injury,5,HSV,TV,2024,Job Injury,,https://drive.google.com/file/d/1q6ExsdmjjoLFvQhy0iFIBn2cWkIm1v-O/view?usp=drive_link,WK,4,December 2024 Traffic Instructions.xlsx,
WK-HUNT-0224-95-05_On The Job Injury.mpg,05 On The Job Injury,5,HSV,TV,2024,Job Injury,,https://drive.google.com/file/d/1q6ExsdmjjoLFvQhy0iFIBn2cWkIm1v-O/view?usp=drive_link,WK,6,03. March 2024 Traffic Instructions - NEW AV SPOTS.xlsx,
WK-HUNT-0224-96-10_On The Job Injury,10 On The Job Injury,10,HSV,TV,2024,Job Injury,,https://drive.google.com/file/d/1FiYVBYC6fEDxcI-wcB_zpiGvsHBACgHq/view?usp=drive_link,WK,4,December 2024 Traffic Instructions.xlsx,
WK-HUNT-0224-96-10_On The Job Injury.mpg,10 On The Job Injury,10,HSV,TV,2024,Job Injury,,https://drive.google.com/file/d/1FiYVBYC6fEDxcI-wcB_zpiGvsHBACgHq/view?usp=drive_link,WK,6,03. March 2024 Traffic Instructions - NEW AV SPOTS.xlsx,
WK-HUNT-0224-97-05_Premises Liability.mpg,05 Premises Liability,5,HSV,TV,2024,Premise Injury,,https://drive.google.com/file/d/1mxXyq55WDmDCYtIgwDF5paMjv8QtD5at/view?usp=drive_link,WK,5,03. March 2024 Traffic Instructions - NEW AV SPOTS.xlsx,
WK-HUNT-0224-98-10_Premises Liability.mpg,10 Premises Liability,10,HSV,TV,2024,Premise Injury,,https://drive.google.com/file/d/1ugHjtRXDmor8vemK4IDeRP-BizmJXUW_/view?usp=drive_link,WK,5,03. March 2024 Traffic Instructions - NEW AV SPOTS.xlsx,
WK-HUNT-0224-99-04_General Injury.mpg,04 General Injury,4,HSV,TV,2024,,,https://drive.google.com/file/d/1Y4aIem-exaFvA0oLCAXPMcACx8EZ1hca/view?usp=drive_link,WK,11,03. March 2024 Traffic Instructions - NEW AV SPOTS.xlsx,
WK-HUNT-0324-01_30 Car Wreck,Car Wreck,30,HSV,TV,2024,Car Wreck,,https://drive.google.com/file/d/1zNi7uA-INQaA1-3mbD6Sot7Ru-iftrBz/view?usp=drive_link,WK,11,09. September 2024 Traffic Instructions.xlsx,
WK-HUNT-0324-01_30 Car Wreck.mpg,Car Wreck,30,HSV,TV,2024,Car Wreck,,https://drive.google.com/file/d/1zNi7uA-INQaA1-3mbD6Sot7Ru-iftrBz/view?usp=drive_link,WK,10,04. April-May 2024 Traffic Instructions.xlsx,
WK-HUNT-0324-02_15 Car Wreck,Car Wreck,BE,HSV,TV,2024,Car Wreck,,https://drive.google.com/file/d/1aYhxXd9LWSDj7n6accwwWKAxmYl-kSPb/view?usp=drive_link,WK,9,09. September 2024 Traffic Instructions.xlsx,
WK-HUNT-0324-02_15 Car Wreck.mpg,Car Wreck,BE,HSV,TV,2024,Car Wreck,,https://drive.google.com/file/d/1aYhxXd9LWSDj7n6accwwWKAxmYl-kSPb/view?usp=drive_link,WK,5,04. April-May 2024 Traffic Instructions.xlsx,
WK-HUNT-0324-03_30 Trucking Accident,Trucking Accident,30,HSV,TV,2024,Trucking,,https://drive.google.com/file/d/1ftOh1QcxieANlZJXL_8rRHmUKrmoLBEg/view?usp=drive_link,WK,3,09. September 2024 Traffic Instructions.xlsx,
WK-HUNT-0324-03_30 Trucking Accident.mpg,Trucking Accident,30,HSV,TV,2024,Trucking,,https://drive.google.com/file/d/1ftOh1QcxieANlZJXL_8rRHmUKrmoLBEg/view?usp=drive_link,WK,9,04. April-May 2024 Traffic Instructions.xlsx,
WK-HUNT-0324-04_15 Trucking Accident,Trucking Accident,BE,HSV,TV,2024,Trucking,,https://drive.google.com/file/d/1tbbBCbxGX-Uv-TE4Lsn-21S4FbVE4Q4n/view?usp=drive_link,WK,3,09. September 2024 Traffic Instructions.xlsx,
WK-HUNT-0324-04_15 Trucking Accident.mpg,Trucking Accident,BE,HSV,TV,2024,Trucking,,https://drive.google.com/file/d/1tbbBCbxGX-Uv-TE4Lsn-21S4FbVE4Q4n/view?usp=drive_link,WK,8,04. April-May 2024 Traffic Instructions.xlsx,
WK-HUNT-0324-05_30 Commercial Accidents.mpg,Commercial Accidents,30,HSV,TV,2024,Trucking,,https://drive.google.com/file/d/1nGvs_O_E6padTzEwzLA78rBB8oZ2kltT/view?usp=drive_link,WK,5,04. April-May 2024 Traffic Instructions.xlsx,
WK-HUNT-0324-06_15 Commercial Accidents.mpg,Commercial Accidents,BE,HSV,TV,2024,Trucking,,https://drive.google.com/file/d/1-Sxd80wOq0tOS5fiytoelV1sc4mkWXSG/view?usp=drive_link,WK,3,04. April-May 2024 Traffic Instructions.xlsx,
WK-HUNT-0324-07_30 Weekends,Weekends,30,HSV,TV,2024,,,https://drive.google.com/file/d/1XyIhl2vPNBvFWYljD5v5bFLYq4KnBUPf/view?usp=drive_link,WK,2,01. January2025 x2 Traffic Instructions.xlsx,
WK-HUNT-0324-07_30 Weekends.mpg,Weekends,30,HSV,TV,2024,,,https://drive.google.com/file/d/1XyIhl2vPNBvFWYljD5v5bFLYq4KnBUPf/view?usp=drive_link,WK,11,04. April-May 2024 Traffic Instructions.xlsx,
WK-HUNT-0924-07_30 Communication,Communication,30,HSV,TV,2024,,,https://drive.google.com/file/d/1-pb8MKRHGXWofbDcDkoQbbw5YGc8RpSp/view?usp=drive_link,WK,2,Thanksgiving Spot November 2024 Traffic Instructions.xlsx,
WK-HUNT-0125-01-30_There Is A Firm,30 There Is A Firm,30,HSV,TV,2025,Brand,,https://drive.google.com/file/d/1IKflXvmWD0O4WlKzGMXPcdxSWzw-Cup9/view?usp=drive_link,WK,2,01. January 2025 REVISED Traffic Instructions.xlsx,
WK-HUNT-0125-02-15_There Is A Firm,15 There Is A Firm,BE,HSV,TV,2025,Brand,,https://drive.google.com/file/d/15MWdifnGfbdP_5MvJb92zazjLJbQ1Ach/view?usp=drive_link,WK,4,01. January 2025 REVISED Traffic Instructions.xlsx,
WK-HUNT-0125-03-30_Weekend,30 Weekend,30,HSV,TV,2025,,,https://drive.google.com/file/d/1J6Sv6V8c5G5Az3LaBRqLJC6rmotwnRm0/view?usp=drive_link,WK,3,01. January 2025 REVISED Traffic Instructions.xlsx,
WK-HUNT-0125-04-15_Weekend,15 Weekend,BE,HSV,TV,2025,,,https://drive.google.com/file/d/1gY-jI9nXh-nD5W0bfRIbWXeb5Xo5ED5S/view?usp=drive_link,WK,6,01. January 2025 REVISED Traffic Instructions.xlsx,
WK-HUNT-0125-05-30_Commercial Vehicle,30 Commercial Vehicle,30,HSV,TV,2025,,,https://drive.google.com/file/d/1Tx8YRPUKxjQxRLjIvc221G7zDrdlezH1/view?usp=drive_link,WK,3,01. January 2025 REVISED Traffic Instructions.xlsx,
WK-HUNT-0125-06-15_Commercial Vehicle,15 Commercial Vehicle,BE,HSV,TV,2025,,,https://drive.google.com/file/d/1cztFZ98cEJjcARFk6Bb8tMSrKlCnKZzk/view?usp=drive_link,WK,6,01. January 2025 REVISED Traffic Instructions.xlsx,
WK-HUNT-0125-07-30_Car Wreck,30 Car Wreck,30,HSV,TV,2025,Car Wreck,,https://drive.google.com/file/d/1cMTWzf1lCFuarf7lTweMPwlRs4QMMRjr/view?usp=drive_link,WK,6,01. January 2025 REVISED Traffic Instructions.xlsx,
WK-HUNT-0125-08-15_Car Wreck,15 Car Wreck,BE,HSV,TV,2025,Car Wreck,,https://drive.google.com/file/d/1k8QBRZCyJzJw6pWAdPqFl2cu2YuF8WNh/view?usp=drive_link,WK,9,01. January 2025 REVISED Traffic Instructions.xlsx,
WK-HUNT-0125-09-30_Injury,30 Injury,30,HSV,TV,2025,,,https://drive.google.com/file/d/18UM0SMIcl04sAe0N0X9DXs5-RDp9bAkk/view?usp=drive_link,WK,3,01. January 2025 REVISED Traffic Instructions.xlsx,
WK-HUNT-0125-10-15_Injury,15 Injury,BE,HSV,TV,2025,,,https://drive.google.com/file/d/14AUSm6IfD9yATdJVTdyZRvY3bdOd7gM4/view?usp=drive_link,WK,3,01. January 2025 REVISED Traffic Instructions.xlsx,
WK-HUNT-0125-88-04_Personal,04 Personal,4,HSV,TV,2025,,,https://drive.google.com/file/d/1i1v5P68FnPTK_hLldMIhQ9sI37G6XWyI/view?usp=drive_link,WK,4,01. January 2025 REVISED Traffic Instructions.xlsx,
WK-HUNT-0125-90-10_Car Wreck,10 Car Wreck,10,HSV,TV,2025,Car Wreck,,https://drive.google.com/file/d/1P7Przns5jfoV-bpABSLXVQuLwrICRLV6/view?usp=drive_link,WK,3,01. January 2025 REVISED Traffic Instructions.xlsx,
WK-HUNT-0125-91-05_Car Wreck,05 Car Wreck,5,HSV,TV,2025,Car Wreck,,https://drive.google.com/file/d/1kNdaFu3p8-gqfqqdnsyeq0IKMpTHusuE/view?usp=drive_link,WK,3,01. January 2025 REVISED Traffic Instructions.xlsx,
WK-HUNT-0125-92-10_Injury,10 Injury,10,HSV,TV,2025,,,https://drive.google.com/file/d/1zmRXzJgQRtL7Pr9tlh2GLUxooZgOy3Rn/view?usp=drive_link,WK,3,01. January 2025 REVISED Traffic Instructions.xlsx,
WK-HUNT-0125-93-05_Injury,05 Injury,5,HSV,TV,2025,,,https://drive.google.com/file/d/18uVcHFlmGkktJLarLrXaJF1jCYgvvqx0/view?usp=drive_link,WK,3,01. January 2025 REVISED Traffic Instructions.xlsx,
WK-HUNT-0225-01-30_There Is A Firm,30 There Is A Firm,30,HSV,TV,2025,Brand,,https://drive.google.com/file/d/1XZr6uSLROqTthIYYG6WUGb_9YqkrUmIq/view?usp=drive_link,WK,4,01. January 2025 REVISED Traffic Instructions.xlsx,
WK-HUNT-0225-02-15_ There Is A Firm,15  There Is A Firm,BE,HSV,TV,2025,Brand,,https://drive.google.com/file/d/1XQIv3COQNq5v6Dc6s2LSICgSzvN0vE64/view?usp=drive_link,WK,10,01. January 2025 REVISED Traffic Instructions.xlsx,
WK-HUNT-0325-01-15_Weekends,15 Weekends,BE,HSV,TV,2025,,,https://drive.google.com/file/d/1t8AZvSfjynQR7dtAia5ZaX2-mKxeTbSs/view?usp=drive_link,WK,16,03. March 2025 Traffic Instructions.xlsx,
WK-HUNT-0325-01-30_There Is A Firm,30 There Is A Firm,30,HSV,TV,2025,Brand,,https://drive.google.com/file/d/1mi9rIuuLqbpHxWHdf_zRi7m4qSzwINj3/view?usp=drive_link,WK,3,05. May 2025 Traffic Instructions.xlsx,
WK-HUNT-0325-02-30_Weekends,30 Weekends,30,HSV,TV,2025,,,https://drive.google.com/file/d/1Fid_B7mlVcz9UO6mz1OdhrcrW7UX6_8Q/view?usp=drive_link,WK,8,03. March 2025 Traffic Instructions.xlsx,
WK-HUNT-0325-03-15_Car Wreck 3step,15 Car Wreck 3step,BE,HSV,TV,2025,Car Wreck,,https://drive.google.com/file/d/1-8h_kNmT-ALR39_It4wBhDCaJi1Q2_l8/view?usp=drive_link,WK,13,03. March 2025 Traffic Instructions.xlsx,
WK-HUNT-0325-04-30_Car Wreck 3step,30 Car Wreck 3step,30,HSV,TV,2025,Car Wreck,,https://drive.google.com/file/d/1jwQddAyjmWGgUs39VDrAMrL4dkwsJjo_/view?usp=drive_link,WK,2,03. March 2025 Traffic Instructions.xlsx,
WK-HUNT-0325-05-15_Working Man,15 Working Man,BE,HSV,TV,2025,Job Injury,,https://drive.google.com/file/d/1OPfOcJuP_zX5pmOg_yF_dZE26eXwEKn-/view?usp=drive_link,WK,14,03. March 2025 Traffic Instructions.xlsx,
WK-HUNT-0325-06-30_ Working Man,30  Working Man,30,HSV,TV,2025,Job Injury,,https://drive.google.com/file/d/1CHI4bkgtU9NrwCFPIiW6hPTEDdlUHfL7/view?usp=drive_link,WK,2,03. March 2025 Traffic Instructions.xlsx,
WK-HUNT-0325-07-15_Premise,15 Premise,BE,HSV,TV,2025,Premise Injury,,https://drive.google.com/file/d/1nPIxDK7djFxjCa1sJp02pY8TMTrCVMiK/view?usp=drive_link,WK,5,03. March 2025 Traffic Instructions.xlsx,
WK-HUNT-0325-08-30_ Premise Injury,30  Premise Injury,30,HSV,TV,2025,Premise Injury,,https://drive.google.com/file/d/1KDiBiMfW7HS3jGEpFS9U9HcS7kYwHpLy/view?usp=drive_link,WK,1,03. March 2025 Traffic Instructions.xlsx,
WK-HUNT-0325-09-15_Branding Legacy,15 Branding Legacy,BE,HSV,TV,2025,Brand,,https://drive.google.com/file/d/1K668qJfSWtcpWXH4AlP304oW-ocSyBi4/view?usp=drive_link,WK,1,03. March 2025 Traffic Instructions.xlsx,
WK-HUNT-0325-10-30_Branding Legacy,30 Branding Legacy,30,HSV,TV,2025,Brand,,https://drive.google.com/file/d/1rrSgvviMicP9y0daPJFRoHhMOx6cjzAB/view?usp=drive_link,WK,7,03. March 2025 Traffic Instructions.xlsx,
WK-HUNT-0325-11-15_Trucking 2,15 Trucking 2,BE,HSV,TV,2025,Trucking,,https://drive.google.com/file/d/19_9eJTiwB3r6yMLy1V8lHKGfHQvPTyMR/view?usp=drive_link,WK,12,03. March 2025 Traffic Instructions.xlsx,
WK-HUNT-0325-12-30_Trucking 2,30 Trucking 2,30,HSV,TV,2025,Trucking,,https://drive.google.com/file/d/1Kw5nDL2yjvEqZ-QFItDI9xsSCYTbkkgL/view?usp=drive_link,WK,1,03. March 2025 Traffic Instructions.xlsx,
WK-HUNT-0325-14-30_Different,30 Different,30,HSV,TV,2025,Brand,,https://drive.google.com/file/d/1DxeZMOPlLZlcGrGfAGkTQUYapRUZtyVO/view?usp=drive_link,WK,3,06. June 2025 Traffic Instructions.xlsx,
WK-HUNT-0325-15-15_Commercial Accident,15 Commercial Accident,BE,HSV,TV,2025,Trucking,,https://drive.google.com/file/d/18UPCk_wD-KrxCSg3xgc7zWfhpRLU_gM-/view?usp=drive_link,WK,3,04. April 2025 Traffic Instructions.xlsx,
WK-HUNT-0325-18-30_Mother’s Wreck,30 Mother’s Wreck,30,HSV,TV,2025,Car Wreck,,https://drive.google.com/file/d/1FhyfOxjqjTOeDjRyRp96PEEUwaNhr-Fc/view?usp=drive_link,WK,10,04. April 2025 Traffic Instructions.xlsx,
WK-HUNT-0325-19-15_Distracted Cell Phones,15 Distracted Cell Phones,BE,HSV,TV,2025,Car Wreck,,https://drive.google.com/file/d/1hgJq-_5CvJx6bqP-Df3SZN83HHy7l1gP/view?usp=drive_link,WK,7,03. March 2025 Traffic Instructions.xlsx,
WK-HUNT-0325-20-30_ Distracted Cell Phones,30  Distracted Cell Phones,30,HSV,TV,2025,Car Wreck,,https://drive.google.com/file/d/1p0ZwN9794Bl6s6Vz8THoVPOprfU3lIdx/view?usp=drive_link,WK,1,03. March 2025 Traffic Instructions.xlsx,
WK-HUNT-0325-88-04_Personal,04 Personal,4,HSV,TV,2025,,,https://drive.google.com/file/d/1zzLIVpFXPIO0hDfqcvTOaV6REH8LynCI/view?usp=drive_link,WK,8,03. March 2025 Traffic Instructions.xlsx,
WK-HUNT-0325-91-05_Car Wreck,05 Car Wreck,5,HSV,TV,2025,Car Wreck,,https://drive.google.com/file/d/19lo8QK8y84pLNue1vHP3cSeCZMNgJDLe/view?usp=drive_link,WK,7,04. April 2025 Traffic Instructions.xlsx,
WK-HUNT-0325-92-10_Car Wreck,10 Car Wreck,10,HSV,TV,2025,Car Wreck,,https://drive.google.com/file/d/1AZZL5DsMEM4ncVilmjcLHrSUqOSPUYV6/view?usp=drive_link,WK,7,04. April 2025 Traffic Instructions.xlsx,
WK-HUNT-0325-93-05_Premise Injury,05 Premise Injury,5,HSV,TV,2025,Premise Injury,,https://drive.google.com/file/d/1NkN8PzpVI81cBYSIiNBAXqIcWy3tW2Gb/view?usp=drive_link,WK,7,04. April 2025 Traffic Instructions.xlsx,
WK-HUNT-0325-93-10_Premise Injury,10 Premise Injury,10,HSV,TV,2025,Premise Injury,,https://drive.google.com/file/d/1ujMWbyL_nkeIGP475L4pRVBe6vyQLaz3/view?usp=drive_link,WK,7,04. April 2025 Traffic Instructions.xlsx,
WK-HUNT-0525-01-15_Car Wreck,15 Car Wreck,BE,HSV,TV,2025,Car Wreck,,https://drive.google.com/file/d/1q3qnRqCuIQN_kHkfIrVwZnQuK9LCTh75/view?usp=drive_link,WK,8,06. June 2025 Traffic Instructions.xlsx,
WK-HUNT-0525-03-15_Trucking Accident,15 Trucking Accident,BE,HSV,TV,2025,Trucking,,https://drive.google.com/file/d/1QBynwbCeuR5LITBFe_xTarDbhFW5itkj/view?usp=drive_link,WK,3,06. June 2025 Traffic Instructions.xlsx,
WK-HUNT-0525-05-15_Work Comp,15 Work Comp,BE,HSV,TV,2025,Job Injury,,https://drive.google.com/file/d/1W-VlyrYL7XKXZpJDa6w9tzuHL6uh91EM/view?usp=drive_link,WK,7,06. June 2025 Traffic Instructions.xlsx,
WK-HUNT-0625-07-15_Commercial Vehicle,15 Commercial Vehicle,BE,HSV,TV,2025,,,https://drive.google.com/file/d/1EoeUakF_0UlYglP5_KKEZN5Km3y0TMEc/view?usp=drive_link,WK,3,07. July 2025 Traffic Instructions.xlsx,
WK-HUNT-0625-08-15_Premise Injury,15 Premise Injury,BE,HSV,TV,2025,Premise Injury,,https://drive.google.com/file/d/1jZiC9RP4fNasCuTwO1CJJsWBN5jQXDZ1/view?usp=drive_link,WK,8,07. July 2025 Traffic Instructions.xlsx,
WK-HUNT-0725-02-30_Personal,30 Personal,30,HSV,TV,2025,,,https://drive.google.com/file/d/1U6P99xsXUwQcFJI9Yt_3Yw-O2nUXoHzH/view?usp=drive_link,WK,4,09. September 2025 Traffic Instructions.xlsx,
WK-HUNT-0825-03-30_Award Winning,30 Award Winning,30,HSV,TV,2025,,,https://drive.google.com/file/d/1hhoEhzC7tbfgmYhc5TJHT_BzL0PnVcCf/view?usp=drive_link,WK,1,10. October 2025 Traffic Instructions.xlsx,
WK-KNOX-0120-07 -Motorcycle_10.mpg,Motorcycle,10,KNX,TV,2020,Motorcycle,,,WK,2,August-October 2022 Traffic Instructions.xlsx,
WK-KNOX-0520-04_Motorcycle_30.mpg,WK-KNOX-0520-04_Motorcycle_30.mpg,30,KNX,TV,2020,Motorcycle,,https://drive.google.com/file/d/1ezERNK0PoQrnjiPSsHsrNBuCSQK7MqSw/view?usp=drive_link,WK,1,June-August 2023 Traffic Instructions.xlsx,
WK-KNOX-0520-06_Motorcycle_15b.mpg,WK-KNOX-0520-06_Motorcycle_15b.mpg,BE,KNX,TV,2020,Motorcycle,,https://drive.google.com/file/d/1d5nOoceI0zTBX7s_U5_hSb7JRew-VYXB/view?usp=drive_link,WK,1,June-August 2023 Traffic Instructions.xlsx,
WK-KNOX-0620-01_18Wheeler_30.mpg,WK-KNOX-0620-01_18Wheeler_30.mpg,30,KNX,TV,2020,Trucking,,,WK,3,April-May 2023 Traffic Instructions.xlsx,
WK-KNOX-0620-02_18Wheeler_15a.mpg,WK-KNOX-0620-02_18Wheeler_15a.mpg,BE,KNX,TV,2020,Trucking,,,WK,2,April-May 2023 Traffic Instructions.xlsx,
WK-KNOX-0620-03_18Wheeler_15b.mpg,WK-KNOX-0620-03_18Wheeler_15b.mpg,BE,KNX,TV,2020,Trucking,,https://drive.google.com/file/d/1L4oNYO_0BdHXy96fLbJdl-5OGEs__JnV/view?usp=drive_link,WK,1,June-August 2023 Traffic Instructions.xlsx,
WK-KNOX-0620-12_ Distracted_10.mpg,Distracted,10,KNX,TV,2020,Car Wreck,,,WK,2,August-October 2022 Traffic Instructions.xlsx,
WK-KNOX-0620-13_Distracted_05,WK-KNOX-0620-13_Distracted_05,5,KNX,TV,2020,Car Wreck,,,WK,2,August-October 2022 Traffic Instructions.xlsx,
WK-KNOX-0620-13_Distracted_05.mpg,WK-KNOX-0620-13_Distracted_05.mpg,5,KNX,TV,2020,Car Wreck,,good,WK,4,August-October 2022 Traffic Instructions.xlsx,
WK-KNOX-0620-16_CarCrashImage_30.mpg,WK-KNOX-0620-16_CarCrashImage_30.mpg,30,KNX,TV,2020,Car Wreck,,https://drive.google.com/file/d/1HF2oftMY7V5FqL8CmOZQo2aJi7ud3mRu/view?usp=drive_link,WK,1,June-August 2023 Traffic Instructions.xlsx,
WK-KNOX-0620-18_CarCrashImage_15B.mpg,WK-KNOX-0620-18_CarCrashImage_15B.mpg,BE,KNX,TV,2020,Car Wreck,,https://drive.google.com/file/d/1CcDDKilSb7smwLN3yk_lxaZ4CoW1am-h/view?usp=drive_link,WK,1,June-August 2023 Traffic Instructions.xlsx,
WK-KNOX-0620-22_Puzzle_30.mpg,WK-KNOX-0620-22_Puzzle_30.mpg,30,KNX,TV,2020,Brand,,https://drive.google.com/file/d/1C-4LS6WsrGqkxeIPp2ZFSn6a6aznn3Lo/view?usp=drive_link,WK,1,June-August 2023 Traffic Instructions.xlsx,
WK-KNOX-0620-31_Workers_30.mpg,WK-KNOX-0620-31_Workers_30.mpg,30,KNX,TV,2020,Job Injury,,good,WK,5,August-October 2022 Traffic Instructions.xlsx,
WK-KNOX-0620-32_Workers_15A.mpg,WK-KNOX-0620-32_Workers_15A.mpg,BE,KNX,TV,2020,Job Injury,,good,WK,4,August-October 2022 Traffic Instructions.xlsx,
WK-KNOX-0620-34_WorkingMan_30.mpg,WK-KNOX-0620-34_WorkingMan_30.mpg,30,KNX,TV,2020,,,https://drive.google.com/file/d/1kYEy_P-qd8Xz9EJopL20JzWmVmWPBKwG/view?usp=drive_link,WK,4,August-October 2022 Traffic Instructions.xlsx,
WK-KNOX-0620-35_WorkingMan_15A.mpg,WK-KNOX-0620-35_WorkingMan_15A.mpg,BE,KNX,TV,2020,,,https://drive.google.com/file/d/1Q6kJrSyQq8ice187QWpkRLtzq1zUD627/view?usp=drive_link,WK,4,August-October 2022 Traffic Instructions.xlsx,
WK-KNOX-0121-01_18Wheeler_10.mpg,WK-KNOX-0121-01_18Wheeler_10.mpg,10,KNX,TV,2021,Trucking,,good,WK,4,August-October 2022 Traffic Instructions.xlsx,
WK-KNOX-0121-03_CarCrashImage_10.mpg,WK-KNOX-0121-03_CarCrashImage_10.mpg,10,KNX,TV,2021,Car Wreck,,https://drive.google.com/file/d/1NcK5rd5CQI-7Mg8BvyzwwpscVx64Ai22/view?usp=drive_link,WK,1,June-August 2023 Traffic Instructions.xlsx,
WK-KNOX-0121-04_CarCrashImage_05.mpg,WK-KNOX-0121-04_CarCrashImage_05.mpg,5,KNX,TV,2021,Car Wreck,,https://drive.google.com/file/d/1rQEcxVDcOQJN75hiT71oy-sAM1tpaXkr/view?usp=drive_link,WK,1,June-August 2023 Traffic Instructions.xlsx,
WK-KNOX-0121-07_Workers_10.mpg,WK-KNOX-0121-07_Workers_10.mpg,10,KNX,TV,2021,Job Injury,,good,WK,4,August-October 2022 Traffic Instructions.xlsx,
WK-KNOX-0121-08_Workers_05.mpg,WK-KNOX-0121-08_Workers_05.mpg,5,KNX,TV,2021,Job Injury,,good,WK,4,August-October 2022 Traffic Instructions.xlsx,
WK-KNOX-0121-11_NameKnow_05,WK-KNOX-0121-11_NameKnow_05,5,KNX,TV,2021,,,,WK,2,August-October 2022 Traffic Instructions.xlsx,
WK-KNOX-0121-12_Shattered_10.mpg,WK-KNOX-0121-12_Shattered_10.mpg,10,KNX,TV,2021,Brand,,https://drive.google.com/file/d/1Y5t7HjV4JJFioQoscTvXLJ9TmO6tnm1w/view?usp=drive_link,WK,1,June-August 2023 Traffic Instructions.xlsx,
WK-KNOX-0121-13_Shattered_05.mpg,WK-KNOX-0121-13_Shattered_05.mpg,5,KNX,TV,2021,Brand,,https://drive.google.com/file/d/1uWpwDLVJkl51GbuDDVmp4fsoq1WaERqc/view?usp=drive_link,WK,1,June-August 2023 Traffic Instructions.xlsx,
WK-KNOX-0421-01_04sec.mpg,WK-KNOX-0421-01_04sec.mpg,4,KNX,TV,2021,,,good,WK,5,August-October 2022 Traffic Instructions.xlsx,
WK-KNOX -0421-01_04sec,WK KNOX  0421 01 04sec,,KNX,TV,2022,,,,WK,2,August-October 2022 Traffic Instructions.xlsx,
WK-KNOX-0622-01_Commercial-Accident-30.mpg,Accident,30,KNX,TV,2022,,,good,WK,2,August-October 2022 Traffic Instructions.xlsx,
WK-KNOX-0622-02_Commercial-Accident-15A.mpg,Accident,BE,KNX,TV,2022,,,good,WK,2,August-October 2022 Traffic Instructions.xlsx,
WK-KNOX-0622-03_Commercial-Accident-15B.mpg,Accident,BE,KNX,TV,2022,,,https://drive.google.com/file/d/1rfqk335yYGWbjDq2_eIz7wKXFLqIH2Nz/view?usp=drive_link,WK,6,Christmas Spot December 2023 Traffic Instructions.xlsx,
WK-KNOX-0622-04_Distracted-Cell-Phones-30.mpg,Cell Phones,30,KNX,TV,2022,,,good,WK,15,August-October 2022 Traffic Instructions.xlsx,
WK-KNOX-0622-05_Distracted-Cell-Phones-15A.mpg,Cell Phones,BE,KNX,TV,2022,,,https://drive.google.com/file/d/1QoJqUbcI_ivt5wMs1q1Og14PhHUqWC3Y/view?usp=drive_link,WK,6,Christmas Spot December 2023 Traffic Instructions.xlsx,
WK-KNOX-0622-06_Distracted-Cell-Phones-15B.mpg,Cell Phones,BE,KNX,TV,2022,,,good,WK,6,August-October 2022 Traffic Instructions.xlsx,
WK-KNOX-0622-07_Headlines-18-Wheeler_30.mpg,18 Wheeler,30,KNX,TV,2022,Trucking,,,WK,2,August-October 2022 Traffic Instructions.xlsx,
WK-KNOX-0622-09-Headlines-18-Wheeler _15B.mpg,Headlines 18 Wheeler,BE,KNX,TV,2022,Trucking,,,WK,2,August-October 2022 Traffic Instructions.xlsx,
WK-KNOX-0622-10_Mothers-Wreck-30.mpg,Wreck,30,KNX,TV,2022,Car Wreck,,,WK,3,April-May 2023 Traffic Instructions.xlsx,
WK-KNOX-0622-10_Mothers-Wreck_30.mpg,Wreck,30,KNX,TV,2022,Car Wreck,,,WK,2,August-October 2022 Traffic Instructions.xlsx,
WK-KNOX-0622-11_Mothers-Wreck-15.mpg,Wreck,BE,KNX,TV,2022,Car Wreck,,https://drive.google.com/file/d/1rot5ItxhkiNmgaDeEQY-Q7U5KZ1zfi2e/view?usp=drive_link,WK,10,August-October 2022 Traffic Instructions.xlsx,
WK-KNOX-0622-12_Parents 30.mpg,WK-KNOX-0622-12_Parents 30.mpg,30,KNX,TV,2022,,,good,WK,6,August-October 2022 Traffic Instructions.xlsx,
WK-KNOX-0622-13_Parents 15.mpg,WK-KNOX-0622-13_Parents 15.mpg,BE,KNX,TV,2022,,,good,WK,5,August-October 2022 Traffic Instructions.xlsx,
WK-KNOX-0622-15_Different 30.mpg,WK-KNOX-0622-15_Different 30.mpg,30,KNX,TV,2022,Brand,,good,WK,2,August-October 2022 Traffic Instructions.xlsx,
WK-KNOX-0622-16_Different 15A.mpg,WK-KNOX-0622-16_Different 15A.mpg,BE,KNX,TV,2022,Brand,,good,WK,2,August-October 2022 Traffic Instructions.xlsx,
WK-KNOX-0622-18_Premise Injury 30.mpg,Injury,30,KNX,TV,2022,,,https://drive.google.com/file/d/1QDTN993hBKMpOeAMO8pI8gb_hHe9SCJD/view?usp=drive_link,WK,10,Christmas Spot December 2023 Traffic Instructions.xlsx,
WK-KNOX-0622-18_PremiseInjury_30.mpg,WK-KNOX-0622-18_PremiseInjury_30.mpg,30,KNX,TV,2022,Premise Injury,,,WK,2,August-October 2022 Traffic Instructions.xlsx,
WK-KNOX-0622-19_Premise Injury 15a.mpg,Injury,BE,KNX,TV,2022,,,https://drive.google.com/file/d/1UAJZpX2fM1KXAPM7S8HLRJLQIn0mcBYJ/view?usp=drive_link,WK,6,Christmas Spot December 2023 Traffic Instructions.xlsx,
WK-KNOX-0622-20_Premise Injury 15b.mpg,Injury,BE,KNX,TV,2022,,,https://drive.google.com/file/d/1EkChrw8TIw-8sltpHmFEiDN5x7CpzdbX/view?usp=drive_link,WK,1,June-August 2023 Traffic Instructions.xlsx,
WK-KNOX-0622-21R_Things to Do Accident 30.mpg,to Do Accident,30,KNX,TV,2022,,,good,WK,5,August-October 2022 Traffic Instructions.xlsx,
WK-KNOX-0622-21R_ThingstoDoAccident_30.mpg,WK-KNOX-0622-21R_ThingstoDoAccident_30.mpg,30,KNX,TV,2022,,,,WK,2,August-October 2022 Traffic Instructions.xlsx,
WK-KNOX-0622-22R_Things to Do Accident 15A.mpg,to Do Accident,BE,KNX,TV,2022,,,good,WK,4,August-October 2022 Traffic Instructions.xlsx,
WK-KNOX-0622-22R_ThingtoDoAccident_15A.mpg,WK-KNOX-0622-22R_ThingtoDoAccident_15A.mpg,BE,KNX,TV,2022,,,,WK,2,August-October 2022 Traffic Instructions.xlsx,
WK-KNOX-0622–15_Different_30.mpg,WK KNOX 0622–15 Different,30,KNX,TV,2022,Brand,,,WK,2,August-October 2022 Traffic Instructions.xlsx,
WK-KNOX-0622–19_PremiseInjury_15a.mpg,WK KNOX 0622–19 PremiseInjury,BE,KNX,TV,2022,Premise Injury,,,WK,2,August-October 2022 Traffic Instructions.xlsx,
WK-KNOX-0722-01_More Than Size 30.mpg,Than Size,30,KNX,TV,2022,,,good,WK,6,August-October 2022 Traffic Instructions.xlsx,
WK-KNOX-0722-01_MoreThanSize_30mpg,WK-KNOX-0722-01_MoreThanSize_30mpg,30,KNX,TV,2022,,,,WK,2,August-October 2022 Traffic Instructions.xlsx,
WK-KNOX-0722-02_More Than Size 15.mpg,Than Size,BE,KNX,TV,2022,,,good,WK,5,August-October 2022 Traffic Instructions.xlsx,
WK-KNOX-0722-02_MoreThanSize_15.mpg,WK-KNOX-0722-02_MoreThanSize_15.mpg,BE,KNX,TV,2022,,,,WK,2,August-October 2022 Traffic Instructions.xlsx,
WK-KNOX-0722-03_Jonathan 30.mpg,WK-KNOX-0722-03_Jonathan 30.mpg,30,KNX,TV,2022,Testimonial,,https://drive.google.com/file/d/1hkmaZUGBRJeA53p9gqky-XcfzXmcuoTN/view?usp=drive_link,WK,10,Christmas Spot December 2023 Traffic Instructions.xlsx,
WK-KNOX-0722-04_Jonathan 15.mpg,WK-KNOX-0722-04_Jonathan 15.mpg,BE,KNX,TV,2022,Testimonial,,https://drive.google.com/file/d/1mYtO77k1tL-7mUrcDoVg3O4lBNBrIJRm/view?usp=drive_link,WK,7,Christmas Spot December 2023 Traffic Instructions.xlsx,
WK-KNOX-0722-05_Options 30.mpg,WK-KNOX-0722-05_Options 30.mpg,30,KNX,TV,2022,Brand,,good,WK,5,August-October 2022 Traffic Instructions.xlsx,
WK-KNOX-0722-05_Options_30.mpg,WK-KNOX-0722-05_Options_30.mpg,30,KNX,TV,2022,Brand,,,WK,2,August-October 2022 Traffic Instructions.xlsx,
WK-KNOX-0722-06_Options 15.mpg,WK-KNOX-0722-06_Options 15.mpg,BE,KNX,TV,2022,Brand,,good,WK,4,August-October 2022 Traffic Instructions.xlsx,
WK-KNOX-0722-06_Options_15.mpg,WK-KNOX-0722-06_Options_15.mpg,BE,KNX,TV,2022,Brand,,,WK,2,August-October 2022 Traffic Instructions.xlsx,
WK-1120-01 Thanksgiving.mpg,WK 1120 01 Thanksgiving,30,KNX,TV,2023,Seasonal,,https://drive.google.com/file/d/1REQJOHr579F1ShCg1cfetc2RyJ24KEpn/view?usp=drive_link,WK,2,Thanksgiving Spot November 2023 Traffic Instructions.xlsx,
WK-1120-02 Thanksgiving 15.mpg,WK 1120 02 Thanksgiving,15,KNX,TV,2023,Seasonal,,https://drive.google.com/file/d/16W7YfIRjFsimVLgm98eYFgE_WENE_xry/view?usp=drive_link,WK,1,Thanksgiving Spot November 2023 Traffic Instructions.xlsx,
WK-1122-01 Christmas 30.mpg,WK 1122 01 Christmas,30,KNX,TV,2023,Seasonal,,https://drive.google.com/file/d/1QWCt_XM7hX7bPWX4PU_JW4luPk1Nr0P9/view?usp=drive_link,WK,3,Christmas Spot December 2023 Traffic Instructions.xlsx,
WK-KNOX-0623-1_Commercial-Accident-30,Accident,30,KNX,TV,2023,,,https://drive.google.com/file/d/1pgH_Z_E2QGXNmVOPkkjAHrLeiHDZ_NpR/view?usp=drive_link,WK,10,Christmas Spot December 2023 Traffic Instructions.xlsx,
WK-KNOX-0623_15A Different_2,Different 2,BE,KNX,TV,2023,Brand,,https://drive.google.com/file/d/18NtSOXpPueP8DQOUhyQBk8CvnxLjf0yp/view?usp=drive_link,WK,1,June-August 2023 Traffic Instructions.xlsx,
WK-KNOX-0623_30 Different_1,Different 1,30,KNX,TV,2023,Brand,,https://drive.google.com/file/d/19awUt-30LQDiQC-Gmyym_nYfN_ID_9WX/view?usp=drive_link,WK,1,June-August 2023 Traffic Instructions.xlsx,
WK-KNOX-0823-10_Mothers-Wreck-30,Wreck,30,KNX,TV,2023,Car Wreck,,https://drive.google.com/file/d/18sjWtGvjgAClz8wT-7XQMl4A_eIqUviN/view?usp=drive_link,WK,9,Christmas Spot December 2023 Traffic Instructions.xlsx,
WK-KNOX-0823-16_Puzzle-30,WK-KNOX-0823-16_Puzzle-30,30,KNX,TV,2023,Brand,,https://drive.google.com/file/d/1GFEx1rFIwCJE6kQFVl7K6j57Uo0jIkzx/view?usp=drive_link,WK,8,Christmas Spot December 2023 Traffic Instructions.xlsx,
WK-KNOX-0823-17_Puzzle-15,WK-KNOX-0823-17_Puzzle-15,BE,KNX,TV,2023,Brand,,https://drive.google.com/file/d/1H6pBjsB6FORctP7GPSbQfkctWayUv4JA/view?usp=drive_link,WK,6,Christmas Spot December 2023 Traffic Instructions.xlsx,
WK-KNOX-0823-26_Questions-30,WK-KNOX-0823-26_Questions-30,30,KNX,TV,2023,Questions,,https://drive.google.com/file/d/1ST-3BG_5xKNLMmZ7Q7A61HGtzbFyoE2p/view?usp=drive_link,WK,11,Christmas Spot December 2023 Traffic Instructions.xlsx,
WK-KNOX-0823-27_Questions-15,WK-KNOX-0823-27_Questions-15,BE,KNX,TV,2023,Questions,,https://drive.google.com/file/d/1Btr57hamRL9K3uU4Th5Hx_OwQCz7nFIk/view?usp=drive_link,WK,6,Christmas Spot December 2023 Traffic Instructions.xlsx,
WK-KNOX-0823-5_Different-5,5,5,KNX,TV,2023,,,https://drive.google.com/file/d/1HIuSXKOEChqgf8f5-VQc63GOaTv9NI0P/view?usp=drive_link,WK,7,Christmas Spot December 2023 Traffic Instructions.xlsx,
WK-KNOX-0923-01_General-05,WK-KNOX-0923-01_General-05,5,KNX,TV,2023,,,https://drive.google.com/file/d/1b_sZQDt5HlEyWua10Ans8-ehWJ7Uay_p/view?usp=drive_link,WK,7,Christmas Spot December 2023 Traffic Instructions.xlsx,
WK-KNOX-0923-02_Distracted-Cell-Phones-10,Cell Phones,10,KNX,TV,2023,,,https://drive.google.com/file/d/1ZSuHazMOZ-ZjAJQma6JuqhEI0l0gTaHs/view?usp=drive_link,WK,7,Christmas Spot December 2023 Traffic Instructions.xlsx,
WK-KNOX-0923-03_Different-10,WK-KNOX-0923-03_Different-10,10,KNX,TV,2023,Brand,,https://drive.google.com/file/d/1i_ZkfPhC7i8OVLrHAYHYnJRINmwXsZnQ/view?usp=drive_link,WK,7,Christmas Spot December 2023 Traffic Instructions.xlsx,
WK-KNOX-0923-04_General-4.mov,4,4,KNX,TV,2023,,,https://drive.google.com/file/d/1BqaPFNNiwSUCw213M_PEve-zlvuRnwus/view?usp=drive_link,WK,4,Christmas Spot December 2023 Traffic Instructions.xlsx,
WK-KNOX-0923-6_Working Man 30.mov,Man,30,KNX,TV,2023,,,https://drive.google.com/file/d/1SVqQTbWY-7XOnGVNDeja_g4IdHg0mCiY/view?usp=drive_link,WK,11,Christmas Spot December 2023 Traffic Instructions.xlsx,
WK-KNOX-0923-7_Working Man 15.mov,Man,BE,KNX,TV,2023,,,https://drive.google.com/file/d/1kSfbUmmA6lnTW5T-VM7xtehdvEXL_UJl/view?usp=drive_link,WK,6,Christmas Spot December 2023 Traffic Instructions.xlsx,
WK-KNOX-1223-04_Hurt-In-A-Wreck.mov,In A Wreck,4,KNX,TV,2023,Car Wreck,,https://drive.google.com/file/d/1-czQ7oDYzCMBezMmUKOE2KYXHZq6VKl_/view?usp=drive_link,WK,3,01. January 2024 Traffic Instructions.xlsx,
WK-Memorial Day 2023,WK Memorial Day 2023,30,KNX,TV,2023,Seasonal,,,WK,1,Memorial Day 2023 Traffic Instructions.xlsx,
WK-0524-01-30_Memorial Day 2024.mpg,WK 0524 01 30 Memorial Day 2024,30,KNX,TV,2024,Seasonal,,https://drive.google.com/file/d/1tPj9Oe3itWQ5B4r9fmdauR8cVjB1uBeI/view?usp=drive_link,WK,1,05. May-June 2024 Traffic Instructions.xlsx,
WK-1024-15_Happy Thanksgiving,WK 1024 15 Happy Thanksgiving,BE,KNX,TV,2024,Seasonal,,https://drive.google.com/file/d/15dBUYDtEMWfqNDzQ9fQ4wnHJH4HHDN98/view?usp=drive_link,WK,2,Thanksgiving Spot November 2024 Traffic Instructions.xlsx,
WK-1024-30_Happy Thanksgiving,WK 1024 30 Happy Thanksgiving,30,KNX,TV,2024,Seasonal,,https://drive.google.com/file/d/1lDusNe7E7BkjHCUbyRXkZvIxkA-IXR9-/view?usp=drive_link,WK,2,Thanksgiving Spot November 2024 Traffic Instructions.xlsx,
WK-KNOX-0224-01_30 Lunch Pail.mpg,Lunch Pail,30,KNX,TV,2024,,,https://drive.google.com/file/d/1js6bi-YbIhWOu-AhVyKywmThv7UOqOuC/view?usp=drive_link,WK,6,02. February 2024 Traffic Instructions.xlsx,
WK-KNOX-0224-02_15 Lunch Pail.mpg,Lunch Pail,BE,KNX,TV,2024,,,https://drive.google.com/file/d/1hT0-gpshfxwV8TWVqqU0nC_gJnyCB1HN/view?usp=drive_link,WK,5,02. February 2024 Traffic Instructions.xlsx,
WK-KNOX-0224-03_30 Channel Flipping.mpg,Channel Flipping,30,KNX,TV,2024,,,https://drive.google.com/file/d/1gcyqSb870LLQ1K3M9pBJsM7OQQ6CSRbg/view?usp=drive_link,WK,8,04. April-May 2024 Traffic Instructions.xlsx,
WK-KNOX-0224-04_15 Channel Flipping.mpg,Channel Flipping,BE,KNX,TV,2024,,,https://drive.google.com/file/d/1awFzS8kbbe8HdQlsy5Fq1Z7-QzdI4ztp/view?usp=drive_link,WK,3,04. April-May 2024 Traffic Instructions.xlsx,
WK-KNOX-0224-05_30 Insurance Experts,Insurance Experts,30,KNX,TV,2024,,,https://drive.google.com/file/d/1adIxKmCMXY4PHHi9vm2yVU-LMspEzi0E/view?usp=drive_link,WK,2,10. October 2024 Traffic Instructions.xlsx,
WK-KNOX-0224-05_30 Insurance Experts.mpg,Insurance Experts,30,KNX,TV,2024,,,https://drive.google.com/file/d/1adIxKmCMXY4PHHi9vm2yVU-LMspEzi0E/view?usp=drive_link,WK,12,02. February 2024 Traffic Instructions.xlsx,
WK-KNOX-0224-06_15 Insurance Experts,Insurance Experts,BE,KNX,TV,2024,,,https://drive.google.com/file/d/1ps9xPOEX33bIA0Iz7vxMqgc7qx8Jp-Pb/view?usp=drive_link,WK,2,10. October 2024 Traffic Instructions.xlsx,
WK-KNOX-0224-06_15 Insurance Experts.mpg,Insurance Experts,BE,KNX,TV,2024,,,https://drive.google.com/file/d/1ps9xPOEX33bIA0Iz7vxMqgc7qx8Jp-Pb/view?usp=drive_link,WK,6,02. February 2024 Traffic Instructions.xlsx,
WK-KNOX-0224-07_30 Communication,Communication,30,KNX,TV,2024,,,https://drive.google.com/file/d/1ZX5EEKsHnhlel8IdMKGCswk64pVEFyZB/view?usp=drive_link,WK,1,09. September 2024 Traffic Instructions.xlsx,
WK-KNOX-0224-07_30 Communication.mpg,Communication,30,KNX,TV,2024,,,https://drive.google.com/file/d/1ZX5EEKsHnhlel8IdMKGCswk64pVEFyZB/view?usp=drive_link,WK,3,02. February 2024 Traffic Instructions.xlsx,
WK-KNOX-0224-08_15 Communication,Communication,BE,KNX,TV,2024,,,https://drive.google.com/file/d/1Gjb1Q1nQIjKXQ1AitmKEev0u3Tk6sBVM/view?usp=drive_link,WK,1,09. September 2024 Traffic Instructions.xlsx,
WK-KNOX-0224-08_15 Communication.mpg,Communication,BE,KNX,TV,2024,,,https://drive.google.com/file/d/1Gjb1Q1nQIjKXQ1AitmKEev0u3Tk6sBVM/view?usp=drive_link,WK,3,02. February 2024 Traffic Instructions.xlsx,
WK-KNOX-0224-09_30 Auto Accidents,Auto Accidents,30,KNX,TV,2024,Car Wreck,,https://drive.google.com/file/d/1ups4c-lQpfaWmjdqFVl20v7571E9yzDy/view?usp=drive_link,WK,5,08. August 2024 Traffic Instructions.xlsx,
WK-KNOX-0224-09_30 Auto Accidents.mpg,Auto Accidents,30,KNX,TV,2024,Car Wreck,,https://drive.google.com/file/d/1ups4c-lQpfaWmjdqFVl20v7571E9yzDy/view?usp=drive_link,WK,6,02. February 2024 Traffic Instructions.xlsx,
WK-KNOX-0224-10_15 Auto Accidents,Auto Accidents,BE,KNX,TV,2024,Car Wreck,,https://drive.google.com/file/d/1vazbgMj2YGpZfg4iINXcRJxHnDUfiIer/view?usp=drive_link,WK,3,10. October 2024 Traffic Instructions.xlsx,
WK-KNOX-0224-10_15 Auto Accidents.mpg,Auto Accidents,BE,KNX,TV,2024,Car Wreck,,https://drive.google.com/file/d/1vazbgMj2YGpZfg4iINXcRJxHnDUfiIer/view?usp=drive_link,WK,3,02. February 2024 Traffic Instructions.xlsx,
WK-KNOX-0224-11_30 Commercial Vehicles.mpg,Commercial Vehicles,30,KNX,TV,2024,,,https://drive.google.com/file/d/1qQJyx_0RFCrZHRK89JfojtIjIhnmHY1e/view?usp=drive_link,WK,2,02. February 2024 Traffic Instructions.xlsx,
WK-KNOX-0224-12_15 Commercial Vehicles,Commercial Vehicles,BE,KNX,TV,2024,,,https://drive.google.com/file/d/1699SiZJBiMY8nlMWlXqndbYkj7hD-itB/view?usp=drive_link,WK,3,Thanksgiving Spot November 2024 Traffic Instructions.xlsx,
WK-KNOX-0224-12_15 Commercial Vehicles.mpg,Commercial Vehicles,BE,KNX,TV,2024,,,https://drive.google.com/file/d/1699SiZJBiMY8nlMWlXqndbYkj7hD-itB/view?usp=drive_link,WK,2,02. February 2024 Traffic Instructions.xlsx,
WK-KNOX-0224-13_30 Premises Liability,Premises Liability,30,KNX,TV,2024,Premise Injury,,https://drive.google.com/file/d/1Q3w-e3hYwRKIS0alOHqnbHVDej1nK-s3/view?usp=drive_link,WK,4,09. September 2024 Traffic Instructions.xlsx,
WK-KNOX-0224-13_30 Premises Liability.mpg,Premises Liability,30,KNX,TV,2024,Premise Injury,,https://drive.google.com/file/d/1ENCBoIq-cEGU3i5zfkW6lN7tXp6JzfOK/view?usp=drive_link,WK,6,02. February 2024 Traffic Instructions.xlsx,
WK-KNOX-0224-14_15 Premises Liability,Premises Liability,BE,KNX,TV,2024,Premise Injury,,https://drive.google.com/file/d/14fKlBjuFGP-Lt3FrnQbADqZFMrHsnp7b/view?usp=drive_link,WK,6,08. August 2024 Traffic Instructions.xlsx,
WK-KNOX-0224-14_15 Premises Liability.mpg,Premises Liability,BE,KNX,TV,2024,Premise Injury,,https://drive.google.com/file/d/14fKlBjuFGP-Lt3FrnQbADqZFMrHsnp7b/view?usp=drive_link,WK,5,02. February 2024 Traffic Instructions.xlsx,
WK-KNOX-0224-15_15 On The Job Injury,On The Job Injury,BE,KNX,TV,2024,Job Injury,,https://drive.google.com/file/d/1RqsRYXmC2BEMp2aHiNTe0Cl5B6jA5pmE/view?usp=drive_link,WK,4,December 2024 Traffic Instructions.xlsx,
WK-KNOX-0224-15_15 On The Job Injury.mpg,On The Job Injury,BE,KNX,TV,2024,Job Injury,,https://drive.google.com/file/d/1RqsRYXmC2BEMp2aHiNTe0Cl5B6jA5pmE/view?usp=drive_link,WK,8,02. February 2024 Traffic Instructions.xlsx,
WK-KNOX-0224-16_30 On The Job Injury,On The Job Injury,30,KNX,TV,2024,Job Injury,,https://drive.google.com/file/d/12od4qq2SWP18smW_rbIO3Ei_kiJsQEi_/view?usp=drive_link,WK,5,10. October 2024 Traffic Instructions.xlsx,
WK-KNOX-0224-16_30 On The Job Injury.mpg,On The Job Injury,30,KNX,TV,2024,Job Injury,,https://drive.google.com/file/d/12od4qq2SWP18smW_rbIO3Ei_kiJsQEi_/view?usp=drive_link,WK,12,02. February 2024 Traffic Instructions.xlsx,
WK-KNOX-0224-17_30 More To Us.mpg,More To Us,30,KNX,TV,2024,,,https://drive.google.com/file/d/1fhYlLH11kGzr8rQVXiRM8kk-etrZHi25/view?usp=drive_link,WK,3,02. February 2024 Traffic Instructions.xlsx,
WK-KNOX-0224-18_15 More To Us,More To Us,BE,KNX,TV,2024,,,https://drive.google.com/file/d/10DZIuIBbL5oXplNMxwcuRsYX2X1autdA/view?usp=drive_link,WK,1,08. August 2024 Traffic Instructions.xlsx,
WK-KNOX-0224-18_15 More To Us.mpg,More To Us,BE,KNX,TV,2024,,,https://drive.google.com/file/d/10DZIuIBbL5oXplNMxwcuRsYX2X1autdA/view?usp=drive_link,WK,3,02. February 2024 Traffic Instructions.xlsx,
WK-KNOX-0224-91-05_Commercial Vehicles,05 Commercial Vehicles,5,KNX,TV,2024,,,https://drive.google.com/file/d/1HwpsQMn844kar84ru50tJszqxidCDVED/view?usp=drive_link,WK,3,01. January2025 x2 Traffic Instructions.xlsx,
WK-KNOX-0224-91-05_Commercial Vehicles.mpg,05 Commercial Vehicles,5,KNX,TV,2024,,,https://drive.google.com/file/d/1HwpsQMn844kar84ru50tJszqxidCDVED/view?usp=drive_link,WK,9,03. March 2024 Traffic Instructions - NEW AV SPOTS.xlsx,
WK-KNOX-0224-92-10_Commercial Vehicles,10 Commercial Vehicles,10,KNX,TV,2024,,,https://drive.google.com/file/d/1ln3N8PlpuPwAtZcEtkdXu05E8XL6zgHS/view?usp=drive_link,WK,3,01. January2025 x2 Traffic Instructions.xlsx,
WK-KNOX-0224-92-10_Commercial Vehicles.mpg,10 Commercial Vehicles,10,KNX,TV,2024,,,https://drive.google.com/file/d/1ln3N8PlpuPwAtZcEtkdXu05E8XL6zgHS/view?usp=drive_link,WK,9,03. March 2024 Traffic Instructions - NEW AV SPOTS.xlsx,
WK-KNOX-0224-93-05_General Injury.mpg,05 General Injury,5,KNX,TV,2024,,,https://drive.google.com/file/d/1WAlRoksojdLXaOzooklZW9vM7cegwL97/view?usp=drive_link,WK,11,03. March 2024 Traffic Instructions - NEW AV SPOTS.xlsx,
WK-KNOX-0224-94-10_General Injury.mpg,10 General Injury,10,KNX,TV,2024,,,https://drive.google.com/file/d/1S6BHTkDRu6to-Uc5r9WwFPQDkBgprrjk/view?usp=drive_link,WK,11,03. March 2024 Traffic Instructions - NEW AV SPOTS.xlsx,
WK-KNOX-0224-95-05_On The Job Injury,05 On The Job Injury,5,KNX,TV,2024,Job Injury,,https://drive.google.com/file/d/1kMt-d8OLHdIwdRlGuXAvDAIkz8bkaGr-/view?usp=drive_link,WK,4,December 2024 Traffic Instructions.xlsx,
WK-KNOX-0224-95-05_On The Job Injury.mpg,05 On The Job Injury,5,KNX,TV,2024,Job Injury,,https://drive.google.com/file/d/1kMt-d8OLHdIwdRlGuXAvDAIkz8bkaGr-/view?usp=drive_link,WK,5,03. March 2024 Traffic Instructions - NEW AV SPOTS.xlsx,
WK-KNOX-0224-96-10_On The Job Injury,10 On The Job Injury,10,KNX,TV,2024,Job Injury,,https://drive.google.com/file/d/1ADTrLac33NY4bCZTZvcgJlVSfIyhjtJm/view?usp=drive_link,WK,4,December 2024 Traffic Instructions.xlsx,
WK-KNOX-0224-96-10_On The Job Injury.mpg,10 On The Job Injury,10,KNX,TV,2024,Job Injury,,https://drive.google.com/file/d/1ADTrLac33NY4bCZTZvcgJlVSfIyhjtJm/view?usp=drive_link,WK,5,03. March 2024 Traffic Instructions - NEW AV SPOTS.xlsx,
WK-KNOX-0224-97-05_Premises Liability.mpg,05 Premises Liability,5,KNX,TV,2024,Premise Injury,,https://drive.google.com/file/d/1lYMzR70hg-ngatq638kaXz0DG2GYoHhz/view?usp=drive_link,WK,4,03. March 2024 Traffic Instructions - NEW AV SPOTS.xlsx,
WK-KNOX-0224-98-10_Premises Liability.mpg,10 Premises Liability,10,KNX,TV,2024,Premise Injury,,https://drive.google.com/file/d/1yHQfM5PPBCGiQ9cJC5M_aDr5FEbl1k0z/view?usp=drive_link,WK,4,03. March 2024 Traffic Instructions - NEW AV SPOTS.xlsx,
WK-KNOX-0224-99-04_General Injury.mpg,04 General Injury,4,KNX,TV,2024,,,https://drive.google.com/file/d/1oUYTDo6KAj6XE4BC1GslB5JutBdIPTPu/view?usp=drive_link,WK,11,03. March 2024 Traffic Instructions - NEW AV SPOTS.xlsx,
WK-KNOX-0324-01_30 Car Wreck,Car Wreck,30,KNX,TV,2024,Car Wreck,,https://drive.google.com/file/d/1iPow0pySyVykabvVk_1d6VrlKoxo9842/view?usp=drive_link,WK,11,09. September 2024 Traffic Instructions.xlsx,
WK-KNOX-0324-01_30 Car Wreck.mpg,Car Wreck,30,KNX,TV,2024,Car Wreck,,https://drive.google.com/file/d/1iPow0pySyVykabvVk_1d6VrlKoxo9842/view?usp=drive_link,WK,9,04. April-May 2024 Traffic Instructions.xlsx,
WK-KNOX-0324-02_15 Car Wreck,Car Wreck,BE,KNX,TV,2024,Car Wreck,,https://drive.google.com/file/d/1XQ9aO-GOZclUwFoEAFCKSwfT0xZ71yrC/view?usp=drive_link,WK,8,09. September 2024 Traffic Instructions.xlsx,
WK-KNOX-0324-02_15 Car Wreck.mpg,Car Wreck,BE,KNX,TV,2024,Car Wreck,,https://drive.google.com/file/d/1XQ9aO-GOZclUwFoEAFCKSwfT0xZ71yrC/view?usp=drive_link,WK,4,04. April-May 2024 Traffic Instructions.xlsx,
WK-KNOX-0324-03_30 Trucking Accident,Trucking Accident,30,KNX,TV,2024,Trucking,,https://drive.google.com/file/d/1Yg-CKHAnynczalgtvwxKdN91tj7PNjYY/view?usp=drive_link,WK,3,09. September 2024 Traffic Instructions.xlsx,
WK-KNOX-0324-03_30 Trucking Accident.mpg,Trucking Accident,30,KNX,TV,2024,Trucking,,https://drive.google.com/file/d/1Yg-CKHAnynczalgtvwxKdN91tj7PNjYY/view?usp=drive_link,WK,9,04. April-May 2024 Traffic Instructions.xlsx,
WK-KNOX-0324-04_15 Trucking Accident,Trucking Accident,BE,KNX,TV,2024,Trucking,,https://drive.google.com/file/d/1nKyls8_J3XdDPuXfrAvk61STUI3BhJdS/view?usp=drive_link,WK,2,10. October 2024 Traffic Instructions.xlsx,
WK-KNOX-0324-04_15 Trucking Accident.mpg,Trucking Accident,BE,KNX,TV,2024,Trucking,,https://drive.google.com/file/d/1nKyls8_J3XdDPuXfrAvk61STUI3BhJdS/view?usp=drive_link,WK,6,04. April-May 2024 Traffic Instructions.xlsx,
WK-KNOX-0324-05_30 Commercial Accidents,Commercial Accidents,30,KNX,TV,2024,Trucking,,https://drive.google.com/file/d/1M5_7CaBcjhc9T0aJo8P4dxENY4F2wKnu/view?usp=drive_link,WK,7,08. August 2024 Traffic Instructions.xlsx,
WK-KNOX-0324-05_30 Commercial Accidents.mpg,Commercial Accidents,30,KNX,TV,2024,Trucking,,https://drive.google.com/file/d/1M5_7CaBcjhc9T0aJo8P4dxENY4F2wKnu/view?usp=drive_link,WK,5,04. April-May 2024 Traffic Instructions.xlsx,
WK-KNOX-0324-06_15 Commercial Accidents,Commercial Accidents,BE,KNX,TV,2024,Trucking,,https://drive.google.com/file/d/13uqt0SFdWFfLc4bQpEvAgP5SeeGjATz1/view?usp=drive_link,WK,2,01. January2025 x2 Traffic Instructions.xlsx,
WK-KNOX-0324-06_15 Commercial Accidents.mpg,Commercial Accidents,BE,KNX,TV,2024,Trucking,,https://drive.google.com/file/d/13uqt0SFdWFfLc4bQpEvAgP5SeeGjATz1/view?usp=drive_link,WK,3,04. April-May 2024 Traffic Instructions.xlsx,
WK-KNOX-0324-07_30 Weekends,Weekends,30,KNX,TV,2024,,,https://drive.google.com/file/d/1EH2eQuig31Dbx9eKTWyl3CxYThTEJ3VI/view?usp=drive_link,WK,2,01. January2025 x2 Traffic Instructions.xlsx,
WK-KNOX-0324-07_30 Weekends.mpg,Weekends,30,KNX,TV,2024,,,https://drive.google.com/file/d/1EH2eQuig31Dbx9eKTWyl3CxYThTEJ3VI/view?usp=drive_link,WK,11,04. April-May 2024 Traffic Instructions.xlsx,
WK-KNOX-0924-17_30 More To Us,More To Us,30,KNX,TV,2024,,,https://drive.google.com/file/d/18zrMzepQFeUQGcmNr7FevgrFNxfq1Lgn/view?usp=drive_link,WK,4,Thanksgiving Spot November 2024 Traffic Instructions.xlsx,
WK-KNOX-0924-18_15 More To Us,More To Us,BE,KNX,TV,2024,,,https://drive.google.com/file/d/1rMnH69r84pKbKnUIkIhjwfjpv2YVXuJo/view?usp=drive_link,WK,6,Thanksgiving Spot November 2024 Traffic Instructions.xlsx,
WK-KNOX-0125-01-30_There Is A Firm,30 There Is A Firm,30,KNX,TV,2025,Brand,,https://drive.google.com/file/d/11frh5L4QOt6jCjSfqmIDzJ-7vw2yuo6S/view?usp=drive_link,WK,4,01. January 2025 Traffic Instructions.xlsx,
WK-KNOX-0125-02-15_There Is A Firm,15 There Is A Firm,BE,KNX,TV,2025,Brand,,https://drive.google.com/file/d/1HI1g5dfpxTRKqd7Fdrm0Yy6sLuMWbS0U/view?usp=drive_link,WK,10,01. January 2025 Traffic Instructions.xlsx,
WK-KNOX-0125-03-30_Weekend,30 Weekend,30,KNX,TV,2025,,,https://drive.google.com/file/d/1VIxWG6u5-jaeXdpOuJBehwrS78lZIFQ2/view?usp=drive_link,WK,2,01. January 2025 Traffic Instructions.xlsx,
WK-KNOX-0125-04-15_Weekend,15 Weekend,BE,KNX,TV,2025,,,https://drive.google.com/file/d/1z9FAcmKB_5AgJR4-CtPx3VnWcNm2DQA3/view?usp=drive_link,WK,4,01. January 2025 Traffic Instructions.xlsx,
WK-KNOX-0125-05-30_Commercial Vehicle,30 Commercial Vehicle,30,KNX,TV,2025,,,https://drive.google.com/file/d/1xBTe_iiz3_m6vBHGRUaM-oIV5JddFrXT/view?usp=drive_link,WK,2,01. January 2025 Traffic Instructions.xlsx,
WK-KNOX-0125-06-15_Commercial Vehicle,15 Commercial Vehicle,BE,KNX,TV,2025,,,https://drive.google.com/file/d/1kDc_bTP_IpaZ8G0GutEvttYkx2FPdP5m/view?usp=drive_link,WK,4,01. January 2025 Traffic Instructions.xlsx,
WK-KNOX-0125-07-30_Car Wreck,30 Car Wreck,30,KNX,TV,2025,Car Wreck,,https://drive.google.com/file/d/1nJCAm0LCR-jLPQ_imJ2A8_1IgC2uMh49/view?usp=drive_link,WK,4,01. January 2025 Traffic Instructions.xlsx,
WK-KNOX-0125-08-15_Car Wreck,15 Car Wreck,BE,KNX,TV,2025,Car Wreck,,https://drive.google.com/file/d/17gbucQLhCGMqyaNILecMB6jsY8bbkF5Z/view?usp=drive_link,WK,6,01. January 2025 Traffic Instructions.xlsx,
WK-KNOX-0125-09-30_Injury,30 Injury,30,KNX,TV,2025,,,https://drive.google.com/file/d/1hKiYEStu0mD2nEj7E3Ph0VbTc-bY4TO7/view?usp=drive_link,WK,2,01. January 2025 Traffic Instructions.xlsx,
WK-KNOX-0125-10-15_Injury,15 Injury,BE,KNX,TV,2025,,,https://drive.google.com/file/d/1iiCVXiOhBIJ4E_MU-6x46vC4qOXVRAJ6/view?usp=drive_link,WK,2,01. January 2025 Traffic Instructions.xlsx,
WK-KNOX-0125-88-04_Personal,04 Personal,4,KNX,TV,2025,,,https://drive.google.com/file/d/1VO6bfkRYX3Ff1kI7wbnM8YHkUtzODNUo/view?usp=drive_link,WK,3,01. January 2025 Traffic Instructions.xlsx,
WK-KNOX-0125-90-10_Car Wreck,10 Car Wreck,10,KNX,TV,2025,Car Wreck,,https://drive.google.com/file/d/1wfdzJtFCZlo4i_tHV5xRMUG-aQmKxtIh/view?usp=drive_link,WK,2,01. January 2025 Traffic Instructions.xlsx,
WK-KNOX-0125-91-05_Car Wreck,05 Car Wreck,5,KNX,TV,2025,Car Wreck,,https://drive.google.com/file/d/15PcoNQf1pVObXRGnOTjqlluoxKE5M2xr/view?usp=drive_link,WK,2,01. January 2025 Traffic Instructions.xlsx,
WK-KNOX-0125-92-10_Injury,10 Injury,10,KNX,TV,2025,,,https://drive.google.com/file/d/1OM_5E7HmD6T5tmH94CVTnfG1VZb5pTqh/view?usp=drive_link,WK,2,01. January 2025 Traffic Instructions.xlsx,
WK-KNOX-0125-93-05_Injury,05 Injury,5,KNX,TV,2025,,,https://drive.google.com/file/d/1QXgfu4KZGIzeKjGXmBx5sZCuo-SpWfGg/view?usp=drive_link,WK,2,01. January 2025 Traffic Instructions.xlsx,
WK-KNOX-0325-01-15_Weekends,15 Weekends,BE,KNX,TV,2025,,,https://drive.google.com/file/d/1s-66n9bAQPRw94ufJ7KuDczpjCOLUb_t/view?usp=drive_link,WK,16,03. March 2025 Traffic Instructions.xlsx,
WK-KNOX-0325-02-30_Weekends,30 Weekends,30,KNX,TV,2025,,,https://drive.google.com/file/d/1R0Fsc6zwRrUV0xtS0Hazh4rQirLvhG1U/view?usp=drive_link,WK,8,03. March 2025 Traffic Instructions.xlsx,
WK-KNOX-0325-03-15_Car Wreck 3step,15 Car Wreck 3step,BE,KNX,TV,2025,Car Wreck,,https://drive.google.com/file/d/1BFtS94PrnyDiBdhK6CYVYxSaEXuZ7Hr9/view?usp=drive_link,WK,9,03. March 2025 Traffic Instructions.xlsx,
WK-KNOX-0325-04-30_Car Wreck 3step 3step,30 Car Wreck 3step 3step,30,KNX,TV,2025,Car Wreck,,https://drive.google.com/file/d/1r1o2b0Zy6qBw0SRSLDMTHDA_A3RdzxZj/view?usp=drive_link,WK,2,03. March 2025 Traffic Instructions.xlsx,
WK-KNOX-0325-05-15_Working Man,15 Working Man,BE,KNX,TV,2025,Job Injury,,https://drive.google.com/file/d/1lycD98IgbYn37VIZ27vMydZ0BeWYVaqf/view?usp=drive_link,WK,14,03. March 2025 Traffic Instructions.xlsx,
WK-KNOX-0325-06-30_ Working Man,30  Working Man,30,KNX,TV,2025,Job Injury,,https://drive.google.com/file/d/17Mzwn8cxy-b7JZa1nGwNAZpa2Majy-ON/view?usp=drive_link,WK,2,03. March 2025 Traffic Instructions.xlsx,
WK-KNOX-0325-07-15_Premise Injury,15 Premise Injury,BE,KNX,TV,2025,Premise Injury,,https://drive.google.com/file/d/1_zpyXLo6VxTCRL1M0LZ6e-n7kZeNuo-8/view?usp=drive_link,WK,6,03. March 2025 Traffic Instructions.xlsx,
WK-KNOX-0325-08-30_ Premise Injury,30  Premise Injury,30,KNX,TV,2025,Premise Injury,,https://drive.google.com/file/d/1m3q8EFxXDQYEMzjK3_igOXu5ZTlALJOj/view?usp=drive_link,WK,1,03. March 2025 Traffic Instructions.xlsx,
WK-KNOX-0325-09-15_Branding Legacy,15 Branding Legacy,BE,KNX,TV,2025,Brand,,https://drive.google.com/file/d/1dqyIDqyzNbrVPsZFskz2WeTTl97xd-5g/view?usp=drive_link,WK,1,03. March 2025 Traffic Instructions.xlsx,
WK-KNOX-0325-10-30_Branding Legacy,30 Branding Legacy,30,KNX,TV,2025,Brand,,https://drive.google.com/file/d/1O4APSBWdBlBTOSUVpxhbVp2vhb3a-fRP/view?usp=drive_link,WK,7,03. March 2025 Traffic Instructions.xlsx,
WK-KNOX-0325-11-15_Trucking 2,15 Trucking 2,BE,KNX,TV,2025,Trucking,,https://drive.google.com/file/d/1OT3LGFuLKwkcfKznXvfQBSBxKdjqxhHL/view?usp=drive_link,WK,13,03. March 2025 Traffic Instructions.xlsx,
WK-KNOX-0325-12-30_Trucking 2,30 Trucking 2,30,KNX,TV,2025,Trucking,,https://drive.google.com/file/d/1JT-lJ_BJrDCE9WFTrC-CzYhih_nhCJX_/view?usp=drive_link,WK,1,03. March 2025 Traffic Instructions.xlsx,
WK-KNOX-0325-14-30_Different,30 Different,30,KNX,TV,2025,Brand,,https://drive.google.com/file/d/1II0MJYyiXzPNprx8mHZQ0Nehs9g6x9rU/view?usp=drive_link,WK,9,04. April 2025 Traffic Instructions.xlsx,
WK-KNOX-0325-15-15_Commercial Accident,15 Commercial Accident,BE,KNX,TV,2025,Trucking,,https://drive.google.com/file/d/1q30sgv6fKWtVVBeoNPSWMhpjzzWOiu5x/view?usp=drive_link,WK,5,04. April 2025 Traffic Instructions.xlsx,
WK-KNOX-0325-18-30_Mother’s Wreck,30 Mother’s Wreck,30,KNX,TV,2025,Car Wreck,,https://drive.google.com/file/d/1zhuLeFar-klFnw2iXOS1alcf5wLDrnfS/view?usp=drive_link,WK,7,05. May 2025 Traffic Instructions.xlsx,
WK-KNOX-0325-19-15_Distracted Cell Phones,15 Distracted Cell Phones,BE,KNX,TV,2025,Car Wreck,,https://drive.google.com/file/d/1Hdp_ZUNq4GuSYLiR2TB0albcf-guM2km/view?usp=drive_link,WK,6,03. March 2025 Traffic Instructions.xlsx,
WK-KNOX-0325-20-30_ Distracted Cell Phones,30  Distracted Cell Phones,30,KNX,TV,2025,Car Wreck,,https://drive.google.com/file/d/1ekNC6-O5k1IL4OMAuVkCyGhSzVyKfEv7/view?usp=drive_link,WK,1,03. March 2025 Traffic Instructions.xlsx,
WK-KNOX-0325-88-04_Personal,04 Personal,4,KNX,TV,2025,,,https://drive.google.com/file/d/15fQIbe9BiwW8WnHXniGJgJUR4cFXh0Nj/view?usp=drive_link,WK,8,03. March 2025 Traffic Instructions.xlsx,
WK-KNOX-0325-91-05_Car Wreck,05 Car Wreck,5,KNX,TV,2025,Car Wreck,,https://drive.google.com/file/d/1w6akepofCHugy0Nv9VNNyvnoIFFqhten/view?usp=drive_link,WK,7,04. April 2025 Traffic Instructions.xlsx,
WK-KNOX-0325-92-10_car Wreck,10 car Wreck,10,KNX,TV,2025,Car Wreck,,https://drive.google.com/file/d/17zT4KioDrxi_APnwQ7zZMpTRzUxirTh_/view?usp=drive_link,WK,7,04. April 2025 Traffic Instructions.xlsx,
WK-KNOX-0325-93-05_Premise Injury,05 Premise Injury,5,KNX,TV,2025,Premise Injury,,https://drive.google.com/file/d/1A-whw7LkykrI9XuPuMTl9996BBT_xxie/view?usp=drive_link,WK,7,04. April 2025 Traffic Instructions.xlsx,
WK-KNOX-0325-94-10_Premise Injury,10 Premise Injury,10,KNX,TV,2025,Premise Injury,,https://drive.google.com/file/d/1GUHcSQRS_Qg7Bv2jI3EUxKNO8X9NyhhE/view?usp=drive_link,WK,7,04. April 2025 Traffic Instructions.xlsx,
WK-KNOX-0525-01-15_Car Wreck,15 Car Wreck,BE,KNX,TV,2025,Car Wreck,,https://drive.google.com/file/d/1KQ_Hy3et4Fj1vRkmYt-65ylrM5aY3Rjj/view?usp=drive_link,WK,12,06. June 2025 Traffic Instructions.xlsx,
WK-KNOX-0525-03-15_Trucking Accident,15 Trucking Accident,BE,KNX,TV,2025,Trucking,,https://drive.google.com/file/d/15Bno14rY4YNFxph7LTbWpONDOt0fJg4q/view?usp=drive_link,WK,6,06. June 2025 Traffic Instructions.xlsx,
WK-KNOX-0525-05-15_Work Comp,15 Work Comp,BE,KNX,TV,2025,Job Injury,,https://drive.google.com/file/d/1UOKBjpnFweLJMmTsTb0Z8YeM6t0aU9Hi/view?usp=drive_link,WK,9,06. June 2025 Traffic Instructions.xlsx,
WK-KNOX-0625-07-15_Premise Injury,15 Premise Injury,BE,KNX,TV,2025,Premise Injury,,https://drive.google.com/file/d/1Eda0cdfjCEHfkZ58IogCZg-6fMojh36s/view?usp=drive_link,WK,5,08. August 2025 Traffic Instructions.xlsx,
WK-KNOX-0725-02-30_Personal,30 Personal,30,KNX,TV,2025,,,https://drive.google.com/file/d/1-LBkuqBIQuYs-kE2rlSGBtD3r5h55dGK/view?usp=drive_link,WK,4,09. September 2025 Traffic Instructions.xlsx,
WK-KNOX-0825-03-30_Award Winning,30 Award Winning,30,KNX,TV,2025,,,https://drive.google.com/file/d/1eausGHCxCbaZzEfwYBsAqxKt30pjaulg/view?usp=drive_link,WK,1,10. October 2025 Traffic Instructions.xlsx,
WK-MONT-0120-05-REV_Motorcycle_30.mpg,REV Motorcycle,30,MTG,TV,2020,Motorcycle,,https://drive.google.com/file/d/1v_1kWIBUIPmhfydwWbwg12ncH9QKRbj_/view?usp=drive_link,WK,1,June-August 2023 Traffic Instructions.xlsx,
WK-MONT-0120-07-REV-Motorcycle_10.mpg,REV Motorcycle,10,MTG,TV,2020,Motorcycle,,,WK,2,August-October 2022 Traffic Instructions.xlsx,
WK-MONT-0120-11_REV-Distracted_10.mpg,Distracted,10,MTG,TV,2020,Car Wreck,,,WK,2,August-October 2022 Traffic Instructions.xlsx,
WK-MONT-0120-12-REV_Distracted_05.mpg,REV Distracted,5,MTG,TV,2020,Car Wreck,,good,WK,4,August-October 2022 Traffic Instructions.xlsx,
WK-MONT-0120-12_Distracted_05,WK-MONT-0120-12_Distracted_05,5,MTG,TV,2020,Car Wreck,,,WK,2,August-October 2022 Traffic Instructions.xlsx,
WK-MONT-0320-02-REV_Motorcycle_15b.mpg,REV Motorcycle,BE,MTG,TV,2020,Motorcycle,,https://drive.google.com/file/d/1c66AKfKYvJsu4492QtphdiVwqbk0f0tH/view?usp=drive_link,WK,1,June-August 2023 Traffic Instructions.xlsx,
WK-MONT-0620-01_18Wheeler_30.mpg,WK-MONT-0620-01_18Wheeler_30.mpg,30,MTG,TV,2020,Trucking,,,WK,3,April-May 2023 Traffic Instructions.xlsx,
WK-MONT-0620-02_18Wheeler_15a.mpg,WK-MONT-0620-02_18Wheeler_15a.mpg,BE,MTG,TV,2020,Trucking,,,WK,2,April-May 2023 Traffic Instructions.xlsx,
WK-MONT-0620-03_18Wheeler_15b.mpg,WK-MONT-0620-03_18Wheeler_15b.mpg,BE,MTG,TV,2020,Trucking,,https://drive.google.com/file/d/1_Opneb1XbUWeHzzc3pl0wsyNc9zXHo4s/view?usp=drive_link,WK,1,June-August 2023 Traffic Instructions.xlsx,
WK-MONT-0620-10_CarCrashImage_30.mpg,WK-MONT-0620-10_CarCrashImage_30.mpg,30,MTG,TV,2020,Car Wreck,,https://drive.google.com/file/d/1CHTa5cAv74GhfSliKHU2znxYgb2pYCkf/view?usp=drive_link,WK,1,June-August 2023 Traffic Instructions.xlsx,
WK-MONT-0620-12_CarCrashImage_15B.mpg,WK-MONT-0620-12_CarCrashImage_15B.mpg,BE,MTG,TV,2020,Car Wreck,,https://drive.google.com/file/d/1hAYxuN5KQ9iJj0PKZ5RKbTcgao9VxUXs/view?usp=drive_link,WK,1,June-August 2023 Traffic Instructions.xlsx,
WK-MONT-0620-16_Puzzle_30.mpg,WK-MONT-0620-16_Puzzle_30.mpg,30,MTG,TV,2020,Brand,,https://drive.google.com/file/d/164fBjrJF0ABESk84PgjbzdSzIUByMDXe/view?usp=drive_link,WK,1,June-August 2023 Traffic Instructions.xlsx,
WK-MONT-0620-25_Workers_30.mpg,WK-MONT-0620-25_Workers_30.mpg,30,MTG,TV,2020,Job Injury,,good,WK,5,August-October 2022 Traffic Instructions.xlsx,
WK-MONT-0620-26_Workers_15A.mpg,WK-MONT-0620-26_Workers_15A.mpg,BE,MTG,TV,2020,Job Injury,,good,WK,4,August-October 2022 Traffic Instructions.xlsx,
WK-MONT-0620-28_WorkingMan_30.mpg,WK-MONT-0620-28_WorkingMan_30.mpg,30,MTG,TV,2020,,,https://drive.google.com/file/d/1cmEhd4MBWD47Xgr31U8bNXUO3MU3U6bv/view?usp=drive_link,WK,3,August-October 2022 Traffic Instructions.xlsx,
WK-MONT-0620-29_WorkingMan_15A.mpg,WK-MONT-0620-29_WorkingMan_15A.mpg,BE,MTG,TV,2020,,,https://drive.google.com/file/d/1XAFU1rpkt4UR376OtY8f5lHIC2IFZ_82/view?usp=drive_link,WK,3,August-October 2022 Traffic Instructions.xlsx,
WK-MONT-0121-01_18Wheeler_10.mpg,WK-MONT-0121-01_18Wheeler_10.mpg,10,MTG,TV,2021,Trucking,,good,WK,4,August-October 2022 Traffic Instructions.xlsx,
WK-MONT-0121-03_CarCrashImage_10.mpg,WK-MONT-0121-03_CarCrashImage_10.mpg,10,MTG,TV,2021,Car Wreck,,https://drive.google.com/file/d/1oCaLI7F9zcmg0YseWMDza7iAAp2RCmzR/view?usp=drive_link,WK,1,June-August 2023 Traffic Instructions.xlsx,
WK-MONT-0121-04_CarCrashImage_05.mpg,WK-MONT-0121-04_CarCrashImage_05.mpg,5,MTG,TV,2021,Car Wreck,,https://drive.google.com/file/d/1KneggZS5rOuVuCKwCskewFPRCDkpLwYT/view?usp=drive_link,WK,2,June-August 2023 Traffic Instructions.xlsx,
WK-MONT-0121-07_Workers_10.mpg,WK-MONT-0121-07_Workers_10.mpg,10,MTG,TV,2021,Job Injury,,good,WK,4,August-October 2022 Traffic Instructions.xlsx,
WK-MONT-0121-08_Workers_05.mpg,WK-MONT-0121-08_Workers_05.mpg,5,MTG,TV,2021,Job Injury,,good,WK,4,August-October 2022 Traffic Instructions.xlsx,
WK-MONT-0121-11_NameKnow_05,WK-MONT-0121-11_NameKnow_05,5,MTG,TV,2021,,,,WK,2,August-October 2022 Traffic Instructions.xlsx,
WK-MONT-0121-12_Shattered_10.mpg,WK-MONT-0121-12_Shattered_10.mpg,10,MTG,TV,2021,Brand,,https://drive.google.com/file/d/17U8dMu3wCMaIISi_guNQ76uyKNxuHjye/view?usp=drive_link,WK,1,June-August 2023 Traffic Instructions.xlsx,
WK-MONT-0121-13_Shattered_05.mpg,WK-MONT-0121-13_Shattered_05.mpg,5,MTG,TV,2021,Brand,,https://drive.google.com/file/d/1sWyfVRCXdlIz9kCUbZYwY-61ouf-58qM/view?usp=drive_link,WK,1,June-August 2023 Traffic Instructions.xlsx,
WK-MONT-0421-01_04sec.mpg,WK-MONT-0421-01_04sec.mpg,4,MTG,TV,2021,,,good,WK,5,August-October 2022 Traffic Instructions.xlsx,
WK-MONT -0421-01_04sec,WK MONT  0421 01 04sec,,MTG,TV,2022,,,,WK,2,August-October 2022 Traffic Instructions.xlsx,
WK-MONT-0622-01_Commercial-Accident-30.mpg,Accident,30,MTG,TV,2022,,,good,WK,2,August-October 2022 Traffic Instructions.xlsx,
WK-MONT-0622-02_Commercial-Accident-15A.mpg,Accident,BE,MTG,TV,2022,,,good,WK,2,August-October 2022 Traffic Instructions.xlsx,
WK-MONT-0622-03_Commercial-Accident-15B.mpg,Accident,BE,MTG,TV,2022,,,https://drive.google.com/file/d/1u6LDp-QhK3nfC23eR9MJiViTBquJovpo/view?usp=drive_link,WK,6,Christmas Spot December 2023 Traffic Instructions.xlsx,
WK-MONT-0622-04_Distracted-Cell-Phones-30.mpg,Cell Phones,30,MTG,TV,2022,,,good,WK,17,August-October 2022 Traffic Instructions.xlsx,
WK-MONT-0622-05_Distracted-Cell-Phones-15A.mpg,Cell Phones,BE,MTG,TV,2022,,,https://drive.google.com/file/d/1wN76ElwdxK1yk2Avr1sflETIIbkFHOZ_/view?usp=drive_link,WK,6,Christmas Spot December 2023 Traffic Instructions.xlsx,
WK-MONT-0622-06_Distracted-Cell-Phones-15B.mpg,Cell Phones,BE,MTG,TV,2022,,,good,WK,6,August-October 2022 Traffic Instructions.xlsx,
WK-MONT-0622-10_Mothers-Wreck-30.mpg,Wreck,30,MTG,TV,2022,Car Wreck,,,WK,3,April-May 2023 Traffic Instructions.xlsx,
WK-MONT-0622-10_Mothers-Wreck_30.mpg,Wreck,30,MTG,TV,2022,Car Wreck,,,WK,2,August-October 2022 Traffic Instructions.xlsx,
WK-MONT-0622-11_Mothers-Wreck-15.mpg,Wreck,BE,MTG,TV,2022,Car Wreck,,https://drive.google.com/file/d/1gMTen9Wnydi9ibPXIg9f5QZgjmgtT5RC/view?usp=drive_link,WK,10,August-October 2022 Traffic Instructions.xlsx,
WK-MONT-0622-12_Parents 30.mpg,WK-MONT-0622-12_Parents 30.mpg,30,MTG,TV,2022,,,good,WK,6,August-October 2022 Traffic Instructions.xlsx,
WK-MONT-0622-13_Parents 15.mpg,WK-MONT-0622-13_Parents 15.mpg,BE,MTG,TV,2022,,,good,WK,5,August-October 2022 Traffic Instructions.xlsx,
WK-MONT-0622-15_Different 30.mpg,WK-MONT-0622-15_Different 30.mpg,30,MTG,TV,2022,Brand,,good,WK,2,August-October 2022 Traffic Instructions.xlsx,
WK-MONT-0622-16_Different 15A.mpg,WK-MONT-0622-16_Different 15A.mpg,BE,MTG,TV,2022,Brand,,good,WK,2,August-October 2022 Traffic Instructions.xlsx,
WK-MONT-0622-17_Different_15B.mpg,WK-MONT-0622-17_Different_15B.mpg,BE,MTG,TV,2022,Brand,,,WK,2,August-October 2022 Traffic Instructions.xlsx,
WK-MONT-0622-18_Premise Injury 30.mpg,Injury,30,MTG,TV,2022,,,https://drive.google.com/file/d/1j8zf_Mve2cXJcxaPZXEmxqv8nCTFO1LK/view?usp=drive_link,WK,10,Christmas Spot December 2023 Traffic Instructions.xlsx,
WK-MONT-0622-18_PremiseInjury_30.mpg,WK-MONT-0622-18_PremiseInjury_30.mpg,30,MTG,TV,2022,Premise Injury,,,WK,2,August-October 2022 Traffic Instructions.xlsx,
WK-MONT-0622-19_Premise Injury 15a.mpg,Injury,BE,MTG,TV,2022,,,https://drive.google.com/file/d/1k71PnxAWW_1TNaLgXG-Z2c-uoEgJxR9D/view?usp=drive_link,WK,6,Christmas Spot December 2023 Traffic Instructions.xlsx,
WK-MONT-0622-20_Premise Injury 15b.mpg,Injury,BE,MTG,TV,2022,,,https://drive.google.com/file/d/1qWumS7NFCANIhfeJifjw8dTM2vSKvPQa/view?usp=drive_link,WK,1,June-August 2023 Traffic Instructions.xlsx,
WK-MONT-0622-21R_Things to Do Accident 30.mpg,to Do Accident,30,MTG,TV,2022,,,good,WK,5,August-October 2022 Traffic Instructions.xlsx,
WK-MONT-0622-21R_ThingstoDoAccident_30.mpg,WK-MONT-0622-21R_ThingstoDoAccident_30.mpg,30,MTG,TV,2022,,,,WK,2,August-October 2022 Traffic Instructions.xlsx,
WK-MONT-0622-22R_Things to Do Accident 15A.mpg,to Do Accident,BE,MTG,TV,2022,,,good,WK,4,August-October 2022 Traffic Instructions.xlsx,
WK-MONT-0622-22R_ThingtoDoAccident_15a.mpg,WK-MONT-0622-22R_ThingtoDoAccident_15a.mpg,BE,MTG,TV,2022,,,,WK,2,August-October 2022 Traffic Instructions.xlsx,
WK-MONT-0622–15_Different_30.mpg,WK MONT 0622–15 Different,30,MTG,TV,2022,Brand,,,WK,2,August-October 2022 Traffic Instructions.xlsx,
WK-MONT-0622–19_PremiseInjury_15a.mpg,WK MONT 0622–19 PremiseInjury,BE,MTG,TV,2022,Premise Injury,,,WK,2,August-October 2022 Traffic Instructions.xlsx,
WK-MONT-0722-01_More Than Size 30.mpg,Than Size,30,MTG,TV,2022,,,good,WK,6,August-October 2022 Traffic Instructions.xlsx,
WK-MONT-0722-01_MoreThanSize_30.mpg,WK-MONT-0722-01_MoreThanSize_30.mpg,30,MTG,TV,2022,,,,WK,2,August-October 2022 Traffic Instructions.xlsx,
WK-MONT-0722-02_More Than Size 15.mpg,Than Size,BE,MTG,TV,2022,,,good,WK,5,August-October 2022 Traffic Instructions.xlsx,
WK-MONT-0722-02_MoreThanSize_15.mpg,WK-MONT-0722-02_MoreThanSize_15.mpg,BE,MTG,TV,2022,,,,WK,2,August-October 2022 Traffic Instructions.xlsx,
WK-MONT-0722-03_Jonathan 30.mpg,WK-MONT-0722-03_Jonathan 30.mpg,30,MTG,TV,2022,Testimonial,,https://drive.google.com/file/d/1G9pwhuLRh_MXXSjXivusQQmwan5qf9zk/view?usp=drive_link,WK,10,Christmas Spot December 2023 Traffic Instructions.xlsx,
WK-MONT-0722-04_Jonathan 15.mpg,WK-MONT-0722-04_Jonathan 15.mpg,BE,MTG,TV,2022,Testimonial,,https://drive.google.com/file/d/1mgNqst8TE4yb_HR0Ysi3HDjV94bRNSHk/view?usp=drive_link,WK,7,Christmas Spot December 2023 Traffic Instructions.xlsx,
WK-MONT-0722-05_Options 30.mpg,WK-MONT-0722-05_Options 30.mpg,30,MTG,TV,2022,Brand,,good,WK,5,August-October 2022 Traffic Instructions.xlsx,
WK-MONT-0722-06_Options 15.mpg,WK-MONT-0722-06_Options 15.mpg,BE,MTG,TV,2022,Brand,,good,WK,4,August-October 2022 Traffic Instructions.xlsx,
WK-MONT-0722-06_Options_15.mpg,WK-MONT-0722-06_Options_15.mpg,BE,MTG,TV,2022,Brand,,,WK,2,August-October 2022 Traffic Instructions.xlsx,
WK_MONT-0722-05_Options_30.mpg,WK_MONT-0722-05_Options_30.mpg,30,MTG,TV,2022,Brand,,,WK,2,August-October 2022 Traffic Instructions.xlsx,
WK-1120-01 Thanksgiving.mpg,WK 1120 01 Thanksgiving,30,MTG,TV,2023,Seasonal,,https://drive.google.com/file/d/1o5jLn0Kz4YNLdMaPQA5SCMHVeUvNP4db/view?usp=drive_link,WK,2,Thanksgiving Spot November 2023 Traffic Instructions.xlsx,
WK-1120-02 Thanksgiving 15.mpg,WK 1120 02 Thanksgiving,15,MTG,TV,2023,Seasonal,,https://drive.google.com/file/d/1_57uaLbpLjsO5bpssLgZC_84HeXzi-SB/view?usp=drive_link,WK,1,Thanksgiving Spot November 2023 Traffic Instructions.xlsx,
WK-1122-01 Christmas 30.mpg,WK 1122 01 Christmas,30,MTG,TV,2023,Seasonal,,https://drive.google.com/file/d/1QWCt_XM7hX7bPWX4PU_JW4luPk1Nr0P9/view?usp=drive_link,WK,2,Christmas Spot December 2023 Traffic Instructions.xlsx,
WK-MONT-0623-1_Commerical-Accident-30,Accident,30,MTG,TV,2023,,,https://drive.google.com/file/d/1s-uPbjmpT2wKclXf_dAJhQMkzKeiPq9G/view?usp=drive_link,WK,10,Christmas Spot December 2023 Traffic Instructions.xlsx,
WK-MONT-0623_15A Different_2,Different 2,BE,MTG,TV,2023,Brand,,https://drive.google.com/file/d/10UqJit3u5SwIuJurX8HfMrpb1Lyk-6un/view?usp=drive_link,WK,1,June-August 2023 Traffic Instructions.xlsx,
WK-MONT-0623_30 Different_1,Different 1,30,MTG,TV,2023,Brand,,https://drive.google.com/file/d/1wLWSRyl6-TANMurjLa_Ha3hqBV_qaYKV/view?usp=drive_link,WK,1,June-August 2023 Traffic Instructions.xlsx,
WK-MONT-0823-10_Mothers-Wreck-30,Wreck,30,MTG,TV,2023,Car Wreck,,https://drive.google.com/file/d/1Xz71V3VvS8c0OS5lWa2fjUD2FO_WGT6P/view?usp=drive_link,WK,10,Christmas Spot December 2023 Traffic Instructions.xlsx,
WK-MONT-0823-16_Puzzle-30,WK-MONT-0823-16_Puzzle-30,30,MTG,TV,2023,Brand,,https://drive.google.com/file/d/1FNCW50pDKNlkosBt-OxSZPBfKsgeAXno/view?usp=drive_link,WK,8,Christmas Spot December 2023 Traffic Instructions.xlsx,
WK-MONT-0823-17_Puzzle-15,WK-MONT-0823-17_Puzzle-15,BE,MTG,TV,2023,Brand,,https://drive.google.com/file/d/1S6tMd0u0SL7XgMMrARxJnZsZv3huQsp7/view?usp=drive_link,WK,6,Christmas Spot December 2023 Traffic Instructions.xlsx,
WK-MONT-0823-26_Questions-30,WK-MONT-0823-26_Questions-30,30,MTG,TV,2023,Questions,,https://drive.google.com/file/d/1Tg8tNbdAxMkVq41EewWboLEuu9ayBFqB/view?usp=drive_link,WK,11,Christmas Spot December 2023 Traffic Instructions.xlsx,
WK-MONT-0823-27_Questions-15,WK-MONT-0823-27_Questions-15,BE,MTG,TV,2023,Questions,,https://drive.google.com/file/d/1S8MAZY_df4qE3yCIotYveCoa70lT5Q45/view?usp=drive_link,WK,6,Christmas Spot December 2023 Traffic Instructions.xlsx,
WK-MONT-0823-5_Different-5,5,5,MTG,TV,2023,,,https://drive.google.com/file/d/1O5SX53w_B1C8_IOql6km9a8WHK6-Gexa/view?usp=drive_link,WK,7,Christmas Spot December 2023 Traffic Instructions.xlsx,
WK-MONT-0923-01_General-05.mov,WK-MONT-0923-01_General-05.mov,5,MTG,TV,2023,,,https://drive.google.com/file/d/1qLsIN4jgF-J5eWjTXyocPIACvnHOb3z6/view?usp=drive_link,WK,7,Christmas Spot December 2023 Traffic Instructions.xlsx,
WK-MONT-0923-02_Distracted-Cell-Phones-10,Cell Phones,10,MTG,TV,2023,,,https://drive.google.com/file/d/1yhRsAyv7iSJCB1hh3XUKs9urk7W0xcde/view?usp=drive_link,WK,7,Christmas Spot December 2023 Traffic Instructions.xlsx,
WK-MONT-0923-03_Different-10,WK-MONT-0923-03_Different-10,10,MTG,TV,2023,Brand,,https://drive.google.com/file/d/1YigDn8Q0_FZjpjggX_7kS3rZXemzTqpX/view?usp=drive_link,WK,7,Christmas Spot December 2023 Traffic Instructions.xlsx,
WK-MONT-0923-04_General-4.mov,4,4,MTG,TV,2023,,,https://drive.google.com/file/d/1tWI3628VnIPErB8LgEE1p0JJiWkGyzbr/view?usp=drive_link,WK,4,Christmas Spot December 2023 Traffic Instructions.xlsx,
WK-MONT-0923-6_Working Man 30.mov,Man,30,MTG,TV,2023,,,https://drive.google.com/file/d/16hUvJhsN2Sl_3ct051s9W6Y62dAQDG-5/view?usp=drive_link,WK,11,Christmas Spot December 2023 Traffic Instructions.xlsx,
WK-MONT-0923-7_Working Man 15.mov,Man,BE,MTG,TV,2023,,,https://drive.google.com/file/d/1Sg53VADvGCtqvLnWQA17BiaoSBggHVRK/view?usp=drive_link,WK,6,Christmas Spot December 2023 Traffic Instructions.xlsx,
WK-MONT-1223-04_Hurt-In-A-Wreck.mov,In A Wreck,4,MTG,TV,2023,Car Wreck,,https://drive.google.com/file/d/1MEdgjK8AV6enHYdGaGIvRGQ8l-nNwwNp/view?usp=drive_link,WK,3,01. January 2024 Traffic Instructions.xlsx,
WK-Memorial Day 2023,WK Memorial Day 2023,30,MTG,TV,2023,Seasonal,,,WK,1,Memorial Day 2023 Traffic Instructions.xlsx,
WK-0524-01-30_Memorial Day 2024.mpg,WK 0524 01 30 Memorial Day 2024,30,MTG,TV,2024,Seasonal,,https://drive.google.com/file/d/1tPj9Oe3itWQ5B4r9fmdauR8cVjB1uBeI/view?usp=drive_link,WK,1,05. May-June 2024 Traffic Instructions.xlsx,
WK-1024-15_Happy Thanksgiving,WK 1024 15 Happy Thanksgiving,BE,MTG,TV,2024,Seasonal,,https://drive.google.com/file/d/15dBUYDtEMWfqNDzQ9fQ4wnHJH4HHDN98/view?usp=drive_link,WK,3,Thanksgiving Spot November 2024 Traffic Instructions.xlsx,
WK-1024-30_Happy Thanksgiving,WK 1024 30 Happy Thanksgiving,30,MTG,TV,2024,Seasonal,,https://drive.google.com/file/d/1lDusNe7E7BkjHCUbyRXkZvIxkA-IXR9-/view?usp=drive_link,WK,2,Thanksgiving Spot November 2024 Traffic Instructions.xlsx,
WK-MONT-0224-01_30 Lunch Pail,Lunch Pail,30,MTG,TV,2024,,,https://drive.google.com/file/d/13kCm52shGpa6v3hG0J02-0OoACRdEnHJ/view?usp=drive_link,WK,1,10. October 2024 Traffic Instructions.xlsx,
WK-MONT-0224-01_30 Lunch Pail.mpg,Lunch Pail,30,MTG,TV,2024,,,https://drive.google.com/file/d/1jFGRWANkmt3AUvwS__Dwv884PMaTknn_/view?usp=drive_link,WK,7,02. February 2024 Traffic Instructions.xlsx,
WK-MONT-0224-02_15 Lunch Pail,Lunch Pail,BE,MTG,TV,2024,,,https://drive.google.com/file/d/1DwR50RW9RQIDG7JY1SoUUItl5d_1FDmA/view?usp=drive_link,WK,1,10. October 2024 Traffic Instructions.xlsx,
WK-MONT-0224-02_15 Lunch Pail.mpg,Lunch Pail,BE,MTG,TV,2024,,,https://drive.google.com/file/d/1o7up13DlwnnGoTG5X3zfsRvsX9JFK3vu/view?usp=drive_link,WK,6,02. February 2024 Traffic Instructions.xlsx,
WK-MONT-0224-03_30 Channel Flipping,Channel Flipping,30,MTG,TV,2024,,,https://drive.google.com/file/d/1B9-kxXS9X-rPZ9hLvA2D16Vos5HQrTPH/view?usp=drive_link,WK,2,09. September 2024 Traffic Instructions.xlsx,
WK-MONT-0224-03_30 Channel Flipping.mpg,Channel Flipping,30,MTG,TV,2024,,,https://drive.google.com/file/d/10iXoLqkiDIRMxkqcjk9QoRugEaQnYbFo/view?usp=drive_link,WK,8,04. April-May 2024 Traffic Instructions.xlsx,
WK-MONT-0224-04_15 Channel Flipping,Channel Flipping,BE,MTG,TV,2024,,,https://drive.google.com/file/d/1WOAu0RlFp3gUZMnyxE5l7NoELK-Ywm3l/view?usp=drive_link,WK,2,09. September 2024 Traffic Instructions.xlsx,
WK-MONT-0224-04_15 Channel Flipping.mpg,Channel Flipping,BE,MTG,TV,2024,,,https://drive.google.com/file/d/1W5Zq0dI2mFEnA8lDIVEspoJtGe_Y0sVo/view?usp=drive_link,WK,4,04. April-May 2024 Traffic Instructions.xlsx,
WK-MONT-0224-05_30 Insurance Experts,Insurance Experts,30,MTG,TV,2024,,,https://drive.google.com/file/d/1Al8PMACwMRe4LcR6W4Wp_EHLIkSMVL0B/view?usp=drive_link,WK,3,08. August 2024 Traffic Instructions.xlsx,
WK-MONT-0224-05_30 Insurance Experts.mpg,Insurance Experts,30,MTG,TV,2024,,,https://drive.google.com/file/d/16vSI2j37o85l2sUKyvK_wXjcZAYQxRQN/view?usp=drive_link,WK,10,02. February 2024 Traffic Instructions.xlsx,
WK-MONT-0224-06_15 Insurance Experts,Insurance Experts,BE,MTG,TV,2024,,,https://drive.google.com/file/d/1cRXhsvU3KlM9gJX6tcCKZfmCYJcH2stO/view?usp=drive_link,WK,3,08. August 2024 Traffic Instructions.xlsx,
WK-MONT-0224-06_15 Insurance Experts.mpg,Insurance Experts,BE,MTG,TV,2024,,,https://drive.google.com/file/d/1cRXhsvU3KlM9gJX6tcCKZfmCYJcH2stO/view?usp=drive_link,WK,6,02. February 2024 Traffic Instructions.xlsx,
WK-MONT-0224-07_30 Communication,Communication,30,MTG,TV,2024,,,https://drive.google.com/file/d/12RwvyZw545dggVmplRTbj9mTdiyGE6iQ/view?usp=drive_link,WK,1,09. September 2024 Traffic Instructions.xlsx,
WK-MONT-0224-07_30 Communication.mp4,Communication,30,MTG,TV,2024,,,https://drive.google.com/file/d/12RwvyZw545dggVmplRTbj9mTdiyGE6iQ/view?usp=drive_link,WK,1,06. June 2024 Traffic Instructions.xlsx,
WK-MONT-0224-07_30 Communication.mpg,Communication,30,MTG,TV,2024,,,https://drive.google.com/file/d/1E9OeFzntgA5Z65XsxOfs8LUzUk6qn16L/view?usp=drive_link,WK,3,02. February 2024 Traffic Instructions.xlsx,
WK-MONT-0224-08_15 Communication,Communication,BE,MTG,TV,2024,,,https://drive.google.com/file/d/1KUrlyJyU0DbG9hhC5PRJVbHtkJaXhBqL/view?usp=drive_link,WK,5,09. September 2024 Traffic Instructions.xlsx,
WK-MONT-0224-08_15 Communication.mp4,Communication,BE,MTG,TV,2024,,,https://drive.google.com/file/d/1KUrlyJyU0DbG9hhC5PRJVbHtkJaXhBqL/view?usp=drive_link,WK,1,06. June 2024 Traffic Instructions.xlsx,
WK-MONT-0224-08_15 Communication.mpg,Communication,BE,MTG,TV,2024,,,https://drive.google.com/file/d/1JubpsN00-jfIG4qijaydLg5twjGSS58y/view?usp=drive_link,WK,3,02. February 2024 Traffic Instructions.xlsx,
WK-MONT-0224-09_30 Auto Accidents,Auto Accidents,30,MTG,TV,2024,Car Wreck,,https://drive.google.com/file/d/177QUbfXfoNq8sbp4OxdkR3v37h3X04VE/view?usp=drive_link,WK,6,08. August 2024 Traffic Instructions.xlsx,
WK-MONT-0224-09_30 Auto Accidents.mp4,Auto Accidents,30,MTG,TV,2024,Car Wreck,,https://drive.google.com/file/d/177QUbfXfoNq8sbp4OxdkR3v37h3X04VE/view?usp=drive_link,WK,2,06. June 2024 Traffic Instructions.xlsx,
WK-MONT-0224-09_30 Auto Accidents.mpg,Auto Accidents,30,MTG,TV,2024,Car Wreck,,https://drive.google.com/file/d/1vjTmFGewhEHP__HTkMOQ0xoQmBURJspi/view?usp=drive_link,WK,2,02. February 2024 Traffic Instructions.xlsx,
WK-MONT-0224-10_15 Auto Accidents,Auto Accidents,BE,MTG,TV,2024,Car Wreck,,https://drive.google.com/file/d/1_eP5RknvnPK91EOcUBJvDvoZbrPRLv3N/view?usp=drive_link,WK,4,08. August 2024 Traffic Instructions.xlsx,
WK-MONT-0224-10_15 Auto Accidents.mpg,Auto Accidents,BE,MTG,TV,2024,Car Wreck,,https://drive.google.com/file/d/1lUow_eFAmN5TwumjfXJO2KsTKJlF5sqJ/view?usp=drive_link,WK,3,02. February 2024 Traffic Instructions.xlsx,
WK-MONT-0224-11_30 Commercial Vehicles,Commercial Vehicles,30,MTG,TV,2024,,,https://drive.google.com/file/d/1Df5GAr8mYqntcjpLihP0k7Ys5dD7LFOO/view?usp=drive_link,WK,4,08. August 2024 Traffic Instructions.xlsx,
WK-MONT-0224-11_30 Commercial Vehicles.mp4,Commercial Vehicles,30,MTG,TV,2024,,,https://drive.google.com/file/d/1Df5GAr8mYqntcjpLihP0k7Ys5dD7LFOO/view?usp=drive_link,WK,1,06. June 2024 Traffic Instructions.xlsx,
WK-MONT-0224-11_30 Commercial Vehicles.mpg,Commercial Vehicles,30,MTG,TV,2024,,,https://drive.google.com/file/d/1h1-PhozeIxiMR5k-6t4ErfVLubnAO3qJ/view?usp=drive_link,WK,2,02. February 2024 Traffic Instructions.xlsx,
WK-MONT-0224-12_15 Commercial Vehicles,Commercial Vehicles,BE,MTG,TV,2024,,,https://drive.google.com/file/d/1IM9NO5vumlLTfxRINQTDg7EhMMLV8ECE/view?usp=drive_link,WK,3,Thanksgiving Spot November 2024 Traffic Instructions.xlsx,
WK-MONT-0224-12_15 Commercial Vehicles.mpg,Commercial Vehicles,BE,MTG,TV,2024,,,https://drive.google.com/file/d/1VV3U7-W2SL4BWKOiVsMBU3DcYcnRK4LY/view?usp=drive_link,WK,3,02. February 2024 Traffic Instructions.xlsx,
WK-MONT-0224-13_30 Premises Liability,Premises Liability,30,MTG,TV,2024,Premise Injury,,https://drive.google.com/file/d/1A1XJGbFA6NA21g819fOSnMx6Z_Es3VB9/view?usp=drive_link,WK,4,December 2024 Traffic Instructions.xlsx,
WK-MONT-0224-13_30 Premises Liability.mpg,Premises Liability,30,MTG,TV,2024,Premise Injury,,https://drive.google.com/file/d/1A1XJGbFA6NA21g819fOSnMx6Z_Es3VB9/view?usp=drive_link,WK,11,02. February 2024 Traffic Instructions.xlsx,
WK-MONT-0224-14_15 Premises Liability,Premises Liability,BE,MTG,TV,2024,Premise Injury,,https://drive.google.com/file/d/1Opgzoi0wQZ9NJigb1olXD8jIbj8HBSAv/view?usp=drive_link,WK,3,December 2024 Traffic Instructions.xlsx,
WK-MONT-0224-14_15 Premises Liability.mp4,Premises Liability,BE,MTG,TV,2024,Premise Injury,,https://drive.google.com/file/d/1Opgzoi0wQZ9NJigb1olXD8jIbj8HBSAv/view?usp=drive_link,WK,4,07. July 2024 Traffic Instructions.xlsx,
WK-MONT-0224-14_15 Premises Liability.mpg,Premises Liability,,MTG,TV,2024,Premise Injury,,https://drive.google.com/file/d/1CixQ5JeA7moXRiMiGoHP4fDSj_gSbM53/view?usp=drive_link,WK,6,02. February 2024 Traffic Instructions.xlsx,
WK-MONT-0224-15_15 On The Job Injury,On The Job Injury,BE,MTG,TV,2024,Job Injury,,https://drive.google.com/file/d/1b7O_ABmVKDGmRRSnmeRhY9BMQ_47wv4f/view?usp=drive_link,WK,10,December 2024 Traffic Instructions.xlsx,
WK-MONT-0224-15_15 On The Job Injury.mpg,On The Job Injury,BE,MTG,TV,2024,Job Injury,,https://drive.google.com/file/d/1CtJZVPjlL8CKlwiVN7tlgHDsnweYwicP/view?usp=drive_link,WK,10,02. February 2024 Traffic Instructions.xlsx,
WK-MONT-0224-16_30 On The Job Injury,On The Job Injury,30,MTG,TV,2024,Job Injury,,https://drive.google.com/file/d/16er9AKp-1o_FEc5zico14Y6ivnPQrhv5/view?usp=drive_link,WK,11,December 2024 Traffic Instructions.xlsx,
WK-MONT-0224-16_30 On The Job Injury.mpg,On The Job Injury,30,MTG,TV,2024,Job Injury,,https://drive.google.com/file/d/1OAKL_nhYLs9s46RzaA0fk2Py7LJmvhur/view?usp=drive_link,WK,14,02. February 2024 Traffic Instructions.xlsx,
WK-MONT-0224-17_30 More To Us,More To Us,30,MTG,TV,2024,,,https://drive.google.com/file/d/1I1hznfYINZ2sluQGkOae5K5AP6MP7tCy/view?usp=drive_link,WK,8,08. August 2024 Traffic Instructions.xlsx,
WK-MONT-0224-17_30 More To Us.mp4,More To Us,30,MTG,TV,2024,,,https://drive.google.com/file/d/1I1hznfYINZ2sluQGkOae5K5AP6MP7tCy/view?usp=drive_link,WK,1,06. June 2024 Traffic Instructions.xlsx,
WK-MONT-0224-17_30 More To Us.mpg,More To Us,30,MTG,TV,2024,,,https://drive.google.com/file/d/1GNN9jKJT8dCUNS1tZdBgLkvxIYfM5y4W/view?usp=drive_link,WK,2,02. February 2024 Traffic Instructions.xlsx,
WK-MONT-0224-18_15 More To Us,More To Us,BE,MTG,TV,2024,,,https://drive.google.com/file/d/13RwQ2JVbEEIcY2ebVkM5jnkh3jbTvdyw/view?usp=drive_link,WK,9,08. August 2024 Traffic Instructions.xlsx,
WK-MONT-0224-18_15 More To Us.mp4,More To Us,BE,MTG,TV,2024,,,https://drive.google.com/file/d/1Ri9IzWd_GYViszE49409ib3nu2EUOMz-/view?usp=drive_link,WK,1,06. June 2024 Traffic Instructions.xlsx,
WK-MONT-0224-18_15 More To Us.mpg,More To Us,BE,MTG,TV,2024,,,https://drive.google.com/file/d/13RwQ2JVbEEIcY2ebVkM5jnkh3jbTvdyw/view?usp=drive_link,WK,2,02. February 2024 Traffic Instructions.xlsx,
WK-MONT-0224-91-05_Commercial Vehicles,05 Commercial Vehicles,5,MTG,TV,2024,,,https://drive.google.com/file/d/1A5cw0XxwJIid4WiYWnLdWGvw1xrbMy-_/view?usp=drive_link,WK,10,08. August 2024 Traffic Instructions.xlsx,
WK-MONT-0224-91-05_Commercial Vehicles.mpg,05 Commercial Vehicles,5,MTG,TV,2024,,,https://drive.google.com/file/d/1A5cw0XxwJIid4WiYWnLdWGvw1xrbMy-_/view?usp=drive_link,WK,5,03. March 2024 Traffic Instructions - NEW AV SPOTS.xlsx,
WK-MONT-0224-92-10_Commercial Vehicles,10 Commercial Vehicles,10,MTG,TV,2024,,,https://drive.google.com/file/d/1Jjr5Yw3Q33DPkVFtoGrvCAuxJU53PWBZ/view?usp=drive_link,WK,10,08. August 2024 Traffic Instructions.xlsx,
WK-MONT-0224-92-10_Commercial Vehicles.mpg,10 Commercial Vehicles,10,MTG,TV,2024,,,https://drive.google.com/file/d/1Jjr5Yw3Q33DPkVFtoGrvCAuxJU53PWBZ/view?usp=drive_link,WK,5,03. March 2024 Traffic Instructions - NEW AV SPOTS.xlsx,
WK-MONT-0224-93-05_General Injury.mpg,05 General Injury,5,MTG,TV,2024,,,https://drive.google.com/file/d/19L2seNJnvEV454CF7jIeyZm2tsE0Vl_a/view?usp=drive_link,WK,11,03. March 2024 Traffic Instructions - NEW AV SPOTS.xlsx,
WK-MONT-0224-94-10_General Injury.mpg,10 General Injury,10,MTG,TV,2024,,,https://drive.google.com/file/d/1h_s0qKyAk3-3SAfKGpIaukhG111wF24a/view?usp=drive_link,WK,11,03. March 2024 Traffic Instructions - NEW AV SPOTS.xlsx,
WK-MONT-0224-95-05_On The Job Injury,05 On The Job Injury,5,MTG,TV,2024,Job Injury,,https://drive.google.com/file/d/1Wgnf3e-j7MlWm9sm1WrIpLMeJmZBTymK/view?usp=drive_link,WK,7,December 2024 Traffic Instructions.xlsx,
WK-MONT-0224-95-05_On The Job Injury.mpg,05 On The Job Injury,5,MTG,TV,2024,Job Injury,,https://drive.google.com/file/d/1Wgnf3e-j7MlWm9sm1WrIpLMeJmZBTymK/view?usp=drive_link,WK,6,03. March 2024 Traffic Instructions - NEW AV SPOTS.xlsx,
WK-MONT-0224-96-10_On The Job Injury,10 On The Job Injury,10,MTG,TV,2024,Job Injury,,https://drive.google.com/file/d/1P-FyKobrwTxbmSyO4jKBhnnhOb0MEeAt/view?usp=drive_link,WK,7,December 2024 Traffic Instructions.xlsx,
WK-MONT-0224-96-10_On The Job Injury.mpg,10 On The Job Injury,10,MTG,TV,2024,Job Injury,,https://drive.google.com/file/d/1P-FyKobrwTxbmSyO4jKBhnnhOb0MEeAt/view?usp=drive_link,WK,6,03. March 2024 Traffic Instructions - NEW AV SPOTS.xlsx,
WK-MONT-0224-97-05_Premises Liability.mpg,05 Premises Liability,5,MTG,TV,2024,Premise Injury,,https://drive.google.com/file/d/1gqAxVusO5boU-MyBzC9LZL1jtD9aPUhf/view?usp=drive_link,WK,5,03. March 2024 Traffic Instructions - NEW AV SPOTS.xlsx,
WK-MONT-0224-98-10_Premises Liability.mpg,10 Premises Liability,10,MTG,TV,2024,Premise Injury,,https://drive.google.com/file/d/18I8tyJZIaKtDEaQpAOYP6QfG7-1KuA9q/view?usp=drive_link,WK,5,03. March 2024 Traffic Instructions - NEW AV SPOTS.xlsx,
WK-MONT-0224-99-04_General Injury.mpg,04 General Injury,4,MTG,TV,2024,,,https://drive.google.com/file/d/1tRNbj0Hw3bhMHnAq37DeREKlkipAZ9Bo/view?usp=drive_link,WK,11,03. March 2024 Traffic Instructions - NEW AV SPOTS.xlsx,
WK-MONT-0324-01_30 Car Wreck,Car Wreck,30,MTG,TV,2024,Car Wreck,,https://drive.google.com/file/d/1stUFggv5hHm-8lkxM3lgVrBrU1c_z6gt/view?usp=drive_link,WK,15,09. September 2024 Traffic Instructions.xlsx,
WK-MONT-0324-01_30 Car Wreck.mpg,Car Wreck,30,MTG,TV,2024,Car Wreck,,https://drive.google.com/file/d/1O-tF5MIzKrMJpcg93JPQDAhXEebngqDC/view?usp=drive_link,WK,10,04. April-May 2024 Traffic Instructions.xlsx,
WK-MONT-0324-02_15 Car Wreck,Car Wreck,BE,MTG,TV,2024,Car Wreck,,https://drive.google.com/file/d/1VG4hEQHcSju8aLoNX6dGwtTemeNZUYbt/view?usp=drive_link,WK,9,09. September 2024 Traffic Instructions.xlsx,
WK-MONT-0324-02_15 Car Wreck.mpg,Car Wreck,BE,MTG,TV,2024,Car Wreck,,https://drive.google.com/file/d/1afZclev8K6V2-ZA58j1OtBxH3bISJcyZ/view?usp=drive_link,WK,4,04. April-May 2024 Traffic Instructions.xlsx,
WK-MONT-0324-03_30 Trucking Accident,Trucking Accident,30,MTG,TV,2024,Trucking,,https://drive.google.com/file/d/1NrngySaA5yYVuhuI4OpmOHA_W3OGO-rv/view?usp=drive_link,WK,3,09. September 2024 Traffic Instructions.xlsx,
WK-MONT-0324-03_30 Trucking Accident.mpg,Trucking Accident,30,MTG,TV,2024,Trucking,,https://drive.google.com/file/d/16TZayORhFtqyHjGu0BtK0QCnRBsJMTqw/view?usp=drive_link,WK,9,04. April-May 2024 Traffic Instructions.xlsx,
WK-MONT-0324-04_15 Trucking Accident,Trucking Accident,BE,MTG,TV,2024,Trucking,,https://drive.google.com/file/d/1ifC_ob2HTFUygT6r1K5qsEna9yPQi8TQ/view?usp=drive_link,WK,1,December 2024 Traffic Instructions.xlsx,
WK-MONT-0324-04_15 Trucking Accident.mpg,Trucking Accident,BE,MTG,TV,2024,Trucking,,https://drive.google.com/file/d/17ZVOwpQyq1uxXP5NxQKmEJBT9i_49uyC/view?usp=drive_link,WK,7,04. April-May 2024 Traffic Instructions.xlsx,
WK-MONT-0324-05_30 Commercial Accidents,Commercial Accidents,30,MTG,TV,2024,Trucking,,https://drive.google.com/file/d/1yUdoJ1JCOwGWgj0s6m1Y3g3KXQQz1X1J/view?usp=drive_link,WK,4,01. January2025 x2 Traffic Instructions.xlsx,
WK-MONT-0324-05_30 Commercial Accidents.mpg,Commercial Accidents,30,MTG,TV,2024,Trucking,,https://drive.google.com/file/d/1Pno7IpRNqm_xM0JZ4qGyI-OTUJMbfqU9/view?usp=drive_link,WK,5,04. April-May 2024 Traffic Instructions.xlsx,
WK-MONT-0324-06_15 Commercial Accidents,Commercial Accidents,BE,MTG,TV,2024,Trucking,,https://drive.google.com/file/d/1SnwDW9saO1DVcI1Eta23UvrJDwvgEOpm/view?usp=drive_link,WK,4,01. January2025 x2 Traffic Instructions.xlsx,
WK-MONT-0324-06_15 Commercial Accidents.mpg,Commercial Accidents,BE,MTG,TV,2024,Trucking,,https://drive.google.com/file/d/1SnwDW9saO1DVcI1Eta23UvrJDwvgEOpm/view?usp=drive_link,WK,3,04. April-May 2024 Traffic Instructions.xlsx,
WK-MONT-0324-07_30 Weekends,Weekends,30,MTG,TV,2024,,,https://drive.google.com/file/d/1TskPhWTtnYsIa9tkzcx96LrHhWVB65iG/view?usp=drive_link,WK,4,01. January2025 x2 Traffic Instructions.xlsx,
WK-MONT-0324-07_30 Weekends.mpg,Weekends,30,MTG,TV,2024,,,https://drive.google.com/file/d/1TskPhWTtnYsIa9tkzcx96LrHhWVB65iG/view?usp=drive_link,WK,11,04. April-May 2024 Traffic Instructions.xlsx,
WK-MONT-0924-07_30 Communication,Communication,30,MTG,TV,2024,,,https://drive.google.com/file/d/1_gyZySfexTwCveLEcUUQxQTmFYBLJ0FP/view?usp=drive_link,WK,2,Thanksgiving Spot November 2024 Traffic Instructions.xlsx,
WK-MONT-0125-01-30_There Is A Firm,30 There Is A Firm,30,MTG,TV,2025,Brand,,https://drive.google.com/file/d/1zkzkWCEnD-4jks3na9xKuVlTGXE_bDDi/view?usp=drive_link,WK,2,01. January 2025 REVISED Traffic Instructions.xlsx,
WK-MONT-0125-02-15_There Is A Firm,15 There Is A Firm,BE,MTG,TV,2025,Brand,,https://drive.google.com/file/d/1BdMVSViXN_qOzkr3E74bDoCGP9NmQhzH/view?usp=drive_link,WK,4,01. January 2025 REVISED Traffic Instructions.xlsx,
WK-MONT-0125-03-30_Weekend,30 Weekend,30,MTG,TV,2025,,,https://drive.google.com/file/d/19LrONMC7byZw-3qiRJkqZRgeghajSWuZ/view?usp=drive_link,WK,5,01. January 2025 REVISED Traffic Instructions.xlsx,
WK-MONT-0125-04-15_Weekend,15 Weekend,BE,MTG,TV,2025,,,https://drive.google.com/file/d/13l6JaUvhglJmi9bG-gUD92RVkxiQHP4K/view?usp=drive_link,WK,10,01. January 2025 REVISED Traffic Instructions.xlsx,
WK-MONT-0125-05-30_Commercial Vehicle,30 Commercial Vehicle,30,MTG,TV,2025,,,https://drive.google.com/file/d/1xXlJX8OSKla5TpUsOVmgFooN3miVIgAa/view?usp=drive_link,WK,5,01. January 2025 REVISED Traffic Instructions.xlsx,
WK-MONT-0125-06-15_Commercial Vehicle,15 Commercial Vehicle,BE,MTG,TV,2025,,,https://drive.google.com/file/d/11fDZFI4RcH8Sv97a2AvjHEb7aIcGj-nT/view?usp=drive_link,WK,10,01. January 2025 REVISED Traffic Instructions.xlsx,
WK-MONT-0125-07-30_Car Wreck,30 Car Wreck,30,MTG,TV,2025,Car Wreck,,https://drive.google.com/file/d/1VTZzswSHWIze-sTx7sj3Dl2v1c-ZyYRX/view?usp=drive_link,WK,10,01. January 2025 REVISED Traffic Instructions.xlsx,
WK-MONT-0125-08-15_Car Wreck,15 Car Wreck,BE,MTG,TV,2025,Car Wreck,,https://drive.google.com/file/d/141-Z67fqnZFhaLSTBVa3ZfReTwWOUCcE/view?usp=drive_link,WK,15,01. January 2025 REVISED Traffic Instructions.xlsx,
WK-MONT-0125-09-30_Injury,30 Injury,30,MTG,TV,2025,,,https://drive.google.com/file/d/10uSVCBKEHOUN3kRuhD2oijymzAaYJzNK/view?usp=drive_link,WK,5,01. January 2025 REVISED Traffic Instructions.xlsx,
WK-MONT-0125-10-15_Injury,15 Injury,BE,MTG,TV,2025,,,https://drive.google.com/file/d/1PNjTN7sQpalj8xItOwxnJ38deNjbqTM1/view?usp=drive_link,WK,5,01. January 2025 REVISED Traffic Instructions.xlsx,
WK-MONT-0125-88-04_Personal,04 Personal,4,MTG,TV,2025,,,https://drive.google.com/file/d/1SS0Ra3uFE9cv0xN1koq9BeNv5VNFl1K1/view?usp=drive_link,WK,6,01. January 2025 REVISED Traffic Instructions.xlsx,
WK-MONT-0125-90-10_Car Wreck,10 Car Wreck,10,MTG,TV,2025,Car Wreck,,https://drive.google.com/file/d/1a3_vJWxl91KJJglubH6GYVrhpMQixCq9/view?usp=drive_link,WK,5,01. January 2025 REVISED Traffic Instructions.xlsx,
WK-MONT-0125-91-05_Car Wreck,05 Car Wreck,5,MTG,TV,2025,Car Wreck,,https://drive.google.com/file/d/1FVwnS2V0swqyvN2oc3jPZsmj0TLZrlE7/view?usp=drive_link,WK,5,01. January 2025 REVISED Traffic Instructions.xlsx,
WK-MONT-0125-92-10_Injury,10 Injury,10,MTG,TV,2025,,,https://drive.google.com/file/d/1vjpiBDy8kSek73T7FmHrbu6mnse8duAW/view?usp=drive_link,WK,5,01. January 2025 REVISED Traffic Instructions.xlsx,
WK-MONT-0125-93-05_Injury,05 Injury,5,MTG,TV,2025,,,https://drive.google.com/file/d/1v5jMlgxSCf5K-zAhjZWING5TwG3L0w9a/view?usp=drive_link,WK,5,01. January 2025 REVISED Traffic Instructions.xlsx,
WK-MONT-0225-01-30_There Is A Firm,30 There Is A Firm,30,MTG,TV,2025,Brand,,https://drive.google.com/file/d/1Eo7Eam0aRjMciVSs9pTeBkvm_oNASNb1/view?usp=drive_link,WK,7,01. January 2025 REVISED Traffic Instructions.xlsx,
WK-MONT-0225-02-15_ There Is A Firm,15  There Is A Firm,,MTG,TV,2025,Brand,,https://drive.google.com/file/d/13P5MKAsKF5zVaQ9vds16-S4lTYg9Wa7T/view?usp=drive_link,WK,18,01. January 2025 REVISED Traffic Instructions.xlsx,
WK-MONT-0325-01-15_Weekends,15 Weekends,BE,MTG,TV,2025,,,https://drive.google.com/file/d/1nhomXxpMCPIhfmqeTqMWAk2w_IcEZ00o/view?usp=drive_link,WK,32,03. March 2025 Traffic Instructions.xlsx,
WK-MONT-0325-01-30_There Is A Firm,30 There Is A Firm,30,MTG,TV,2025,Brand,,https://drive.google.com/file/d/1HbC5hmR7iH11JTIOM3IOWyZf0XTfX1kA/view?usp=drive_link,WK,3,05. May 2025 Traffic Instructions.xlsx,
WK-MONT-0325-02-30_Weekends,30 Weekends,30,MTG,TV,2025,,,https://drive.google.com/file/d/1egzk51MSJXd6SdUQ-Y_pLwpmJvfWbnNF/view?usp=drive_link,WK,16,03. March 2025 Traffic Instructions.xlsx,
WK-MONT-0325-03-15_Car Wreck 3step,15 Car Wreck 3step,BE,MTG,TV,2025,Car Wreck,,https://drive.google.com/file/d/1tzH5o7n6BTCqXaBMULxS1lMnb5l_uTYE/view?usp=drive_link,WK,17,03. March 2025 Traffic Instructions.xlsx,
WK-MONT-0325-04-30_Car Wreck 3step,30 Car Wreck 3step,30,MTG,TV,2025,Car Wreck,,https://drive.google.com/file/d/190PD5coZrwgbYVbFlmIbzgeOY52VOZHz/view?usp=drive_link,WK,4,03. March 2025 Traffic Instructions.xlsx,
WK-MONT-0325-05-15_Working Man,15 Working Man,BE,MTG,TV,2025,Job Injury,,https://drive.google.com/file/d/17LpWOYceIMyr1M6Ea8oIx9CyO_MpnR2N/view?usp=drive_link,WK,32,03. March 2025 Traffic Instructions.xlsx,
WK-MONT-0325-06-30_ Working Man,30  Working Man,30,MTG,TV,2025,Job Injury,,https://drive.google.com/file/d/1hep9lApuuCgN5yA_IkZzre5E2CMYTwv0/view?usp=drive_link,WK,4,03. March 2025 Traffic Instructions.xlsx,
WK-MONT-0325-07-15_Premise Injury,15 Premise Injury,BE,MTG,TV,2025,Premise Injury,,https://drive.google.com/file/d/1-RrHeZFfurjdOyazafJQjaLQR4P7mTvr/view?usp=drive_link,WK,12,03. March 2025 Traffic Instructions.xlsx,
WK-MONT-0325-08-30_ Premise Injury,30  Premise Injury,30,MTG,TV,2025,Premise Injury,,https://drive.google.com/file/d/1AHRhQmLn6WEOeD2W6or6qP0K5vuqnGlr/view?usp=drive_link,WK,2,03. March 2025 Traffic Instructions.xlsx,
WK-MONT-0325-09-15_Branding Legacy,15 Branding Legacy,BE,MTG,TV,2025,Brand,,https://drive.google.com/file/d/1oZ0GWQFi0r00NOGywMaaIxvxB7wryfp8/view?usp=drive_link,WK,2,03. March 2025 Traffic Instructions.xlsx,
WK-MONT-0325-10-30_Branding Legacy,30 Branding Legacy,30,MTG,TV,2025,Brand,,https://drive.google.com/file/d/1MDlIqoOZP4pFRiPFMlqTgBXSJewhWLkx/view?usp=drive_link,WK,14,03. March 2025 Traffic Instructions.xlsx,
WK-MONT-0325-11-15_Trucking 2,15 Trucking 2,BE,MTG,TV,2025,Trucking,,https://drive.google.com/file/d/1vLQd-ri7w8iRtPSlmEz9dqf6rKtYTBPe/view?usp=drive_link,WK,24,03. March 2025 Traffic Instructions.xlsx,
WK-MONT-0325-12-30_Trucking 2,30 Trucking 2,30,MTG,TV,2025,Trucking,,https://drive.google.com/file/d/1PPamtpzCk_kG0Y8Ey0E-h2MeSs38VB1L/view?usp=drive_link,WK,2,03. March 2025 Traffic Instructions.xlsx,
WK-MONT-0325-14-30_Different,30 Different,30,MTG,TV,2025,Brand,,https://drive.google.com/file/d/1A4tZgJqpGJN2gsF2yDqXm5WkitwWLMgV/view?usp=drive_link,WK,8,06. June 2025 Traffic Instructions.xlsx,
WK-MONT-0325-15-15_Commercial Accident,15 Commercial Accident,BE,MTG,TV,2025,Trucking,,https://drive.google.com/file/d/13LiJ7z37E3vVeE6Xl3KDGrBb6HUkcjdd/view?usp=drive_link,WK,7,04. April 2025 Traffic Instructions.xlsx,
WK-MONT-0325-18-30_Mother’s Wreck,30 Mother’s Wreck,30,MTG,TV,2025,Car Wreck,,https://drive.google.com/file/d/1mvSFKFaUCNw9VZgP6qhsn-Y-I-QlfZDN/view?usp=drive_link,WK,20,04. April 2025 Traffic Instructions.xlsx,
WK-MONT-0325-19-15_Distracted Cell Phones,15 Distracted Cell Phones,BE,MTG,TV,2025,Car Wreck,,https://drive.google.com/file/d/1DscLP7M3dRJuOGwUc0-FF12kKYp7Cl1F/view?usp=drive_link,WK,20,03. March 2025 Traffic Instructions.xlsx,
WK-MONT-0325-20-30_ Distracted Cell Phones,30  Distracted Cell Phones,30,MTG,TV,2025,Car Wreck,,https://drive.google.com/file/d/1UiG5kwAwLPh4oS8ryeAH7mffG7zDtmsk/view?usp=drive_link,WK,2,03. March 2025 Traffic Instructions.xlsx,
WK-MONT-0325-88-04_Personal,04 Personal,4,MTG,TV,2025,,,https://drive.google.com/file/d/1JG78XxAzHOqP3wzGPV0HYFe3Jo5JllWG/view?usp=drive_link,WK,16,03. March 2025 Traffic Instructions.xlsx,
WK-MONT-0325-91-05_Car Wreck,05 Car Wreck,5,MTG,TV,2025,Car Wreck,,https://drive.google.com/file/d/1clImBG_3Jone-cMXllCV2g5Mok2crGof/view?usp=drive_link,WK,14,04. April 2025 Traffic Instructions.xlsx,
WK-MONT-0325-92-10_Car Wreck,10 Car Wreck,10,MTG,TV,2025,Car Wreck,,https://drive.google.com/file/d/1VpUOFxgh8mGu6VhKmlSzEiNTMb_hff-J/view?usp=drive_link,WK,14,04. April 2025 Traffic Instructions.xlsx,
WK-MONT-0325-93-05_Premise Injury,05 Premise Injury,5,MTG,TV,2025,Premise Injury,,https://drive.google.com/file/d/1q3UufQr_8nqkY9b-2teXpQigTyL3wWTd/view?usp=drive_link,WK,14,04. April 2025 Traffic Instructions.xlsx,
WK-MONT-0325-94-10_Premise Injury,10 Premise Injury,10,MTG,TV,2025,Premise Injury,,https://drive.google.com/file/d/1Ll7vyasjnUMnUceP_BYxHjXxpq2r9K_h/view?usp=drive_link,WK,14,04. April 2025 Traffic Instructions.xlsx,
WK-MONT-0525-01-15_Car Wreck,15 Car Wreck,BE,MTG,TV,2025,Car Wreck,,https://drive.google.com/file/d/1r0TtmKG_pHBk6jhiXlVxJ6-f1BbJvVTI/view?usp=drive_link,WK,16,06. June 2025 Traffic Instructions.xlsx,
WK-MONT-0525-03-15_Trucking Accident,15 Trucking Accident,BE,MTG,TV,2025,Trucking,,https://drive.google.com/file/d/1A1RnMwPE7z0s-VkX6k1INw_MtY6rv-rc/view?usp=drive_link,WK,8,06. June 2025 Traffic Instructions.xlsx,
WK-MONT-0525-05-15_Work Comp,15 Work Comp,BE,MTG,TV,2025,Job Injury,,https://drive.google.com/file/d/1sBuG9fdHTlluLy99vX0n6IC6twz8CuzF/view?usp=drive_link,WK,12,06. June 2025 Traffic Instructions.xlsx,
WK-MONT-0625-07-15_Commercial Vehicle,15 Commercial Vehicle,BE,MTG,TV,2025,,,https://drive.google.com/file/d/1-8ZyErfeaDtwIMyX3o-_HhV6XKIh5KFa/view?usp=drive_link,WK,8,07. July 2025 Traffic Instructions.xlsx,
WK-MONT-0625-08-15_Premise Injury,15 Premise Injury,BE,MTG,TV,2025,Premise Injury,,https://drive.google.com/file/d/1YZtWP19EjIbW0eCegSATXaKUqA1Wh1wU/view?usp=drive_link,WK,14,07. July 2025 Traffic Instructions.xlsx,
WK-MONT-0825-02-30_Personal,30 Personal,30,MTG,TV,2025,,,https://drive.google.com/file/d/1qAv4pYixPt6-9RNy6w-FHO6K47ojOqug/view?usp=drive_link,WK,8,09. September 2025 Traffic Instructions.xlsx,
WK-MONT-0825-03-30_Award Winning,30 Award Winning,30,MTG,TV,2025,,,https://drive.google.com/file/d/1ZHMxW0r7OFponWLqE-CbESFgLEhWGIQP/view?usp=drive_link,WK,2,10. October 2025 Traffic Instructions.xlsx,
WK-PANA-0522-01_WorkingMan_30.mpg,WK-PANA-0522-01_WorkingMan_30.mpg,30,PAN,TV,2022,,,https://drive.google.com/file/d/1OF_dc5Uuzax63xy4gJRu-65TisgoaL6J/view?usp=drive_link,WK,27,August-October 2022 Traffic Instructions.xlsx,Y
WK-PANA-0522-02_WorkingMan_15A.mpg,WK-PANA-0522-02_WorkingMan_15A.mpg,BE,PAN,TV,2022,,,https://drive.google.com/file/d/1zfhkU1yVyFxHtiNB_lYBFCeX7WzHg_qi/view?usp=drive_link,WK,17,August-October 2022 Traffic Instructions.xlsx,Y
WK-PANA-0522-10_Puzzle_30.mpg,WK-PANA-0522-10_Puzzle_30.mpg,30,PAN,TV,2022,Brand,,https://drive.google.com/file/d/1Su9vO81NF1B5Hv011hNJDt9G8fMPtq-m/view?usp=drive_link,WK,1,June-August 2023 Traffic Instructions.xlsx,Y
WK-PANA-0522-11_Puzzle_15A.mpg,WK-PANA-0522-11_Puzzle_15A.mpg,BE,PAN,TV,2022,Brand,,https://drive.google.com/file/d/1tbu-7TjNTHWm8TULsi9GUm6xf2dmXAHi/view?usp=drive_link,WK,1,June-August 2023 Traffic Instructions.xlsx,Y
WK-PANA-0522-19_CarCrashImage_30,WK-PANA-0522-19_CarCrashImage_30,30,PAN,TV,2022,Car Wreck,,,WK,2,August-October 2022 Traffic Instructions.xlsx,Y
WK-PANA-0522-19_CarCrashImage_30.mpg,WK-PANA-0522-19_CarCrashImage_30.mpg,30,PAN,TV,2022,Car Wreck,,https://drive.google.com/file/d/1rb2f7uSjFcfZXryoTcBKSXfHybRr0dji/view?usp=drive_link,WK,6,August-October 2022 Traffic Instructions.xlsx,Y
WK-PANA-0522-20_CarCrashImage_15A,WK-PANA-0522-20_CarCrashImage_15A,BE,PAN,TV,2022,Car Wreck,,,WK,2,August-October 2022 Traffic Instructions.xlsx,Y
WK-PANA-0522-20_CarCrashImage_15A.mpg,WK-PANA-0522-20_CarCrashImage_15A.mpg,BE,PAN,TV,2022,Car Wreck,,,WK,4,August-October 2022 Traffic Instructions.xlsx,Y
WK-PANA-0522-21_CarCrashImage_15B.mpg,WK-PANA-0522-21_CarCrashImage_15B.mpg,BE,PAN,TV,2022,Car Wreck,,https://drive.google.com/file/d/1aOJZT9iKz4maSRZwrkyT-43_avFqV8ni/view?usp=drive_link,WK,1,June-August 2023 Traffic Instructions.xlsx,Y
WK-PANA-0522-22_Team_30,WK-PANA-0522-22_Team_30,30,PAN,TV,2022,Brand,,,WK,2,August-October 2022 Traffic Instructions.xlsx,Y
WK-PANA-0522-23_Team_15a,WK-PANA-0522-23_Team_15a,BE,PAN,TV,2022,Brand,,,WK,2,August-October 2022 Traffic Instructions.xlsx,Y
WK-PANA-0522-25_Motorcycle_30R.mpg,WK-PANA-0522-25_Motorcycle_30R.mpg,30,PAN,TV,2022,Motorcycle,,https://drive.google.com/file/d/1WB6BE_Gk3zDx3HpJvp85pjAZXQElnEEP/view?usp=drive_link,WK,1,June-August 2023 Traffic Instructions.xlsx,Y
WK-PANA-0522-27_Motorcycle_15b.mpg,WK-PANA-0522-27_Motorcycle_15b.mpg,BE,PAN,TV,2022,Motorcycle,,https://drive.google.com/file/d/1Qbf9lJ29po8BD5ynsL-WGK3t_jbYE6d0/view?usp=drive_link,WK,1,June-August 2023 Traffic Instructions.xlsx,Y
WK-PANA-0622-03_Commercial-Accident-15B.mpg,Accident,BE,PAN,TV,2022,,,https://drive.google.com/file/d/1nUeNExc0lMfij7TCRtka3RHPS8yZzgNO/view?usp=drive_link,WK,3,November-December 2023 Traffic Instructions.xlsx,Y
WK-PANA-0622-04_Distracted Cell Phones-30,Cell Phones,30,PAN,TV,2022,,,https://drive.google.com/file/d/1pwyMgUUA5GNll0W_rJXI5Z0POOMnGPKw/view?usp=drive_link,WK,17,Christmas Spot December 2023 Traffic Instructions.xlsx,Y
WK-PANA-0622-04_Distracted-Cell-Phones-30.mpg,Cell Phones,30,PAN,TV,2022,,,,WK,3,April-May 2023 Traffic Instructions.xlsx,Y
WK-PANA-0622-04_DistractedCellPhones_30,WK-PANA-0622-04_DistractedCellPhones_30,30,PAN,TV,2022,Car Wreck,,,WK,2,August-October 2022 Traffic Instructions.xlsx,Y
WK-PANA-0622-05_Distracted-Cell-Phones-15A.mpg,Cell Phones,BE,PAN,TV,2022,,,https://drive.google.com/file/d/15QFYpJSDNbcXqumRGVDu8qLOVRP40Dp4/view?usp=drive_link,WK,12,Christmas Spot December 2023 Traffic Instructions.xlsx,Y
WK-PANA-0622-05_DistractedCellPhones_15a,WK-PANA-0622-05_DistractedCellPhones_15a,BE,PAN,TV,2022,Car Wreck,,,WK,6,August-October 2022 Traffic Instructions.xlsx,Y
WK-PANA-0622-06_DistractedCellPhones_15b,WK-PANA-0622-06_DistractedCellPhones_15b,15,PAN,TV,2022,Car Wreck,,,WK,2,August-October 2022 Traffic Instructions.xlsx,Y
WK-PANA-0622-07_Headlines 18 Wheelers.mpg,18 Wheelers,30,PAN,TV,2022,Trucking,,good,WK,19,August-October 2022 Traffic Instructions.xlsx,Y
WK-PANA-0622-07_Headlines-18-Wheelers-30.mpg,18 Wheelers,30,PAN,TV,2022,Trucking,,,WK,2,August-October 2022 Traffic Instructions.xlsx,Y
WK-PANA-0622-08_Headlines-18-Wheelers-15A.mpg,18 Wheelers,BE,PAN,TV,2022,Trucking,,,WK,2,August-October 2022 Traffic Instructions.xlsx,Y
WK-PANA-0622-09_Headlines-18-Wheelers-15B.mpg,18 Wheelers,BE,PAN,TV,2022,Trucking,,https://drive.google.com/file/d/1wG_lHUwwILBPfwHEokx7AWFzSkZ7UP1N/view?usp=drive_link,WK,13,August-October 2022 Traffic Instructions.xlsx,Y
WK-PANA-0622-10_Mothers Wreck.mpg,Wreck,30,PAN,TV,2022,Car Wreck,,,WK,5,August-October 2022 Traffic Instructions.xlsx,Y
WK-PANA-0622-11_Mothers-Wreck-15.mpg,Wreck,BE,PAN,TV,2022,Car Wreck,,https://drive.google.com/file/d/1vcla4GCuxE7eWWhexIydXTXlMTYM6L8R/view?usp=drive_link,WK,16,August-October 2022 Traffic Instructions.xlsx,Y
WK-PANA-0622-12_Parents 30,WK-PANA-0622-12_Parents 30,30,PAN,TV,2022,,,https://drive.google.com/file/d/1nPV-fpRMpYXx4-tbW6xvjrGhPnvGRHWT/view?usp=drive_link,WK,17,Christmas Spot December 2023 Traffic Instructions.xlsx,Y
WK-PANA-0622-12_Parents 30.mpg,WK-PANA-0622-12_Parents 30.mpg,30,PAN,TV,2022,,,https://drive.google.com/file/d/1nPV-fpRMpYXx4-tbW6xvjrGhPnvGRHWT/view?usp=drive_link,WK,6,August-October 2022 Traffic Instructions.xlsx,Y
WK-PANA-0622-13_Home PC 30,PC,30,PAN,TV,2022,,,https://drive.google.com/file/d/1uDR9mSUnlQR2dMY3mffaqU5gubD7kI_Y/view?usp=drive_link,WK,8,August-October 2022 Traffic Instructions.xlsx,Y
WK-PANA-0622-13_Home PC.mpg,PC,30,PAN,TV,2022,,,https://drive.google.com/file/d/1uDR9mSUnlQR2dMY3mffaqU5gubD7kI_Y/view?usp=drive_link,WK,21,Christmas Spot December 2023 Traffic Instructions.xlsx,Y
WK-PANA-0622-13_Parents 15.mpg,WK-PANA-0622-13_Parents 15.mpg,BE,PAN,TV,2022,,,https://drive.google.com/file/d/1W6zfbVi_NMUv4xLhHiigMYEV713d4V59/view?usp=drive_link,WK,17,August-October 2022 Traffic Instructions.xlsx,Y
WK-PANA-0622-14_Home-15A.mpg,WK-PANA-0622-14_Home-15A.mpg,BE,PAN,TV,2022,,,https://drive.google.com/file/d/16T_wSMKwTIw-ibvdRAlTlJDwNoT6lXiw/view?usp=drive_link,WK,14,Christmas Spot December 2023 Traffic Instructions.xlsx,Y
WK-PANA-0622-14_HomePC15a,WK-PANA-0622-14_HomePC15a,BE,PAN,TV,2022,,,https://drive.google.com/file/d/16T_wSMKwTIw-ibvdRAlTlJDwNoT6lXiw/view?usp=drive_link,WK,7,August-October 2022 Traffic Instructions.xlsx,Y
WK-PANA-0622-15_HomePC15b,WK-PANA-0622-15_HomePC15b,BE,PAN,TV,2022,,,,WK,2,August-October 2022 Traffic Instructions.xlsx,Y
WK-PANA-0622-18_Premise Injury 30.mpg,Injury,30,PAN,TV,2022,,,https://drive.google.com/file/d/1kohYay4Gi32B19EBAMDleKSlAA7PUtSb/view?usp=drive_link,WK,25,August-October 2022 Traffic Instructions.xlsx,Y
WK-PANA-0622-19_Premise Injury 15a.mpg,Injury,BE,PAN,TV,2022,,,https://drive.google.com/file/d/1ozu2NRZ1wQRb0ynSRFkRLBm1ue6z2MHk/view?usp=drive_link,WK,14,April-May 2023 Traffic Instructions.xlsx,Y
WK-PANA-0622-20_Premise Injury 15b.mpg,Injury,BE,PAN,TV,2022,,,https://drive.google.com/file/d/1W6BBw3VBkpUZmVCBtUyhLt5yaaoT13nC/view?usp=drive_link,WK,1,June-August 2023 Traffic Instructions.xlsx,Y
WK-PANA-0622-22R_Things to Do Accident 15A.mpg,to Do Accident,BE,PAN,TV,2022,,,,WK,4,August-October 2022 Traffic Instructions.xlsx,Y
WK-PANA-0722-03_Jonathan 30.mpg,WK-PANA-0722-03_Jonathan 30.mpg,30,PAN,TV,2022,Testimonial,,https://drive.google.com/file/d/1WPLqWIiXew4b9xXHLjwnpNPGLHQp3ueX/view?usp=drive_link,WK,2,June-August 2023 Traffic Instructions.xlsx,Y
WK-PANA-0722-04_Jonathan 15.mpg,WK-PANA-0722-04_Jonathan 15.mpg,BE,PAN,TV,2022,Testimonial,,https://drive.google.com/file/d/154zywfShnHmSNLh9L6CVoBJZxXxc_3LE/view?usp=drive_link,WK,2,June-August 2023 Traffic Instructions.xlsx,Y
Thanksgiving 30sec. Commercial.mov,Thanksgiving 30sec. Commercial,30,PAN,TV,2023,Seasonal,,https://drive.google.com/file/d/1PJhLjSxGD2GpAG3lxCnY9OcnjTdNc2dc/view?usp=drive_link,WK,2,Thanksgiving Spot November 2023 Traffic Instructions.xlsx,Y
WK-1120-02 Thanksgiving 15.mpg,WK 1120 02 Thanksgiving,15,PAN,TV,2023,Seasonal,,https://drive.google.com/file/d/16W7YfIRjFsimVLgm98eYFgE_WENE_xry/view?usp=drive_link,WK,1,Thanksgiving Spot November 2023 Traffic Instructions.xlsx,Y
WK-1122-01 Christmas 30.mpg,WK 1122 01 Christmas,30,PAN,TV,2023,Seasonal,,https://drive.google.com/file/d/1bLZPxsmPU4XvZcwwFAKc264rb-T6IgZB/view?usp=drive_link,WK,2,Christmas Spot December 2023 Traffic Instructions.xlsx,Y
WK-Memorial Day 2023,WK Memorial Day 2023,30,PAN,TV,2023,Seasonal,,,WK,1,Memorial Day 2023 Traffic Instructions.xlsx,Y
WK-PANA-0323-CarCrashImage_05,WK-PANA-0323-CarCrashImage_05,5,PAN,TV,2023,Car Wreck,,https://drive.google.com/file/d/1Sz6hQcrMQj0jeyN3CmkLdttCBELRjTZc/view?usp=drive_link,WK,17,April-May 2023 Traffic Instructions.xlsx,Y
WK-PANA-0823-10_Mothers-Wreck-30,Wreck,30,PAN,TV,2023,Car Wreck,,https://drive.google.com/file/d/1L_Hmgr0V_BdD9DOQ0_mCQWUgIaeYgSx0/view?usp=drive_link,WK,21,Christmas Spot December 2023 Traffic Instructions.xlsx,Y
WK-PANA-0823-16_Puzzle-30,WK-PANA-0823-16_Puzzle-30,30,PAN,TV,2023,Brand,,https://drive.google.com/file/d/1-zPfg51l4doxCqCfDVPr_-oE7UA3mEnS/view?usp=drive_link,WK,17,Christmas Spot December 2023 Traffic Instructions.xlsx,Y
WK-PANA-0823-17_Puzzle-15,WK-PANA-0823-17_Puzzle-15,BE,PAN,TV,2023,Brand,,https://drive.google.com/file/d/1WcwsgmUUHy9zQfrDWXcNtFaSB44IH_CW/view?usp=drive_link,WK,12,Christmas Spot December 2023 Traffic Instructions.xlsx,Y
WK-PANA-0823-30_Commercial-Vehicle-30,Vehicle,30,PAN,TV,2023,,,https://drive.google.com/file/d/14OeZwfK5UUOPEWeU1Qy8pKdRkF6NAyr4/view?usp=drive_link,WK,3,November-December 2023 Traffic Instructions.xlsx,Y
WK-PANA-0923-02_Distracted-Cell-Phones-10,Cell Phones,10,PAN,TV,2023,,,https://drive.google.com/file/d/1gJp3034-th_rvwbMY-Z2UMJ9xhkRvFNF/view?usp=drive_link,WK,14,Christmas Spot December 2023 Traffic Instructions.xlsx,Y
WK-PANA-0923-04_General-4,4,4,PAN,TV,2023,,,https://drive.google.com/file/d/18IdR2e7DXL6ki6JTa0Mypor1KRKCQvbI/view?usp=drive_link,WK,14,Christmas Spot December 2023 Traffic Instructions.xlsx,Y
WK-PANA-1223-04_Hurt-In-A-Wreck.mov,In A Wreck,4,PAN,TV,2023,Car Wreck,,https://drive.google.com/file/d/148YdVuPZ6EbQC7AX4gX3kgCdOZ7F9uh1/view?usp=drive_link,WK,9,01. January 2024 Traffic Instructions.xlsx,Y
WK-0524-01-30_Memorial Day 2024.mpg,WK 0524 01 30 Memorial Day 2024,30,PAN,TV,2024,Seasonal,,https://drive.google.com/file/d/1tPj9Oe3itWQ5B4r9fmdauR8cVjB1uBeI/view?usp=drive_link,WK,3,05. May-June 2024 Traffic Instructions.xlsx,Y
WK-PANA-0224-01_30 Lunch Pail,Lunch Pail,30,PAN,TV,2024,,,https://drive.google.com/file/d/1pdNiRofO87_tE5InF2AQLzDmLXhRWhyG/view?usp=drive_link,WK,1,09. September 2024 Traffic Instructions.xlsx,Y
WK-PANA-0224-01_30 Lunch Pail.mpg,Lunch Pail,30,PAN,TV,2024,,,https://drive.google.com/file/d/1pdNiRofO87_tE5InF2AQLzDmLXhRWhyG/view?usp=drive_link,WK,1,07. July 2024 Traffic Instructions.xlsx,Y
WK-PANA-0224-02_15 Lunch Pail,Lunch Pail,BE,PAN,TV,2024,,,https://drive.google.com/file/d/19_VXritgJI7cK3H1ikp29ue1CXwGLOxb/view?usp=drive_link,WK,2,09. September 2024 Traffic Instructions.xlsx,Y
WK-PANA-0224-02_15 Lunch Pail.mpg,Lunch Pail,BE,PAN,TV,2024,,,https://drive.google.com/file/d/19_VXritgJI7cK3H1ikp29ue1CXwGLOxb/view?usp=drive_link,WK,1,07. July 2024 Traffic Instructions.xlsx,Y
WK-PANA-0224-05_30 Insurance Experts,Insurance Experts,30,PAN,TV,2024,,,https://drive.google.com/file/d/1aNE2T2OIn89Uqk4wPqc5mzo8YfrwsP5Z/view?usp=drive_link,WK,1,10. October 2024 Traffic Instructions.xlsx,Y
WK-PANA-0224-05_30 Insurance Experts.mpg,Insurance Experts,30,PAN,TV,2024,,,https://drive.google.com/file/d/1aNE2T2OIn89Uqk4wPqc5mzo8YfrwsP5Z/view?usp=drive_link,WK,6,05. May-June 2024 Traffic Instructions.xlsx,Y
WK-PANA-0224-06_15 Insurance Experts,Insurance Experts,BE,PAN,TV,2024,,,https://drive.google.com/file/d/1NUDdthjlS22fKScxM9dWD7ymyZS7YA6W/view?usp=drive_link,WK,3,08. August 2024 Traffic Instructions.xlsx,Y
WK-PANA-0224-06_15 Insurance Experts.mpg,Insurance Experts,BE,PAN,TV,2024,,,https://drive.google.com/file/d/1NUDdthjlS22fKScxM9dWD7ymyZS7YA6W/view?usp=drive_link,WK,2,05. May-June 2024 Traffic Instructions.xlsx,Y
WK-PANA-0224-08_15 Communication.mpg,Communication,BE,PAN,TV,2024,,,https://drive.google.com/file/d/1wUMMM_1ZjDxrRXrNMFm8OxzGcoLh8bwp/view?usp=drive_link,WK,2,07. July 2024 Traffic Instructions.xlsx,Y
WK-PANA-0224-09_30 Auto Accidents,Auto Accidents,30,PAN,TV,2024,Car Wreck,,https://drive.google.com/file/d/1WBJfTSO5YQJm7BWnWwiy6cOo9CswmVUj/view?usp=drive_link,WK,4,08. August 2024 Traffic Instructions.xlsx,Y
WK-PANA-0224-09_30 Auto Accidents.mpg,Auto Accidents,30,PAN,TV,2024,Car Wreck,,https://drive.google.com/file/d/1WBJfTSO5YQJm7BWnWwiy6cOo9CswmVUj/view?usp=drive_link,WK,4,05. May-June 2024 Traffic Instructions.xlsx,Y
WK-PANA-0224-10_15 Auto Accidents,Auto Accidents,BE,PAN,TV,2024,Car Wreck,,https://drive.google.com/file/d/1d91oKJJ1mUAuCzjauRP1RyfsK34pVLi7/view?usp=drive_link,WK,2,08. August 2024 Traffic Instructions.xlsx,Y
WK-PANA-0224-10_15 Auto Accidents.mpg,Auto Accidents,BE,PAN,TV,2024,Car Wreck,,https://drive.google.com/file/d/1d91oKJJ1mUAuCzjauRP1RyfsK34pVLi7/view?usp=drive_link,WK,2,05. May-June 2024 Traffic Instructions.xlsx,Y
WK-PANA-0224-11_30 Commercial Vehicles.mpg,Commercial Vehicles,30,PAN,TV,2024,,,https://drive.google.com/file/d/1d119W4EfjVwZDqlqJmJxMU6CGKl74fzh/view?usp=drive_link,WK,2,07. July 2024 Traffic Instructions.xlsx,Y
WK-PANA-0224-12_15 Commercial Vehicles.mpg,Commercial Vehicles,BE,PAN,TV,2024,,,https://drive.google.com/file/d/1BnZ4vIeaGFKqnSxGSSu82s_J20LgYakR/view?usp=drive_link,WK,2,07. July 2024 Traffic Instructions.xlsx,Y
WK-PANA-0224-13_30 Premises Liability,Premises Liability,30,PAN,TV,2024,Premise Injury,,https://drive.google.com/file/d/1xxrjoVmLOhPX3rImuRZpCtFoom3933Tc/view?usp=drive_link,WK,1,08. August 2024 Traffic Instructions.xlsx,Y
WK-PANA-0224-13_30 Premises Liability.mpg,Premises Liability,30,PAN,TV,2024,Premise Injury,,https://drive.google.com/file/d/1jkrDeA1k1K1sr9UvHfWLZucOUAnVO9IA/view?usp=drive_link,WK,4,05. May-June 2024 Traffic Instructions.xlsx,Y
WK-PANA-0224-14_15 Premises Liability,Premises Liability,BE,PAN,TV,2024,Premise Injury,,https://drive.google.com/file/d/1BBOuzJ3OYo-y5ptKaZEiHZk-4QcChKi_/view?usp=drive_link,WK,2,08. August 2024 Traffic Instructions.xlsx,Y
WK-PANA-0224-14_15 Premises Liability.mpg,Premises Liability,BE,PAN,TV,2024,Premise Injury,,https://drive.google.com/file/d/1BBOuzJ3OYo-y5ptKaZEiHZk-4QcChKi_/view?usp=drive_link,WK,2,05. May-June 2024 Traffic Instructions.xlsx,Y
WK-PANA-0224-15_15 On The Job Injury,On The Job Injury,BE,PAN,TV,2024,Job Injury,,https://drive.google.com/file/d/1cugxO1vIiDMU0IpOI-jRWcfIeGg4wCKS/view?usp=drive_link,WK,2,09. September 2024 Traffic Instructions.xlsx,Y
WK-PANA-0224-15_15 On The Job Injury.mpg,On The Job Injury,BE,PAN,TV,2024,Job Injury,,https://drive.google.com/file/d/1cugxO1vIiDMU0IpOI-jRWcfIeGg4wCKS/view?usp=drive_link,WK,1,07. July 2024 Traffic Instructions.xlsx,Y
WK-PANA-0224-16_30 On The Job Injury,On The Job Injury,30,PAN,TV,2024,Job Injury,,https://drive.google.com/file/d/1VGowGNxq8IBSQl9nHSwqhVgeJIozXZyt/view?usp=drive_link,WK,2,09. September 2024 Traffic Instructions.xlsx,Y
WK-PANA-0224-16_30 On The Job Injury.mpg,On The Job Injury,30,PAN,TV,2024,Job Injury,,https://drive.google.com/file/d/1VGowGNxq8IBSQl9nHSwqhVgeJIozXZyt/view?usp=drive_link,WK,1,07. July 2024 Traffic Instructions.xlsx,Y
WK-PANA-0224-17_30 More To Us,More To Us,30,PAN,TV,2024,,,https://drive.google.com/file/d/11Bpu32z9NqkDmTImF2tmU2u-VL-Xx5XJ/view?usp=drive_link,WK,1,08. August 2024 Traffic Instructions.xlsx,Y
WK-PANA-0224-18_15 More To Us,More To Us,BE,PAN,TV,2024,,,https://drive.google.com/file/d/1_nEx0WrHUnHo3BuNqDgDHZFGzr52LUwQ/view?usp=drive_link,WK,1,09. September 2024 Traffic Instructions.xlsx,Y
WK-PANA-0224-18_15 More To Us.mpg,More To Us,BE,PAN,TV,2024,,,https://drive.google.com/file/d/1_nEx0WrHUnHo3BuNqDgDHZFGzr52LUwQ/view?usp=drive_link,WK,2,07. July 2024 Traffic Instructions.xlsx,Y
WK-PANA-0224-86-04_Premises Liability.mpg,04 Premises Liability,4,PAN,TV,2024,Premise Injury,,https://drive.google.com/file/d/1R-HIDb1tKchfwmTnH5697DlM0s_TcB2j/view?usp=drive_link,WK,4,07. July 2024 Traffic Instructions.xlsx,Y
WK-PANA-0224-91-05_Commercial Vehicles.mpg,05 Commercial Vehicles,5,PAN,TV,2024,,,https://drive.google.com/file/d/1olw8Ge7euSppLMGD3DjHnvsZlIVm7V65/view?usp=drive_link,WK,4,07. July 2024 Traffic Instructions.xlsx,Y
WK-PANA-0224-92-10_Commercial Vehicles.mpg,10 Commercial Vehicles,10,PAN,TV,2024,,,https://drive.google.com/file/d/1flkjhseJSWk-EZ8Hvp-orPatMQEomxHa/view?usp=drive_link,WK,4,07. July 2024 Traffic Instructions.xlsx,Y
WK-PANA-0324-01_30 Car Wreck,Car Wreck,30,PAN,TV,2024,Car Wreck,,https://drive.google.com/file/d/1v-eIhC5-A2FwB4sgGohiRFgjJIIzrwHR/view?usp=drive_link,WK,2,09. September 2024 Traffic Instructions.xlsx,Y
WK-PANA-0324-01_30 Car Wreck.mpg,Car Wreck,30,PAN,TV,2024,Car Wreck,,https://drive.google.com/file/d/1v-eIhC5-A2FwB4sgGohiRFgjJIIzrwHR/view?usp=drive_link,WK,8,05. May-June 2024 Traffic Instructions.xlsx,Y
WK-PANA-0324-02_15 Car Wreck,Car Wreck,BE,PAN,TV,2024,Car Wreck,,https://drive.google.com/file/d/13rpjg-0BaL-kOQaq43VnRdZs8miRpnen/view?usp=drive_link,WK,1,09. September 2024 Traffic Instructions.xlsx,Y
WK-PANA-0324-02_15 Car Wreck.mpg,Car Wreck,BE,PAN,TV,2024,Car Wreck,,https://drive.google.com/file/d/13rpjg-0BaL-kOQaq43VnRdZs8miRpnen/view?usp=drive_link,WK,3,05. May-June 2024 Traffic Instructions.xlsx,Y
WK-PANA-0324-05_30 Commercial Accidents,Commercial Accidents,30,PAN,TV,2024,Trucking,,https://drive.google.com/file/d/1uJavrMwYLJb9Da7-EKwLEVLT_8hd-Mp5/view?usp=drive_link,WK,2,09. September 2024 Traffic Instructions.xlsx,Y
WK-PANA-0324-05_30 Commercial Accidents.mpg,Commercial Accidents,30,PAN,TV,2024,Trucking,,https://drive.google.com/file/d/1uJavrMwYLJb9Da7-EKwLEVLT_8hd-Mp5/view?usp=drive_link,WK,4,05. May-June 2024 Traffic Instructions.xlsx,Y
WK-PANA-0324-06_15 Commercial Accidents,Commercial Accidents,BE,PAN,TV,2024,Trucking,,https://drive.google.com/file/d/10MuqngsUt3Gj4G03ep129kwPX7l6FE8v/view?usp=drive_link,WK,2,09. September 2024 Traffic Instructions.xlsx,Y
WK-PANA-0324-06_15 Commercial Accidents.mpg,Commercial Accidents,BE,PAN,TV,2024,Trucking,,https://drive.google.com/file/d/10MuqngsUt3Gj4G03ep129kwPX7l6FE8v/view?usp=drive_link,WK,2,05. May-June 2024 Traffic Instructions.xlsx,Y
WK-PANA-0324-07_30 Weekends.mpg,Weekends,30,PAN,TV,2024,,,https://drive.google.com/file/d/1_WsVLsUGk9r5GtacilvlVo4nn3J6O4qq/view?usp=drive_link,WK,6,05. May-June 2024 Traffic Instructions.xlsx,Y
