brand,market,media,month,year,est,flight,version,buyer,iscis,stations,comments,source_file,asset_count,is_revised,is_seasonal,inactive_market,conflict
WK,BRM,TV,August,2022,,08/03/22 - 10/02/22 | 1/30/2023 - 3/31/2023,,,WK-BHAM-0120-07-REV-Motorcycle_10.mpg; WK-BHAM-0120-11_REV-Distracted_10.mpg; WK-BHAM-0120-12-REV_Distracted_05.mpg; WK-BHAM-0120-12_Distracted_05; WK-BHAM-0121-01_18Wheeler_10.mpg; WK-BHAM-0121-07_Workers_10.mpg; WK-BHAM-0121-08_Workers_05.mpg; WK-BHAM-0121-11_NameKnow_05; WK-BHAM-0421-01_04sec; WK-BHAM-0421-01_04sec.mpg; WK-BHAM-0620-25_Workers_30.mpg; WK-BHAM-0620-26_Workers_15A.mpg; WK-BHAM-0620-28_WorkingMan_30.mpg; WK-BHAM-0620-29_WorkingMan_15A.mpg; WK-BHAM-0622-01_Commercial-Accident-30.mpg; WK-BHAM-0622-02_Commercial-Accident-15A.mpg; WK-BHAM-0622-04_Distracted-Cell-Phones-30.mpg; WK-BHAM-0622-06_Distracted-Cell-Phones-15B.mpg; WK-BHAM-0622-10_Mothers-Wreck_30.mpg; WK-BHAM-0622-11_Mothers-Wreck-15.mpg; WK-BHAM-0622-12_Parents 30.mpg; WK-BHAM-0622-13_Parents 15.mpg; WK-BHAM-0622-17_Different_15B.mpg; WK-BHAM-0622-18_PremiseInjury_30.mpg; WK-BHAM-0622-21R_Things to Do Accident 30 (2).mpg; WK-BHAM-0622-21_ThingstoDoAccident_30.mpg; WK-BHAM-0622-22R_Things to Do Accident 15A.mpg; WK-BHAM-0622-22_ThingtoDoAccident_15a.mpg; WK-BHAM-0622–15_Different_30.mpg; WK-BHAM-0622–19_PremiseInjury_15a.mpg; WK-BHAM-0722-01_MoreThanSize_30.mpg; WK-BHAM-0722-02_MoreThanSize_15.mpg; WK-BHAM-0722-05_Options_30.mpg; WK-BHAM-0722-06_Options_15.mpg,,Source: August-October 2022 Traffic Instructions.xlsx,August-October 2022 Traffic Instructions.xlsx,34,,,,
WK,HSV,TV,August,2022,,08/03/22 - 10/02/22 | 1/30/2023 - 3/31/2023,,,WK-HUNT-0120-07-REV-Motorcycle_10.mpg; WK-HUNT-0120-11_REV-Distracted_10.mpg; WK-HUNT-0120-12-REV_Distracted_05.mpg; WK-HUNT-0120-12_Distracted_05; WK-HUNT-0121-01_18Wheeler_10.mpg; WK-HUNT-0121-07_Workers_10.mpg; WK-HUNT-0121-08_Workers_05.mpg; WK-HUNT-0121-11_NameKnow_05; WK-HUNT-0123-01_Commercial-Accident-30.mpg; WK-HUNT-0123-02_Commercial-Accident-15A.mpg; WK-HUNT-0421-01_04sec; WK-HUNT-0421-01_04sec.mpg; WK-HUNT-0620-25_Workers_30.mpg; WK-HUNT-0620-26_Workers_15A.mpg; WK-HUNT-0620-28_WorkingMan_30.mpg; WK-HUNT-0620-29_WorkingMan_15A.mpg; WK-HUNT-0622-04_Distracted-Cell-Phones-30.mpg; WK-HUNT-0622-06_Distracted-Cell-Phones-15B.mpg; WK-HUNT-0622-10_Mothers-Wreck_30.mpg; WK-HUNT-0622-11_Mothers-Wreck-15.mpg; WK-HUNT-0622-12_Parents 30.mpg; WK-HUNT-0622-13_Parents 15.mpg; WK-HUNT-0622-15_Different 30.mpg; WK-HUNT-0622-16_Different 15A.mpg; WK-HUNT-0622-17_Different_15B.mpg; WK-HUNT-0622-18_PremiseInjury_30.mpg; WK-HUNT-0622-21R_Things to Do Accident 30.mpg; WK-HUNT-0622-21R_ThingstoDoAccident_30.mpg; WK-HUNT-0622-22R_Things to Do Accident 15A.mpg; WK-HUNT-0622-22R_ThingtoDoAccident_15a.mpg; WK-HUNT-0622–15_Different_30.mpg; WK-HUNT-0622–19_PremiseInjury_15a.mpg; WK-HUNT-0722-01_More Than Size 30.mpg; WK-HUNT-0722-02_More Than Size 15.mpg; WK-HUNT-0722-02_MoreThanSize_15.mpg; WK-HUNT-0722-05_Options 30.mpg; WK-HUNT-0722-05_Options_30.mpg; WK-HUNT-0722-06_Options 15.mpg; WK-HUNT-0722-06_Options_15.mpg; Wk-HUNT-0722-01_MoreThanSize_30.mpg,,Source: August-October 2022 Traffic Instructions.xlsx,August-October 2022 Traffic Instructions.xlsx,40,,,,
WK,MTG,TV,August,2022,,08/03/22 - 10/02/22 | 1/30/2023 - 3/31/2023,,,WK-MONT -0421-01_04sec; WK-MONT-0120-07-REV-Motorcycle_10.mpg; WK-MONT-0120-11_REV-Distracted_10.mpg; WK-MONT-0120-12-REV_Distracted_05.mpg; WK-MONT-0120-12_Distracted_05; WK-MONT-0121-01_18Wheeler_10.mpg; WK-MONT-0121-07_Workers_10.mpg; WK-MONT-0121-08_Workers_05.mpg; WK-MONT-0121-11_NameKnow_05; WK-MONT-0421-01_04sec.mpg; WK-MONT-0620-25_Workers_30.mpg; WK-MONT-0620-26_Workers_15A.mpg; WK-MONT-0620-28_WorkingMan_30.mpg; WK-MONT-0620-29_WorkingMan_15A.mpg; WK-MONT-0622-01_Commercial-Accident-30.mpg; WK-MONT-0622-02_Commercial-Accident-15A.mpg; WK-MONT-0622-04_Distracted-Cell-Phones-30.mpg; WK-MONT-0622-06_Distracted-Cell-Phones-15B.mpg; WK-MONT-0622-10_Mothers-Wreck_30.mpg; WK-MONT-0622-11_Mothers-Wreck-15.mpg; WK-MONT-0622-12_Parents 30.mpg; WK-MONT-0622-13_Parents 15.mpg; WK-MONT-0622-15_Different 30.mpg; WK-MONT-0622-16_Different 15A.mpg; WK-MONT-0622-17_Different_15B.mpg; WK-MONT-0622-18_PremiseInjury_30.mpg; WK-MONT-0622-21R_Things to Do Accident 30.mpg; WK-MONT-0622-21R_ThingstoDoAccident_30.mpg; WK-MONT-0622-22R_Things to Do Accident 15A.mpg; WK-MONT-0622-22R_ThingtoDoAccident_15a.mpg; WK-MONT-0622–15_Different_30.mpg; WK-MONT-0622–19_PremiseInjury_15a.mpg; WK-MONT-0722-01_More Than Size 30.mpg; WK-MONT-0722-01_MoreThanSize_30.mpg; WK-MONT-0722-02_More Than Size 15.mpg; WK-MONT-0722-02_MoreThanSize_15.mpg; WK-MONT-0722-05_Options 30.mpg; WK-MONT-0722-06_Options 15.mpg; WK-MONT-0722-06_Options_15.mpg; WK_MONT-0722-05_Options_30.mpg,,Source: August-October 2022 Traffic Instructions.xlsx,August-October 2022 Traffic Instructions.xlsx,40,,,,
WK,CHA,TV,August,2022,,08/03/22 - 10/02/22 | 1/30/2023 - 3/31/2023,,,WK-CHAT -0421-01_04sec; WK-CHAT-0120-07-REV-Motorcycle_10.mpg; WK-CHAT-0120-11_REV-Distracted_10.mpg; WK-CHAT-0120-12-REV_Distracted_05.mpg; WK-CHAT-0120-12_Distracted_05; WK-CHAT-0121-01_18Wheeler_10.mpg; WK-CHAT-0121-07_Workers_10.mpg; WK-CHAT-0121-08_Workers_05.mpg; WK-CHAT-0121-11_NameKnow_05; WK-CHAT-0421-01_04sec.mpg; WK-CHAT-0620-25_Workers_30.mpg; WK-CHAT-0620-26_Workers_15A.mpg; WK-CHAT-0620-28_WorkingMan_30.mpg; WK-CHAT-0620-29_WorkingMan_15A.mpg; WK-CHAT-0622-01_Commercial-Accident-30.mpg; WK-CHAT-0622-02_Commercial-Accident-15A.mpg; WK-CHAT-0622-04_Distracted-Cell-Phones-30.mpg; WK-CHAT-0622-06_Distracted-Cell-Phones-15B.mpg; WK-CHAT-0622-07_Headlines-18-Wheeler_30.mpg; WK-CHAT-0622-09-Headlines-18-Wheeler _15B.mpg; WK-CHAT-0622-10_Mothers-Wreck_30.mpg; WK-CHAT-0622-11_Mothers-Wreck-15.mpg; WK-CHAT-0622-12_Parents 30.mpg; WK-CHAT-0622-13_Parents 15.mpg; WK-CHAT-0622-15_Different 30.mpg; WK-CHAT-0622-16_Different 15A.mpg; WK-CHAT-0622-18_PremiseInjury_30.mpg; WK-CHAT-0622-21R_Things to Do Accident 30.mpg; WK-CHAT-0622-21R_ThingstoDoAccident_30.mpg; WK-CHAT-0622-22R_Things to Do Accident 15A.mpg; WK-CHAT-0622-22R_ThingtoDoAccident_15a.mpg; WK-CHAT-0622–15_Different_30.mpg; WK-CHAT-0622–19_PremiseInjury_15a.mpg; WK-CHAT-0722-01_More Than Size 30.mpg; WK-CHAT-0722-01_MoreThanSize_30.mpg; WK-CHAT-0722-02_More Than Size 15.mpg; WK-CHAT-0722-02_MoreThanSize_15.mpg; WK-CHAT-0722-05_Options 30.mpg; WK-CHAT-0722-05_Options_30.mpg; WK-CHAT-0722-06_Options 15.mpg; WK-CHAT-0722-06_Options_15.mpg,,Source: August-October 2022 Traffic Instructions.xlsx,August-October 2022 Traffic Instructions.xlsx,41,,,,
WK,KNX,TV,August,2022,,08/03/22 - 10/02/22 | 1/30/2023 - 3/31/2023,,,WK-KNOX -0421-01_04sec; WK-KNOX-0120-07 -Motorcycle_10.mpg; WK-KNOX-0121-01_18Wheeler_10.mpg; WK-KNOX-0121-07_Workers_10.mpg; WK-KNOX-0121-08_Workers_05.mpg; WK-KNOX-0121-11_NameKnow_05; WK-KNOX-0421-01_04sec.mpg; WK-KNOX-0620-12_ Distracted_10.mpg; WK-KNOX-0620-13_Distracted_05; WK-KNOX-0620-13_Distracted_05.mpg; WK-KNOX-0620-31_Workers_30.mpg; WK-KNOX-0620-32_Workers_15A.mpg; WK-KNOX-0620-34_WorkingMan_30.mpg; WK-KNOX-0620-35_WorkingMan_15A.mpg; WK-KNOX-0622-01_Commercial-Accident-30.mpg; WK-KNOX-0622-02_Commercial-Accident-15A.mpg; WK-KNOX-0622-04_Distracted-Cell-Phones-30.mpg; WK-KNOX-0622-06_Distracted-Cell-Phones-15B.mpg; WK-KNOX-0622-07_Headlines-18-Wheeler_30.mpg; WK-KNOX-0622-09-Headlines-18-Wheeler _15B.mpg; WK-KNOX-0622-10_Mothers-Wreck_30.mpg; WK-KNOX-0622-11_Mothers-Wreck-15.mpg; WK-KNOX-0622-12_Parents 30.mpg; WK-KNOX-0622-13_Parents 15.mpg; WK-KNOX-0622-15_Different 30.mpg; WK-KNOX-0622-16_Different 15A.mpg; WK-KNOX-0622-18_PremiseInjury_30.mpg; WK-KNOX-0622-21R_Things to Do Accident 30.mpg; WK-KNOX-0622-21R_ThingstoDoAccident_30.mpg; WK-KNOX-0622-22R_Things to Do Accident 15A.mpg; WK-KNOX-0622-22R_ThingtoDoAccident_15A.mpg; WK-KNOX-0622–15_Different_30.mpg; WK-KNOX-0622–19_PremiseInjury_15a.mpg; WK-KNOX-0722-01_More Than Size 30.mpg; WK-KNOX-0722-01_MoreThanSize_30mpg; WK-KNOX-0722-02_More Than Size 15.mpg; WK-KNOX-0722-02_MoreThanSize_15.mpg; WK-KNOX-0722-05_Options 30.mpg; WK-KNOX-0722-05_Options_30.mpg; WK-KNOX-0722-06_Options 15.mpg; WK-KNOX-0722-06_Options_15.mpg,,Source: August-October 2022 Traffic Instructions.xlsx,August-October 2022 Traffic Instructions.xlsx,41,,,,
WK,PAN,TV,August,2022,,08/03/22 - 10/02/22 | 1/30/2023 - 3/31/2023,,,WK-PANA-0522-01_WorkingMan_30.mpg; WK-PANA-0522-02_WorkingMan_15A.mpg; WK-PANA-0522-19_CarCrashImage_30; WK-PANA-0522-19_CarCrashImage_30.mpg; WK-PANA-0522-20_CarCrashImage_15A; WK-PANA-0522-20_CarCrashImage_15A.mpg; WK-PANA-0522-22_Team_30; WK-PANA-0522-23_Team_15a; WK-PANA-0622-04_DistractedCellPhones_30; WK-PANA-0622-05_DistractedCellPhones_15a; WK-PANA-0622-06_DistractedCellPhones_15b; WK-PANA-0622-07_Headlines 18 Wheelers.mpg; WK-PANA-0622-07_Headlines-18-Wheelers-30.mpg; WK-PANA-0622-08_Headlines-18-Wheelers-15A.mpg; WK-PANA-0622-09_Headlines-18-Wheelers-15B.mpg; WK-PANA-0622-10_Mothers Wreck.mpg; WK-PANA-0622-11_Mothers-Wreck-15.mpg; WK-PANA-0622-12_Parents 30.mpg; WK-PANA-0622-13_Home PC 30; WK-PANA-0622-13_Parents 15.mpg; WK-PANA-0622-14_HomePC15a; WK-PANA-0622-15_HomePC15b; WK-PANA-0622-18_Premise Injury 30.mpg; WK-PANA-0622-22R_Things to Do Accident 15A.mpg,,Panama City (inactive market). Source: August-October 2022 Traffic Instructions.xlsx,August-October 2022 Traffic Instructions.xlsx,24,,,Y,
WK,BRM,TV,April,2023,,4/1/2023-5/31/2023,,,WK-BHAM-0120-12-REV_Distracted_05.mpg; WK-BHAM-0121-01_18Wheeler_10.mpg; WK-BHAM-0121-07_Workers_10.mpg; WK-BHAM-0121-08_Workers_05.mpg; WK-BHAM-0421-01_04sec.mpg; WK-BHAM-0620-01_18Wheeler_30.mpg; WK-BHAM-0620-03_18Wheeler_15b.mpg; WK-BHAM-0620-25_Workers_30.mpg; WK-BHAM-0620-26_Workers_15A.mpg; WK-BHAM-0622-04_Distracted-Cell-Phones-30.mpg; WK-BHAM-0622-06_Distracted-Cell-Phones-15B.mpg; WK-BHAM-0622-10_Mothers-Wreck-30.mpg; WK-BHAM-0622-11_Mothers-Wreck-15.mpg; WK-BHAM-0622-12_Parents 30.mpg; WK-BHAM-0622-13_Parents 15.mpg; WK-BHAM-0622-21R_Things to Do Accident 30 (2).mpg; WK-BHAM-0622-22R_Things to Do Accident 15A.mpg; WK-BHAM-0722-01_MoreThanSize_30.mpg; WK-BHAM-0722-02_MoreThanSize_15.mpg; WK-BHAM-0722-05_Options_30.mpg; WK-BHAM-0722-06_Options_15.mpg,,Source: April-May 2023 Traffic Instructions.xlsx,April-May 2023 Traffic Instructions.xlsx,21,,,,
WK,HSV,TV,April,2023,,4/1/2023-5/31/2023,,,WK-HUNT-0120-12-REV_Distracted_05.mpg; WK-HUNT-0121-01_18Wheeler_10.mpg; WK-HUNT-0121-07_Workers_10.mpg; WK-HUNT-0121-08_Workers_05.mpg; WK-HUNT-0421-01_04sec.mpg; WK-HUNT-0620-01_18Wheeler_30.mpg; WK-HUNT-0620-02_18Wheeler_15a.mpg; WK-HUNT-0620-25_Workers_30.mpg; WK-HUNT-0620-26_Workers_15A.mpg; WK-HUNT-0622-04_Distracted-Cell-Phones-30.mpg; WK-HUNT-0622-06_Distracted-Cell-Phones-15B.mpg; WK-HUNT-0622-10_Mothers-Wreck-30.mpg; WK-HUNT-0622-11_Mothers-Wreck-15.mpg; WK-HUNT-0622-12_Parents 30.mpg; WK-HUNT-0622-13_Parents 15.mpg; WK-HUNT-0622-21R_Things to Do Accident 30.mpg; WK-HUNT-0622-22R_Things to Do Accident 15A.mpg; WK-HUNT-0722-01_More Than Size 30.mpg; WK-HUNT-0722-02_More Than Size 15.mpg; WK-HUNT-0722-05_Options 30.mpg; WK-HUNT-0722-06_Options 15.mpg,,Source: April-May 2023 Traffic Instructions.xlsx,April-May 2023 Traffic Instructions.xlsx,21,,,,
WK,MTG,TV,April,2023,,4/1/2023-5/31/2023,,,WK-MONT-0120-12-REV_Distracted_05.mpg; WK-MONT-0121-01_18Wheeler_10.mpg; WK-MONT-0121-07_Workers_10.mpg; WK-MONT-0121-08_Workers_05.mpg; WK-MONT-0421-01_04sec.mpg; WK-MONT-0620-01_18Wheeler_30.mpg; WK-MONT-0620-02_18Wheeler_15a.mpg; WK-MONT-0620-25_Workers_30.mpg; WK-MONT-0620-26_Workers_15A.mpg; WK-MONT-0622-04_Distracted-Cell-Phones-30.mpg; WK-MONT-0622-06_Distracted-Cell-Phones-15B.mpg; WK-MONT-0622-10_Mothers-Wreck-30.mpg; WK-MONT-0622-11_Mothers-Wreck-15.mpg; WK-MONT-0622-12_Parents 30.mpg; WK-MONT-0622-13_Parents 15.mpg; WK-MONT-0622-21R_Things to Do Accident 30.mpg; WK-MONT-0622-22R_Things to Do Accident 15A.mpg; WK-MONT-0722-01_More Than Size 30.mpg; WK-MONT-0722-02_More Than Size 15.mpg; WK-MONT-0722-05_Options 30.mpg; WK-MONT-0722-06_Options 15.mpg,,Source: April-May 2023 Traffic Instructions.xlsx,April-May 2023 Traffic Instructions.xlsx,21,,,,
WK,CHA,TV,April,2023,,4/1/2023-5/31/2023,,,WK-CHAT-0120-12-REV_Distracted_05.mpg; WK-CHAT-0121-01_18Wheeler_10.mpg; WK-CHAT-0121-07_Workers_10.mpg; WK-CHAT-0121-08_Workers_05.mpg; WK-CHAT-0421-01_04sec.mpg; WK-CHAT-0620-01_18Wheeler_30.mpg; WK-CHAT-0620-03_18Wheeler_15b.mpg; WK-CHAT-0620-25_Workers_30.mpg; WK-CHAT-0620-26_Workers_15A.mpg; WK-CHAT-0622-04_Distracted-Cell-Phones-30.mpg; WK-CHAT-0622-06_Distracted-Cell-Phones-15B.mpg; WK-CHAT-0622-10_Mothers-Wreck-30.mpg; WK-CHAT-0622-11_Mothers-Wreck-15.mpg; WK-CHAT-0622-12_Parents 30.mpg; WK-CHAT-0622-13_Parents 15.mpg; WK-CHAT-0622-21R_Things to Do Accident 30.mpg; WK-CHAT-0622-22R_Things to Do Accident 15A.mpg; WK-CHAT-0722-01_More Than Size 30.mpg; WK-CHAT-0722-02_More Than Size 15.mpg; WK-CHAT-0722-05_Options 30.mpg; WK-CHAT-0722-06_Options 15.mpg,,Source: April-May 2023 Traffic Instructions.xlsx,April-May 2023 Traffic Instructions.xlsx,21,,,,
WK,KNX,TV,April,2023,,4/1/2023-5/31/2023,,,WK-KNOX-0121-01_18Wheeler_10.mpg; WK-KNOX-0121-07_Workers_10.mpg; WK-KNOX-0121-08_Workers_05.mpg; WK-KNOX-0421-01_04sec.mpg; WK-KNOX-0620-01_18Wheeler_30.mpg; WK-KNOX-0620-02_18Wheeler_15a.mpg; WK-KNOX-0620-13_Distracted_05.mpg; WK-KNOX-0620-31_Workers_30.mpg; WK-KNOX-0620-32_Workers_15A.mpg; WK-KNOX-0622-04_Distracted-Cell-Phones-30.mpg; WK-KNOX-0622-06_Distracted-Cell-Phones-15B.mpg; WK-KNOX-0622-10_Mothers-Wreck-30.mpg; WK-KNOX-0622-11_Mothers-Wreck-15.mpg; WK-KNOX-0622-12_Parents 30.mpg; WK-KNOX-0622-13_Parents 15.mpg; WK-KNOX-0622-21R_Things to Do Accident 30.mpg; WK-KNOX-0622-22R_Things to Do Accident 15A.mpg; WK-KNOX-0722-01_More Than Size 30.mpg; WK-KNOX-0722-02_More Than Size 15.mpg; WK-KNOX-0722-05_Options 30.mpg; WK-KNOX-0722-06_Options 15.mpg,,Source: April-May 2023 Traffic Instructions.xlsx,April-May 2023 Traffic Instructions.xlsx,21,,,,
WK,PAN,TV,April,2023,,4/1/2023-5/31/2023,,,WK-PANA-0323-CarCrashImage_05; WK-PANA-0522-01_WorkingMan_30.mpg; WK-PANA-0522-02_WorkingMan_15A.mpg; WK-PANA-0522-19_CarCrashImage_30.mpg; WK-PANA-0522-20_CarCrashImage_15A.mpg; WK-PANA-0622-04_Distracted-Cell-Phones-30.mpg; WK-PANA-0622-05_DistractedCellPhones_15a; WK-PANA-0622-10_Mothers Wreck.mpg; WK-PANA-0622-11_Mothers-Wreck-15.mpg; WK-PANA-0622-12_Parents 30.mpg; WK-PANA-0622-13_Home PC 30; WK-PANA-0622-13_Parents 15.mpg; WK-PANA-0622-14_HomePC15a; WK-PANA-0622-18_Premise Injury 30.mpg; WK-PANA-0622-19_Premise Injury 15a.mpg; WK-PANA-0622-22R_Things to Do Accident 15A.mpg,,Panama City (inactive market). Source: April-May 2023 Traffic Instructions.xlsx,April-May 2023 Traffic Instructions.xlsx,16,,,Y,
WK,BRM,TV,December,2023,,11/1/2023-1/3/2024 | 11/24/2023-12/19/2023 | 12/20/2023-12/23/2023 | 12/24/2023-12/25/2023 | 12/26/2023-1/3/2024,,,WK-1122-01 Christmas 30.mpg; WK-BHAM-0622-03_Commercial-Accident-15B.mpg; WK-BHAM-0622-04_Distracted-Cell-Phones-30; WK-BHAM-0622-05_Distracted-Cell-Phones-15A.mpg; WK-BHAM-0622-11_Mothers-Wreck-15.mpg; WK-BHAM-0622-18_Premise Injury 30; WK-BHAM-0622-19_Premise Injury 15a.mpg; WK-BHAM-0623-1_Commercial-Accident-30; WK-BHAM-0722-03_Jonathan 30; WK-BHAM-0722-04_Jonathan 15.mpg; WK-BHAM-0823-10_Mothers-Wreck-30; WK-BHAM-0823-16_Puzzle-30; WK-BHAM-0823-17_Puzzle-15; WK-BHAM-0823-26_Questions-30; WK-BHAM-0823-27_Questions-15; WK-BHAM-0823-5_Different-5; WK-BHAM-0923-01_General-05.mov; WK-BHAM-0923-02_Distracted-Cell-Phones-10; WK-BHAM-0923-03_Different-10; WK-BHAM-0923-04_General-4.mov; WK-BHAM-0923-6_Working Man 30.mov; WK-BHAM-0923-7_Working Man 15.mov,,Seasonal buy. Source: Christmas Spot December 2023 Traffic Instructions.xlsx,Christmas Spot December 2023 Traffic Instructions.xlsx,22,,Y,,
WK,HSV,TV,December,2023,,11/1/2023-1/3/2024 | 11/1/2023-12/19/2023 | 11/24/2023-12/19/2023 | 12/20/2023-12/23/2023 | 12/20/2023-12/25/2023 | 12/24/2023-12/25/2023 | 12/26/2023-1/3/2024,,,WK-1122-01 Christmas 30.mpg; WK-1122-02 Christmas 15.mpg; WK-HUNT-0622-03_Commercial-Accident-15B.mpg; WK-HUNT-0622-04_Distracted-Cell-Phones-30.mpg; WK-HUNT-0622-05_Distracted-Cell-Phones-15A.mpg; WK-HUNT-0622-11_Mothers-Wreck-15.mpg; WK-HUNT-0622-18_Premise Injury 30.mpg; WK-HUNT-0622-19_Premise Injury 15a; WK-HUNT-0623-1_Commerical-Accident-30; WK-HUNT-0722-03_Jonathan 30.mpg; WK-HUNT-0722-04_Jonathan 15.mpg; WK-HUNT-0823-10_Mothers-Wreck-30; WK-HUNT-0823-16_Puzzle-30; WK-HUNT-0823-17_Puzzle-15; WK-HUNT-0823-26_Questions-30; WK-HUNT-0823-27_Questions-15; WK-HUNT-0823-5_Different-5; WK-HUNT-0923-01_General-05.mov; WK-HUNT-0923-02_Distracted-Cell-Phones-10; WK-HUNT-0923-03_Different-10; WK-HUNT-0923-04_General-4.mov; WK-HUNT-0923-6_Working Man 30.mov; WK-HUNT-0923-7_Working Man 15.mov,,Seasonal buy. Source: Christmas Spot December 2023 Traffic Instructions.xlsx,Christmas Spot December 2023 Traffic Instructions.xlsx,23,,Y,,
WK,MTG,TV,December,2023,,11/1/2023-1/3/2024 | 11/24/2023-12/19/2023 | 12/20/2023-12/23/2023 | 12/24/2023-12/25/2023 | 12/26/2023-1/3/2024,,,WK-1122-01 Christmas 30.mpg; WK-MONT-0622-03_Commercial-Accident-15B.mpg; WK-MONT-0622-04_Distracted-Cell-Phones-30.mpg; WK-MONT-0622-05_Distracted-Cell-Phones-15A.mpg; WK-MONT-0622-11_Mothers-Wreck-15.mpg; WK-MONT-0622-18_Premise Injury 30.mpg; WK-MONT-0622-19_Premise Injury 15a.mpg; WK-MONT-0623-1_Commerical-Accident-30; WK-MONT-0722-03_Jonathan 30.mpg; WK-MONT-0722-04_Jonathan 15.mpg; WK-MONT-0823-10_Mothers-Wreck-30; WK-MONT-0823-16_Puzzle-30; WK-MONT-0823-17_Puzzle-15; WK-MONT-0823-26_Questions-30; WK-MONT-0823-27_Questions-15; WK-MONT-0823-5_Different-5; WK-MONT-0923-01_General-05.mov; WK-MONT-0923-02_Distracted-Cell-Phones-10; WK-MONT-0923-03_Different-10; WK-MONT-0923-04_General-4.mov; WK-MONT-0923-6_Working Man 30.mov; WK-MONT-0923-7_Working Man 15.mov,,Seasonal buy. Source: Christmas Spot December 2023 Traffic Instructions.xlsx,Christmas Spot December 2023 Traffic Instructions.xlsx,22,,Y,,
WK,DHN,TV,December,2023,,11/1/2023-1/3/2024 | 11/24/2023-12/19/2023 | 12/20/2023-12/23/2023 | 12/24/2023-12/25/2023 | 12/26/2023-1/3/2024,,,WK-1122-01 Christmas 30.mpg; WK-DOTH-0622-03_Commercial-Accident-15B; WK-DOTH-0622-04_Distracted-Cell-Phones-30; WK-DOTH-0622-05_Distracted-Cell-Phones-15B; WK-DOTH-0622-11_Mothers-Wreck-15; WK-DOTH-0622-18_Premise Injury 30; WK-DOTH-0622-19_Premise Injury 15a; WK-DOTH-0622-21R_Things to Do Accident 30; WK-DOTH-0622-22R_Things to Do Accident 15A; WK-DOTH-0623-1_30 Commercial Accident; WK-DOTH-0623-1_30 Different; WK-DOTH-0623-2_15A Different; WK-DOTH-0722-03_Jonathan 30; WK-DOTH-0722-04_Jonathan 15; WK-DOTH-0823-1_Mothers-Wreck-30; WK-DOTH-0823-5_Different-5; WK-DOTH-0923-01_General-05.mov; WK-DOTH-0923-02_Distracted-Cell-Phones-10; WK-DOTH-0923-03_Different-10; WK-DOTH-0923-04_General-4; WK-DOTH-0923-6_Working Man 30; WK-DOTH-0923-7_Working Man 15.mov,,Seasonal buy. Source: Christmas Spot December 2023 Traffic Instructions.xlsx,Christmas Spot December 2023 Traffic Instructions.xlsx,22,,Y,,
WK,CHA,TV,December,2023,,11/1/2023-1/3/2024 | 11/24/2023-12/19/2023 | 12/20/2023-12/23/2023 | 12/24/2023-12/25/2023 | 12/26/2023-1/3/2024,,,WK-1122-01 Christmas 30.mpg; WK-CHAT-0622-03_Commercial-Accident-15B.mpg; WK-CHAT-0622-04_Distracted-Cell-Phones-30.mpg; WK-CHAT-0622-05_Distracted-Cell-Phones-15A.mpg; WK-CHAT-0622-11_Mothers-Wreck-15.mpg; WK-CHAT-0622-18_Premise Injury 30.mpg; WK-CHAT-0622-19_Premise Injury 15a.mpg; WK-CHAT-0623-1_Commercial-Accident-30; WK-CHAT-0722-03_Jonathan 30.mpg; WK-CHAT-0722-04_Jonathan 15.mpg; WK-CHAT-0823-10_Mothers-Wreck-30; WK-CHAT-0823-16_Puzzle-30; WK-CHAT-0823-17_Puzzle-15; WK-CHAT-0823-26_Questions-30; WK-CHAT-0823-27_Questions-15; WK-CHAT-0823-5_Different-5; WK-CHAT-0923-01_General-05.mov; WK-CHAT-0923-02_Distracted-Cell-Phones-10; WK-CHAT-0923-03_Different-10.mov; WK-CHAT-0923-04_General-4.mov; WK-CHAT-0923-6_Working Man 30.mov; WK-CHAT-0923-7_Working Man 15.mov,,Seasonal buy. Source: Christmas Spot December 2023 Traffic Instructions.xlsx,Christmas Spot December 2023 Traffic Instructions.xlsx,22,,Y,,
WK,KNX,TV,December,2023,,11/1/2023-1/3/2024 | 11/24/2023-12/19/2023 | 12/20/2023-12/23/2023 | 12/24/2023-12/25/2023 | 12/26/2023-1/3/2024,,,WK-1122-01 Christmas 30.mpg; WK-KNOX-0622-03_Commercial-Accident-15B.mpg; WK-KNOX-0622-04_Distracted-Cell-Phones-30.mpg; WK-KNOX-0622-05_Distracted-Cell-Phones-15A.mpg; WK-KNOX-0622-11_Mothers-Wreck-15.mpg; WK-KNOX-0622-18_Premise Injury 30.mpg; WK-KNOX-0622-19_Premise Injury 15a.mpg; WK-KNOX-0623-1_Commercial-Accident-30; WK-KNOX-0722-03_Jonathan 30.mpg; WK-KNOX-0722-04_Jonathan 15.mpg; WK-KNOX-0823-10_Mothers-Wreck-30; WK-KNOX-0823-16_Puzzle-30; WK-KNOX-0823-17_Puzzle-15; WK-KNOX-0823-26_Questions-30; WK-KNOX-0823-27_Questions-15; WK-KNOX-0823-5_Different-5; WK-KNOX-0923-01_General-05; WK-KNOX-0923-02_Distracted-Cell-Phones-10; WK-KNOX-0923-03_Different-10; WK-KNOX-0923-04_General-4.mov; WK-KNOX-0923-6_Working Man 30.mov; WK-KNOX-0923-7_Working Man 15.mov,,Seasonal buy. Source: Christmas Spot December 2023 Traffic Instructions.xlsx,Christmas Spot December 2023 Traffic Instructions.xlsx,22,,Y,,
WK,PAN,TV,December,2023,,11/1/2023-1/3/2024 | 11/24/2023-12/19/2023 | 12/20/2023-12/23/2023 | 12/24/2023-12/25/2023 | 12/26/2023-1/3/2024,,,WK-1122-01 Christmas 30.mpg; WK-PANA-0323-CarCrashImage_05; WK-PANA-0522-01_WorkingMan_30.mpg; WK-PANA-0522-02_WorkingMan_15A.mpg; WK-PANA-0622-04_Distracted Cell Phones-30; WK-PANA-0622-05_Distracted-Cell-Phones-15A.mpg; WK-PANA-0622-07_Headlines 18 Wheelers.mpg; WK-PANA-0622-09_Headlines-18-Wheelers-15B.mpg; WK-PANA-0622-11_Mothers-Wreck-15.mpg; WK-PANA-0622-12_Parents 30; WK-PANA-0622-13_Home PC.mpg; WK-PANA-0622-13_Parents 15.mpg; WK-PANA-0622-14_Home-15A.mpg; WK-PANA-0622-18_Premise Injury 30.mpg; WK-PANA-0622-19_Premise Injury 15a.mpg; WK-PANA-0823-10_Mothers-Wreck-30; WK-PANA-0823-16_Puzzle-30; WK-PANA-0823-17_Puzzle-15; WK-PANA-0923-02_Distracted-Cell-Phones-10; WK-PANA-0923-04_General-4,,Seasonal buy. Panama City (inactive market). Source: Christmas Spot December 2023 Traffic Instructions.xlsx,Christmas Spot December 2023 Traffic Instructions.xlsx,20,,Y,Y,
WK,BRM,TV,February,2023,,08/03/22 - 10/02/22 | 1/30/2023 - 3/31/2023,,,WK-BHAM-0120-07-REV-Motorcycle_10.mpg; WK-BHAM-0120-11_REV-Distracted_10.mpg; WK-BHAM-0120-12-REV_Distracted_05.mpg; WK-BHAM-0120-12_Distracted_05; WK-BHAM-0121-01_18Wheeler_10.mpg; WK-BHAM-0121-07_Workers_10.mpg; WK-BHAM-0121-08_Workers_05.mpg; WK-BHAM-0121-11_NameKnow_05; WK-BHAM-0421-01_04sec; WK-BHAM-0421-01_04sec.mpg; WK-BHAM-0620-25_Workers_30.mpg; WK-BHAM-0620-26_Workers_15A.mpg; WK-BHAM-0620-28_WorkingMan_30.mpg; WK-BHAM-0620-29_WorkingMan_15A.mpg; WK-BHAM-0622-01_Commercial-Accident-30.mpg; WK-BHAM-0622-02_Commercial-Accident-15A.mpg; WK-BHAM-0622-04_Distracted-Cell-Phones-30.mpg; WK-BHAM-0622-06_Distracted-Cell-Phones-15B.mpg; WK-BHAM-0622-10_Mothers-Wreck_30.mpg; WK-BHAM-0622-11_Mothers-Wreck-15.mpg; WK-BHAM-0622-12_Parents 30.mpg; WK-BHAM-0622-13_Parents 15.mpg; WK-BHAM-0622-17_Different_15B.mpg; WK-BHAM-0622-18_PremiseInjury_30.mpg; WK-BHAM-0622-21R_Things to Do Accident 30 (2).mpg; WK-BHAM-0622-21_ThingstoDoAccident_30.mpg; WK-BHAM-0622-22R_Things to Do Accident 15A.mpg; WK-BHAM-0622-22_ThingtoDoAccident_15a.mpg; WK-BHAM-0622–15_Different_30.mpg; WK-BHAM-0622–19_PremiseInjury_15a.mpg; WK-BHAM-0722-01_MoreThanSize_30.mpg; WK-BHAM-0722-02_MoreThanSize_15.mpg; WK-BHAM-0722-05_Options_30.mpg; WK-BHAM-0722-06_Options_15.mpg,,Source: February-March 2023 Traffic Instructions.xlsx,February-March 2023 Traffic Instructions.xlsx,34,,,,
WK,HSV,TV,February,2023,,08/03/22 - 10/02/22 | 1/30/2023 - 3/31/2023,,,WK-HUNT-0120-07-REV-Motorcycle_10.mpg; WK-HUNT-0120-11_REV-Distracted_10.mpg; WK-HUNT-0120-12-REV_Distracted_05.mpg; WK-HUNT-0120-12_Distracted_05; WK-HUNT-0121-01_18Wheeler_10.mpg; WK-HUNT-0121-07_Workers_10.mpg; WK-HUNT-0121-08_Workers_05.mpg; WK-HUNT-0121-11_NameKnow_05; WK-HUNT-0123-01_Commercial-Accident-30.mpg; WK-HUNT-0123-02_Commercial-Accident-15A.mpg; WK-HUNT-0421-01_04sec; WK-HUNT-0421-01_04sec.mpg; WK-HUNT-0620-25_Workers_30.mpg; WK-HUNT-0620-26_Workers_15A.mpg; WK-HUNT-0620-28_WorkingMan_30.mpg; WK-HUNT-0620-29_WorkingMan_15A.mpg; WK-HUNT-0622-04_Distracted-Cell-Phones-30.mpg; WK-HUNT-0622-06_Distracted-Cell-Phones-15B.mpg; WK-HUNT-0622-10_Mothers-Wreck_30.mpg; WK-HUNT-0622-11_Mothers-Wreck-15.mpg; WK-HUNT-0622-12_Parents 30.mpg; WK-HUNT-0622-13_Parents 15.mpg; WK-HUNT-0622-15_Different 30.mpg; WK-HUNT-0622-16_Different 15A.mpg; WK-HUNT-0622-17_Different_15B.mpg; WK-HUNT-0622-18_PremiseInjury_30.mpg; WK-HUNT-0622-21R_Things to Do Accident 30.mpg; WK-HUNT-0622-21R_ThingstoDoAccident_30.mpg; WK-HUNT-0622-22R_Things to Do Accident 15A.mpg; WK-HUNT-0622-22R_ThingtoDoAccident_15a.mpg; WK-HUNT-0622–15_Different_30.mpg; WK-HUNT-0622–19_PremiseInjury_15a.mpg; WK-HUNT-0722-01_More Than Size 30.mpg; WK-HUNT-0722-02_More Than Size 15.mpg; WK-HUNT-0722-02_MoreThanSize_15.mpg; WK-HUNT-0722-05_Options 30.mpg; WK-HUNT-0722-05_Options_30.mpg; WK-HUNT-0722-06_Options 15.mpg; WK-HUNT-0722-06_Options_15.mpg; Wk-HUNT-0722-01_MoreThanSize_30.mpg,,Source: February-March 2023 Traffic Instructions.xlsx,February-March 2023 Traffic Instructions.xlsx,40,,,,
WK,MTG,TV,February,2023,,08/03/22 - 10/02/22 | 1/30/2023 - 3/31/2023,,,WK-MONT -0421-01_04sec; WK-MONT-0120-07-REV-Motorcycle_10.mpg; WK-MONT-0120-11_REV-Distracted_10.mpg; WK-MONT-0120-12-REV_Distracted_05.mpg; WK-MONT-0120-12_Distracted_05; WK-MONT-0121-01_18Wheeler_10.mpg; WK-MONT-0121-07_Workers_10.mpg; WK-MONT-0121-08_Workers_05.mpg; WK-MONT-0121-11_NameKnow_05; WK-MONT-0421-01_04sec.mpg; WK-MONT-0620-25_Workers_30.mpg; WK-MONT-0620-26_Workers_15A.mpg; WK-MONT-0620-28_WorkingMan_30.mpg; WK-MONT-0620-29_WorkingMan_15A.mpg; WK-MONT-0622-01_Commercial-Accident-30.mpg; WK-MONT-0622-02_Commercial-Accident-15A.mpg; WK-MONT-0622-04_Distracted-Cell-Phones-30.mpg; WK-MONT-0622-06_Distracted-Cell-Phones-15B.mpg; WK-MONT-0622-10_Mothers-Wreck_30.mpg; WK-MONT-0622-11_Mothers-Wreck-15.mpg; WK-MONT-0622-12_Parents 30.mpg; WK-MONT-0622-13_Parents 15.mpg; WK-MONT-0622-15_Different 30.mpg; WK-MONT-0622-16_Different 15A.mpg; WK-MONT-0622-17_Different_15B.mpg; WK-MONT-0622-18_PremiseInjury_30.mpg; WK-MONT-0622-21R_Things to Do Accident 30.mpg; WK-MONT-0622-21R_ThingstoDoAccident_30.mpg; WK-MONT-0622-22R_Things to Do Accident 15A.mpg; WK-MONT-0622-22R_ThingtoDoAccident_15a.mpg; WK-MONT-0622–15_Different_30.mpg; WK-MONT-0622–19_PremiseInjury_15a.mpg; WK-MONT-0722-01_More Than Size 30.mpg; WK-MONT-0722-01_MoreThanSize_30.mpg; WK-MONT-0722-02_More Than Size 15.mpg; WK-MONT-0722-02_MoreThanSize_15.mpg; WK-MONT-0722-05_Options 30.mpg; WK-MONT-0722-06_Options 15.mpg; WK-MONT-0722-06_Options_15.mpg; WK_MONT-0722-05_Options_30.mpg,,Source: February-March 2023 Traffic Instructions.xlsx,February-March 2023 Traffic Instructions.xlsx,40,,,,
WK,CHA,TV,February,2023,,08/03/22 - 10/02/22 | 1/30/2023 - 3/31/2023,,,WK-CHAT -0421-01_04sec; WK-CHAT-0120-07-REV-Motorcycle_10.mpg; WK-CHAT-0120-11_REV-Distracted_10.mpg; WK-CHAT-0120-12-REV_Distracted_05.mpg; WK-CHAT-0120-12_Distracted_05; WK-CHAT-0121-01_18Wheeler_10.mpg; WK-CHAT-0121-07_Workers_10.mpg; WK-CHAT-0121-08_Workers_05.mpg; WK-CHAT-0121-11_NameKnow_05; WK-CHAT-0421-01_04sec.mpg; WK-CHAT-0620-25_Workers_30.mpg; WK-CHAT-0620-26_Workers_15A.mpg; WK-CHAT-0620-28_WorkingMan_30.mpg; WK-CHAT-0620-29_WorkingMan_15A.mpg; WK-CHAT-0622-01_Commercial-Accident-30.mpg; WK-CHAT-0622-02_Commercial-Accident-15A.mpg; WK-CHAT-0622-04_Distracted-Cell-Phones-30.mpg; WK-CHAT-0622-06_Distracted-Cell-Phones-15B.mpg; WK-CHAT-0622-07_Headlines-18-Wheeler_30.mpg; WK-CHAT-0622-09-Headlines-18-Wheeler _15B.mpg; WK-CHAT-0622-10_Mothers-Wreck_30.mpg; WK-CHAT-0622-11_Mothers-Wreck-15.mpg; WK-CHAT-0622-12_Parents 30.mpg; WK-CHAT-0622-13_Parents 15.mpg; WK-CHAT-0622-15_Different 30.mpg; WK-CHAT-0622-16_Different 15A.mpg; WK-CHAT-0622-18_PremiseInjury_30.mpg; WK-CHAT-0622-21R_Things to Do Accident 30.mpg; WK-CHAT-0622-21R_ThingstoDoAccident_30.mpg; WK-CHAT-0622-22R_Things to Do Accident 15A.mpg; WK-CHAT-0622-22R_ThingtoDoAccident_15a.mpg; WK-CHAT-0622–15_Different_30.mpg; WK-CHAT-0622–19_PremiseInjury_15a.mpg; WK-CHAT-0722-01_More Than Size 30.mpg; WK-CHAT-0722-01_MoreThanSize_30.mpg; WK-CHAT-0722-02_More Than Size 15.mpg; WK-CHAT-0722-02_MoreThanSize_15.mpg; WK-CHAT-0722-05_Options 30.mpg; WK-CHAT-0722-05_Options_30.mpg; WK-CHAT-0722-06_Options 15.mpg; WK-CHAT-0722-06_Options_15.mpg,,Source: February-March 2023 Traffic Instructions.xlsx,February-March 2023 Traffic Instructions.xlsx,41,,,,
WK,KNX,TV,February,2023,,08/03/22 - 10/02/22 | 1/30/2023 - 3/31/2023,,,WK-KNOX -0421-01_04sec; WK-KNOX-0120-07 -Motorcycle_10.mpg; WK-KNOX-0121-01_18Wheeler_10.mpg; WK-KNOX-0121-07_Workers_10.mpg; WK-KNOX-0121-08_Workers_05.mpg; WK-KNOX-0121-11_NameKnow_05; WK-KNOX-0421-01_04sec.mpg; WK-KNOX-0620-12_ Distracted_10.mpg; WK-KNOX-0620-13_Distracted_05; WK-KNOX-0620-13_Distracted_05.mpg; WK-KNOX-0620-31_Workers_30.mpg; WK-KNOX-0620-32_Workers_15A.mpg; WK-KNOX-0620-34_WorkingMan_30.mpg; WK-KNOX-0620-35_WorkingMan_15A.mpg; WK-KNOX-0622-01_Commercial-Accident-30.mpg; WK-KNOX-0622-02_Commercial-Accident-15A.mpg; WK-KNOX-0622-04_Distracted-Cell-Phones-30.mpg; WK-KNOX-0622-06_Distracted-Cell-Phones-15B.mpg; WK-KNOX-0622-07_Headlines-18-Wheeler_30.mpg; WK-KNOX-0622-09-Headlines-18-Wheeler _15B.mpg; WK-KNOX-0622-10_Mothers-Wreck_30.mpg; WK-KNOX-0622-11_Mothers-Wreck-15.mpg; WK-KNOX-0622-12_Parents 30.mpg; WK-KNOX-0622-13_Parents 15.mpg; WK-KNOX-0622-15_Different 30.mpg; WK-KNOX-0622-16_Different 15A.mpg; WK-KNOX-0622-18_PremiseInjury_30.mpg; WK-KNOX-0622-21R_Things to Do Accident 30.mpg; WK-KNOX-0622-21R_ThingstoDoAccident_30.mpg; WK-KNOX-0622-22R_Things to Do Accident 15A.mpg; WK-KNOX-0622-22R_ThingtoDoAccident_15A.mpg; WK-KNOX-0622–15_Different_30.mpg; WK-KNOX-0622–19_PremiseInjury_15a.mpg; WK-KNOX-0722-01_More Than Size 30.mpg; WK-KNOX-0722-01_MoreThanSize_30mpg; WK-KNOX-0722-02_More Than Size 15.mpg; WK-KNOX-0722-02_MoreThanSize_15.mpg; WK-KNOX-0722-05_Options 30.mpg; WK-KNOX-0722-05_Options_30.mpg; WK-KNOX-0722-06_Options 15.mpg; WK-KNOX-0722-06_Options_15.mpg,,Source: February-March 2023 Traffic Instructions.xlsx,February-March 2023 Traffic Instructions.xlsx,41,,,,
WK,PAN,TV,February,2023,,08/03/22 - 10/02/22 | 1/30/2023 - 3/31/2023,,,WK-PANA-0522-01_WorkingMan_30.mpg; WK-PANA-0522-02_WorkingMan_15A.mpg; WK-PANA-0522-19_CarCrashImage_30; WK-PANA-0522-19_CarCrashImage_30.mpg; WK-PANA-0522-20_CarCrashImage_15A; WK-PANA-0522-20_CarCrashImage_15A.mpg; WK-PANA-0522-22_Team_30; WK-PANA-0522-23_Team_15a; WK-PANA-0622-04_DistractedCellPhones_30; WK-PANA-0622-05_DistractedCellPhones_15a; WK-PANA-0622-06_DistractedCellPhones_15b; WK-PANA-0622-07_Headlines 18 Wheelers.mpg; WK-PANA-0622-07_Headlines-18-Wheelers-30.mpg; WK-PANA-0622-08_Headlines-18-Wheelers-15A.mpg; WK-PANA-0622-09_Headlines-18-Wheelers-15B.mpg; WK-PANA-0622-10_Mothers Wreck.mpg; WK-PANA-0622-11_Mothers-Wreck-15.mpg; WK-PANA-0622-12_Parents 30.mpg; WK-PANA-0622-13_Home PC 30; WK-PANA-0622-13_Parents 15.mpg; WK-PANA-0622-14_HomePC15a; WK-PANA-0622-15_HomePC15b; WK-PANA-0622-18_Premise Injury 30.mpg; WK-PANA-0622-22R_Things to Do Accident 15A.mpg,,Panama City (inactive market). Source: February-March 2023 Traffic Instructions.xlsx,February-March 2023 Traffic Instructions.xlsx,24,,,Y,
WK,BRM,TV,June,2023,,6/14/2023-8/31/2023,,,WK-BHAM-0120-05-REV_Motorcycle_30.mpg; WK-BHAM-0121-03_CarCrashImage_10.mpg; WK-BHAM-0121-04_CarCrashImage_05.mpg; WK-BHAM-0121-12_Shattered_10.mpg; WK-BHAM-0121-13_Shattered_05.mpg; WK-BHAM-0320-02-REV_Motorcycle_15b.mpg; WK-BHAM-0421-01_04sec.mpg; WK-BHAM-0620-03_18Wheeler_15b.mpg; WK-BHAM-0620-10_CarCrashImage_30.mpg; WK-BHAM-0620-12_CarCrashImage_15B.mpg; WK-BHAM-0620-16_Puzzle_30.mpg; WK-BHAM-0620-28_WorkingMan_30.mpg; WK-BHAM-0620-29_WorkingMan_15A.mpg; WK-BHAM-0622-18_Premise Injury 30.mpg; WK-BHAM-0622-20_Premise Injury 15b.mpg; WK-BHAM-0623-1_30 Different; WK-BHAM-0623-2_15A Different; WK-BHAM-0722-01_More Than Size 30.mpg; WK-BHAM-0722-02_More Than Size 15.mpg; WK-BHAM-0722-03_Jonathan 30.mpg; WK-BHAM-0722-04_Jonathan 15.mpg,,Source: June-August 2023 Traffic Instructions.xlsx,June-August 2023 Traffic Instructions.xlsx,21,,,,
WK,HSV,TV,June,2023,,6/14/2023-8/31/2023,,,WK-HUNT-0120-05-REV_Motorcycle_30.mpg; WK-HUNT-0121-03_CarCrashImage_10.mpg; WK-HUNT-0121-04_CarCrashImage_05.mpg; WK-HUNT-0121-12_Shattered_10.mpg; WK-HUNT-0121-13_Shattered_05.mpg; WK-HUNT-0320-02-REV_Motorcycle_15b.mpg; WK-HUNT-0421-01_04sec.mpg; WK-HUNT-0620-03_18Wheeler_15b.mpg; WK-HUNT-0620-10_CarCrashImage_30.mpg; WK-HUNT-0620-12_CarCrashImage_15B.mpg; WK-HUNT-0620-16_Puzzle_30.mpg; WK-HUNT-0620-28_WorkingMan_30.mpg; WK-HUNT-0620-29_WorkingMan_15A.mpg; WK-HUNT-0622-18_Premise Injury 30.mpg; WK-HUNT-0622-20_Premise Injury 15b.mpg; WK-HUNT-0623_15A Different_2; WK-HUNT-0623_30 Different_1; WK-HUNT-0722-01_More Than Size 30.mpg; WK-HUNT-0722-02_More Than Size 15.mpg; WK-HUNT-0722-03_Jonathan 30.mpg; WK-HUNT-0722-04_Jonathan 15.mpg,,Source: June-August 2023 Traffic Instructions.xlsx,June-August 2023 Traffic Instructions.xlsx,21,,,,
WK,MTG,TV,June,2023,,6/14/2023-8/31/2023,,,WK-MONT-0120-05-REV_Motorcycle_30.mpg; WK-MONT-0121-03_CarCrashImage_10.mpg; WK-MONT-0121-04_CarCrashImage_05.mpg; WK-MONT-0121-12_Shattered_10.mpg; WK-MONT-0121-13_Shattered_05.mpg; WK-MONT-0320-02-REV_Motorcycle_15b.mpg; WK-MONT-0421-01_04sec.mpg; WK-MONT-0620-03_18Wheeler_15b.mpg; WK-MONT-0620-10_CarCrashImage_30.mpg; WK-MONT-0620-12_CarCrashImage_15B.mpg; WK-MONT-0620-16_Puzzle_30.mpg; WK-MONT-0620-28_WorkingMan_30.mpg; WK-MONT-0620-29_WorkingMan_15A.mpg; WK-MONT-0622-18_Premise Injury 30.mpg; WK-MONT-0622-20_Premise Injury 15b.mpg; WK-MONT-0623_15A Different_2; WK-MONT-0623_30 Different_1; WK-MONT-0722-01_More Than Size 30.mpg; WK-MONT-0722-02_More Than Size 15.mpg; WK-MONT-0722-03_Jonathan 30.mpg; WK-MONT-0722-04_Jonathan 15.mpg,,Source: June-August 2023 Traffic Instructions.xlsx,June-August 2023 Traffic Instructions.xlsx,21,,,,
WK,CHA,TV,June,2023,,6/14/2023-8/31/2023,,,WK-CHAT-0120-05-REV_Motorcycle_30.mpg; WK-CHAT-0121-03_CarCrashImage_10.mpg; WK-CHAT-0121-04_CarCrashImage_05.mpg; WK-CHAT-0121-12_Shattered_10.mpg; WK-CHAT-0121-13_Shattered_05.mpg; WK-CHAT-0320-02-REV_Motorcycle_15b.mpg; WK-CHAT-0421-01_04sec.mpg; WK-CHAT-0620-03_18Wheeler_15b.mpg; WK-CHAT-0620-10_CarCrashImage_30.mpg; WK-CHAT-0620-12_CarCrashImage_15B.mpg; WK-CHAT-0620-16_Puzzle_30.mpg; WK-CHAT-0620-28_WorkingMan_30.mpg; WK-CHAT-0620-29_WorkingMan_15A.mpg; WK-CHAT-0622-18_Premise Injury 30.mpg; WK-CHAT-0622-20_Premise Injury 15b.mpg; WK-CHAT-0722-01_More Than Size 30.mpg; WK-CHAT-0722-02_More Than Size 15.mpg; WK-CHAT-0722-03_Jonathan 30.mpg; WK-CHAT-0722-04_Jonathan 15.mpg; WK-CHATT-0623_15A Different_2; WK-CHATT-0623_30 Different_1,,Source: June-August 2023 Traffic Instructions.xlsx,June-August 2023 Traffic Instructions.xlsx,21,,,,
WK,KNX,TV,June,2023,,6/14/2023-8/31/2023,,,WK-KNOX-0121-03_CarCrashImage_10.mpg; WK-KNOX-0121-04_CarCrashImage_05.mpg; WK-KNOX-0121-12_Shattered_10.mpg; WK-KNOX-0121-13_Shattered_05.mpg; WK-KNOX-0421-01_04sec.mpg; WK-KNOX-0520-04_Motorcycle_30.mpg; WK-KNOX-0520-06_Motorcycle_15b.mpg; WK-KNOX-0620-03_18Wheeler_15b.mpg; WK-KNOX-0620-16_CarCrashImage_30.mpg; WK-KNOX-0620-18_CarCrashImage_15B.mpg; WK-KNOX-0620-22_Puzzle_30.mpg; WK-KNOX-0620-34_WorkingMan_30.mpg; WK-KNOX-0620-35_WorkingMan_15A.mpg; WK-KNOX-0622-18_Premise Injury 30.mpg; WK-KNOX-0622-20_Premise Injury 15b.mpg; WK-KNOX-0623_15A Different_2; WK-KNOX-0623_30 Different_1; WK-KNOX-0722-01_More Than Size 30.mpg; WK-KNOX-0722-02_More Than Size 15.mpg; WK-KNOX-0722-03_Jonathan 30.mpg; WK-KNOX-0722-04_Jonathan 15.mpg,,Source: June-August 2023 Traffic Instructions.xlsx,June-August 2023 Traffic Instructions.xlsx,21,,,,
WK,PAN,TV,June,2023,,6/14/2023-8/31/2023,,,WK-PANA-0323-CarCrashImage_05; WK-PANA-0522-01_WorkingMan_30.mpg; WK-PANA-0522-10_Puzzle_30.mpg; WK-PANA-0522-11_Puzzle_15A.mpg; WK-PANA-0522-19_CarCrashImage_30.mpg; WK-PANA-0522-21_CarCrashImage_15B.mpg; WK-PANA-0522-25_Motorcycle_30R.mpg; WK-PANA-0522-27_Motorcycle_15b.mpg; WK-PANA-0622-09_Headlines-18-Wheelers-15B.mpg; WK-PANA-0622-12_Parents 30.mpg; WK-PANA-0622-13_Home PC 30; WK-PANA-0622-13_Parents 15.mpg; WK-PANA-0622-14_HomePC15a; WK-PANA-0622-18_Premise Injury 30.mpg; WK-PANA-0622-20_Premise Injury 15b.mpg; WK-PANA-0722-03_Jonathan 30.mpg; WK-PANA-0722-04_Jonathan 15.mpg,,Panama City (inactive market). Source: June-August 2023 Traffic Instructions.xlsx,June-August 2023 Traffic Instructions.xlsx,17,,,Y,
WK,BRM,TV,,2023,,2023-05-29 00:00:00 | 4/1/2023-5/28/2023 | 4/1/2023-6/18/2023 | 5/30/2023-6/18/2023,,,WK-BHAM-0120-12-REV_Distracted_05.mpg; WK-BHAM-0121-01_18Wheeler_10.mpg; WK-BHAM-0121-07_Workers_10.mpg; WK-BHAM-0121-08_Workers_05.mpg; WK-BHAM-0421-01_04sec.mpg; WK-BHAM-0620-01_18Wheeler_30.mpg; WK-BHAM-0620-03_18Wheeler_15b.mpg; WK-BHAM-0620-25_Workers_30.mpg; WK-BHAM-0620-26_Workers_15A.mpg; WK-BHAM-0622-04_Distracted-Cell-Phones-30.mpg; WK-BHAM-0622-06_Distracted-Cell-Phones-15B.mpg; WK-BHAM-0622-10_Mothers-Wreck-30.mpg; WK-BHAM-0622-11_Mothers-Wreck-15.mpg; WK-BHAM-0622-12_Parents 30.mpg; WK-BHAM-0622-13_Parents 15.mpg; WK-BHAM-0622-21R_Things to Do Accident 30 (2).mpg; WK-BHAM-0622-22R_Things to Do Accident 15A.mpg; WK-BHAM-0722-01_MoreThanSize_30.mpg; WK-BHAM-0722-02_MoreThanSize_15.mpg; WK-BHAM-0722-05_Options_30.mpg; WK-BHAM-0722-06_Options_15.mpg; WK-Memorial Day 2023,,Seasonal buy. Source: Memorial Day 2023 Traffic Instructions.xlsx,Memorial Day 2023 Traffic Instructions.xlsx,22,,Y,,
WK,HSV,TV,,2023,,2023-05-29 00:00:00 | 4/1/2023-5/28/2023 | 4/1/2023-6/18/2023 | 5/30/2023-6/18/2023,,,WK-HUNT-0120-12-REV_Distracted_05.mpg; WK-HUNT-0121-01_18Wheeler_10.mpg; WK-HUNT-0121-07_Workers_10.mpg; WK-HUNT-0121-08_Workers_05.mpg; WK-HUNT-0421-01_04sec.mpg; WK-HUNT-0620-01_18Wheeler_30.mpg; WK-HUNT-0620-02_18Wheeler_15a.mpg; WK-HUNT-0620-25_Workers_30.mpg; WK-HUNT-0620-26_Workers_15A.mpg; WK-HUNT-0622-04_Distracted-Cell-Phones-30.mpg; WK-HUNT-0622-06_Distracted-Cell-Phones-15B.mpg; WK-HUNT-0622-10_Mothers-Wreck-30.mpg; WK-HUNT-0622-11_Mothers-Wreck-15.mpg; WK-HUNT-0622-12_Parents 30.mpg; WK-HUNT-0622-13_Parents 15.mpg; WK-HUNT-0622-21R_Things to Do Accident 30.mpg; WK-HUNT-0622-22R_Things to Do Accident 15A.mpg; WK-HUNT-0722-01_More Than Size 30.mpg; WK-HUNT-0722-02_More Than Size 15.mpg; WK-HUNT-0722-05_Options 30.mpg; WK-HUNT-0722-06_Options 15.mpg; WK-Memorial Day 2023,,Seasonal buy. Source: Memorial Day 2023 Traffic Instructions.xlsx,Memorial Day 2023 Traffic Instructions.xlsx,22,,Y,,
WK,MTG,TV,,2023,,2023-05-29 00:00:00 | 4/1/2023-5/28/2023 | 4/1/2023-6/18/2023 | 5/30/2023-6/18/2023,,,WK-MONT-0120-12-REV_Distracted_05.mpg; WK-MONT-0121-01_18Wheeler_10.mpg; WK-MONT-0121-07_Workers_10.mpg; WK-MONT-0121-08_Workers_05.mpg; WK-MONT-0421-01_04sec.mpg; WK-MONT-0620-01_18Wheeler_30.mpg; WK-MONT-0620-02_18Wheeler_15a.mpg; WK-MONT-0620-25_Workers_30.mpg; WK-MONT-0620-26_Workers_15A.mpg; WK-MONT-0622-04_Distracted-Cell-Phones-30.mpg; WK-MONT-0622-06_Distracted-Cell-Phones-15B.mpg; WK-MONT-0622-10_Mothers-Wreck-30.mpg; WK-MONT-0622-11_Mothers-Wreck-15.mpg; WK-MONT-0622-12_Parents 30.mpg; WK-MONT-0622-13_Parents 15.mpg; WK-MONT-0622-21R_Things to Do Accident 30.mpg; WK-MONT-0622-22R_Things to Do Accident 15A.mpg; WK-MONT-0722-01_More Than Size 30.mpg; WK-MONT-0722-02_More Than Size 15.mpg; WK-MONT-0722-05_Options 30.mpg; WK-MONT-0722-06_Options 15.mpg; WK-Memorial Day 2023,,Seasonal buy. Source: Memorial Day 2023 Traffic Instructions.xlsx,Memorial Day 2023 Traffic Instructions.xlsx,22,,Y,,
WK,CHA,TV,,2023,,2023-05-29 00:00:00 | 4/1/2023-5/28/2023 | 4/1/2023-6/18/2023 | 5/30/2023-6/18/2023,,,WK-CHAT-0120-12-REV_Distracted_05.mpg; WK-CHAT-0121-01_18Wheeler_10.mpg; WK-CHAT-0121-07_Workers_10.mpg; WK-CHAT-0121-08_Workers_05.mpg; WK-CHAT-0421-01_04sec.mpg; WK-CHAT-0620-01_18Wheeler_30.mpg; WK-CHAT-0620-03_18Wheeler_15b.mpg; WK-CHAT-0620-25_Workers_30.mpg; WK-CHAT-0620-26_Workers_15A.mpg; WK-CHAT-0622-04_Distracted-Cell-Phones-30.mpg; WK-CHAT-0622-06_Distracted-Cell-Phones-15B.mpg; WK-CHAT-0622-10_Mothers-Wreck-30.mpg; WK-CHAT-0622-11_Mothers-Wreck-15.mpg; WK-CHAT-0622-12_Parents 30.mpg; WK-CHAT-0622-13_Parents 15.mpg; WK-CHAT-0622-21R_Things to Do Accident 30.mpg; WK-CHAT-0622-22R_Things to Do Accident 15A.mpg; WK-CHAT-0722-01_More Than Size 30.mpg; WK-CHAT-0722-02_More Than Size 15.mpg; WK-CHAT-0722-05_Options 30.mpg; WK-CHAT-0722-06_Options 15.mpg; WK-Memorial Day 2023,,Seasonal buy. Source: Memorial Day 2023 Traffic Instructions.xlsx,Memorial Day 2023 Traffic Instructions.xlsx,22,,Y,,
WK,KNX,TV,,2023,,2023-05-29 00:00:00 | 4/1/2023-5/28/2023 | 4/1/2023-6/18/2023 | 5/30/2023-6/18/2023,,,WK-KNOX-0121-01_18Wheeler_10.mpg; WK-KNOX-0121-07_Workers_10.mpg; WK-KNOX-0121-08_Workers_05.mpg; WK-KNOX-0421-01_04sec.mpg; WK-KNOX-0620-01_18Wheeler_30.mpg; WK-KNOX-0620-02_18Wheeler_15a.mpg; WK-KNOX-0620-13_Distracted_05.mpg; WK-KNOX-0620-31_Workers_30.mpg; WK-KNOX-0620-32_Workers_15A.mpg; WK-KNOX-0622-04_Distracted-Cell-Phones-30.mpg; WK-KNOX-0622-06_Distracted-Cell-Phones-15B.mpg; WK-KNOX-0622-10_Mothers-Wreck-30.mpg; WK-KNOX-0622-11_Mothers-Wreck-15.mpg; WK-KNOX-0622-12_Parents 30.mpg; WK-KNOX-0622-13_Parents 15.mpg; WK-KNOX-0622-21R_Things to Do Accident 30.mpg; WK-KNOX-0622-22R_Things to Do Accident 15A.mpg; WK-KNOX-0722-01_More Than Size 30.mpg; WK-KNOX-0722-02_More Than Size 15.mpg; WK-KNOX-0722-05_Options 30.mpg; WK-KNOX-0722-06_Options 15.mpg; WK-Memorial Day 2023,,Seasonal buy. Source: Memorial Day 2023 Traffic Instructions.xlsx,Memorial Day 2023 Traffic Instructions.xlsx,22,,Y,,
WK,PAN,TV,,2023,,2023-05-29 00:00:00 | 4/1/2023-5/28/2023 | 4/1/2023-6/18/2023 | 5/30/2023-6/18/2023 | ASAP-6/18/2023 | ASAP-6/18/23,,,WK-Memorial Day 2023; WK-PANA-0323-CarCrashImage_05; WK-PANA-0522-01_WorkingMan_30.mpg; WK-PANA-0522-19_CarCrashImage_30.mpg; WK-PANA-0522-20_CarCrashImage_15A.mpg; WK-PANA-0622-04_Distracted-Cell-Phones-30.mpg; WK-PANA-0622-05_DistractedCellPhones_15a; WK-PANA-0622-10_Mothers Wreck.mpg; WK-PANA-0622-11_Mothers-Wreck-15.mpg; WK-PANA-0622-12_Parents 30.mpg; WK-PANA-0622-13_Home PC 30; WK-PANA-0622-13_Parents 15.mpg; WK-PANA-0622-14_HomePC15a; WK-PANA-0622-18_Premise Injury 30.mpg; WK-PANA-0622-19_Premise Injury 15a.mpg; WK-PANA-0622-22R_Things to Do Accident 15A.mpg; WK-PANA-0722-03_Jonathan 30.mpg; WK-PANA-0722-04_Jonathan 15.mpg,,Seasonal buy. Panama City (inactive market). Source: Memorial Day 2023 Traffic Instructions.xlsx,Memorial Day 2023 Traffic Instructions.xlsx,18,,Y,Y,
WK,BRM,TV,November,2023,,11/1/2023-12/31/2023,,,WK-BHAM-0622-03_Commercial-Accident-15B.mpg; WK-BHAM-0622-04_Distracted-Cell-Phones-30; WK-BHAM-0622-05_Distracted-Cell-Phones-15A.mpg; WK-BHAM-0622-11_Mothers-Wreck-15.mpg; WK-BHAM-0622-18_Premise Injury 30; WK-BHAM-0622-19_Premise Injury 15a.mpg; WK-BHAM-0623-1_Commercial-Accident-30; WK-BHAM-0722-03_Jonathan 30; WK-BHAM-0722-04_Jonathan 15.mpg; WK-BHAM-0823-10_Mothers-Wreck-30; WK-BHAM-0823-16_Puzzle-30; WK-BHAM-0823-17_Puzzle-15; WK-BHAM-0823-26_Questions-30; WK-BHAM-0823-27_Questions-15; WK-BHAM-0823-5_Different-5; WK-BHAM-0923-01_General-05.mov; WK-BHAM-0923-02_Distracted-Cell-Phones-10; WK-BHAM-0923-03_Different-10; WK-BHAM-0923-04_General-4.mov; WK-BHAM-0923-6_Working Man 30.mov; WK-BHAM-0923-7_Working Man 15.mov,,Source: November-December 2023 Traffic Instructions.xlsx,November-December 2023 Traffic Instructions.xlsx,21,,,,
WK,HSV,TV,November,2023,,11/1/2023-12/31/2023,,,WK-HUNT-0622-03_Commercial-Accident-15B.mpg; WK-HUNT-0622-04_Distracted-Cell-Phones-30.mpg; WK-HUNT-0622-05_Distracted-Cell-Phones-15A.mpg; WK-HUNT-0622-11_Mothers-Wreck-15.mpg; WK-HUNT-0622-18_Premise Injury 30.mpg; WK-HUNT-0622-19_Premise Injury 15a; WK-HUNT-0623-1_Commerical-Accident-30; WK-HUNT-0722-03_Jonathan 30.mpg; WK-HUNT-0722-04_Jonathan 15.mpg; WK-HUNT-0823-10_Mothers-Wreck-30; WK-HUNT-0823-16_Puzzle-30; WK-HUNT-0823-17_Puzzle-15; WK-HUNT-0823-26_Questions-30; WK-HUNT-0823-27_Questions-15; WK-HUNT-0823-5_Different-5; WK-HUNT-0923-01_General-05.mov; WK-HUNT-0923-02_Distracted-Cell-Phones-10; WK-HUNT-0923-03_Different-10; WK-HUNT-0923-04_General-4.mov; WK-HUNT-0923-6_Working Man 30.mov; WK-HUNT-0923-7_Working Man 15.mov,,Source: November-December 2023 Traffic Instructions.xlsx,November-December 2023 Traffic Instructions.xlsx,21,,,,
WK,MTG,TV,November,2023,,11/1/2023-12/31/2023,,,WK-MONT-0622-03_Commercial-Accident-15B.mpg; WK-MONT-0622-04_Distracted-Cell-Phones-30.mpg; WK-MONT-0622-05_Distracted-Cell-Phones-15A.mpg; WK-MONT-0622-11_Mothers-Wreck-15.mpg; WK-MONT-0622-18_Premise Injury 30.mpg; WK-MONT-0622-19_Premise Injury 15a.mpg; WK-MONT-0623-1_Commerical-Accident-30; WK-MONT-0722-03_Jonathan 30.mpg; WK-MONT-0722-04_Jonathan 15.mpg; WK-MONT-0823-10_Mothers-Wreck-30; WK-MONT-0823-16_Puzzle-30; WK-MONT-0823-17_Puzzle-15; WK-MONT-0823-26_Questions-30; WK-MONT-0823-27_Questions-15; WK-MONT-0823-5_Different-5; WK-MONT-0923-01_General-05.mov; WK-MONT-0923-02_Distracted-Cell-Phones-10; WK-MONT-0923-03_Different-10; WK-MONT-0923-04_General-4.mov; WK-MONT-0923-6_Working Man 30.mov; WK-MONT-0923-7_Working Man 15.mov,,Source: November-December 2023 Traffic Instructions.xlsx,November-December 2023 Traffic Instructions.xlsx,21,,,,
WK,DHN,TV,November,2023,,11/1/2023-12/31/2023,,,WK-DOTH-0622-03_Commercial-Accident-15B; WK-DOTH-0622-04_Distracted-Cell-Phones-30; WK-DOTH-0622-05_Distracted-Cell-Phones-15B; WK-DOTH-0622-11_Mothers-Wreck-15; WK-DOTH-0622-18_Premise Injury 30; WK-DOTH-0622-19_Premise Injury 15a; WK-DOTH-0622-21R_Things to Do Accident 30; WK-DOTH-0622-22R_Things to Do Accident 15A; WK-DOTH-0623-1_30 Commercial Accident; WK-DOTH-0623-1_30 Different; WK-DOTH-0623-2_15A Different; WK-DOTH-0722-03_Jonathan 30; WK-DOTH-0722-04_Jonathan 15; WK-DOTH-0823-1_Mothers-Wreck-30; WK-DOTH-0823-5_Different-5; WK-DOTH-0923-01_General-05.mov; WK-DOTH-0923-02_Distracted-Cell-Phones-10; WK-DOTH-0923-03_Different-10; WK-DOTH-0923-04_General-4; WK-DOTH-0923-6_Working Man 30; WK-DOTH-0923-7_Working Man 15.mov,,Source: November-December 2023 Traffic Instructions.xlsx,November-December 2023 Traffic Instructions.xlsx,21,,,,
WK,CHA,TV,November,2023,,11/1/2023-12/31/2023,,,WK-CHAT-0622-03_Commercial-Accident-15B.mpg; WK-CHAT-0622-04_Distracted-Cell-Phones-30.mpg; WK-CHAT-0622-05_Distracted-Cell-Phones-15A.mpg; WK-CHAT-0622-11_Mothers-Wreck-15.mpg; WK-CHAT-0622-18_Premise Injury 30.mpg; WK-CHAT-0622-19_Premise Injury 15a.mpg; WK-CHAT-0623-1_Commercial-Accident-30; WK-CHAT-0722-03_Jonathan 30.mpg; WK-CHAT-0722-04_Jonathan 15.mpg; WK-CHAT-0823-10_Mothers-Wreck-30; WK-CHAT-0823-16_Puzzle-30; WK-CHAT-0823-17_Puzzle-15; WK-CHAT-0823-26_Questions-30; WK-CHAT-0823-27_Questions-15; WK-CHAT-0823-5_Different-5; WK-CHAT-0923-01_General-05.mov; WK-CHAT-0923-02_Distracted-Cell-Phones-10; WK-CHAT-0923-03_Different-10.mov; WK-CHAT-0923-04_General-4.mov; WK-CHAT-0923-6_Working Man 30.mov; WK-CHAT-0923-7_Working Man 15.mov,,Source: November-December 2023 Traffic Instructions.xlsx,November-December 2023 Traffic Instructions.xlsx,21,,,,
WK,KNX,TV,November,2023,,11/1/2023-12/31/2023,,,WK-KNOX-0622-03_Commercial-Accident-15B.mpg; WK-KNOX-0622-04_Distracted-Cell-Phones-30.mpg; WK-KNOX-0622-05_Distracted-Cell-Phones-15A.mpg; WK-KNOX-0622-11_Mothers-Wreck-15.mpg; WK-KNOX-0622-18_Premise Injury 30.mpg; WK-KNOX-0622-19_Premise Injury 15a.mpg; WK-KNOX-0623-1_Commercial-Accident-30; WK-KNOX-0722-03_Jonathan 30.mpg; WK-KNOX-0722-04_Jonathan 15.mpg; WK-KNOX-0823-10_Mothers-Wreck-30; WK-KNOX-0823-16_Puzzle-30; WK-KNOX-0823-17_Puzzle-15; WK-KNOX-0823-26_Questions-30; WK-KNOX-0823-27_Questions-15; WK-KNOX-0823-5_Different-5; WK-KNOX-0923-01_General-05; WK-KNOX-0923-02_Distracted-Cell-Phones-10; WK-KNOX-0923-03_Different-10; WK-KNOX-0923-04_General-4.mov; WK-KNOX-0923-6_Working Man 30.mov; WK-KNOX-0923-7_Working Man 15.mov,,Source: November-December 2023 Traffic Instructions.xlsx,November-December 2023 Traffic Instructions.xlsx,21,,,,
WK,PAN,TV,November,2023,,11/1/2023-12/31/2023,,,WK-PANA-0323-CarCrashImage_05; WK-PANA-0522-01_WorkingMan_30.mpg; WK-PANA-0522-02_WorkingMan_15A.mpg; WK-PANA-0622-03_Commercial-Accident-15B.mpg; WK-PANA-0622-04_Distracted Cell Phones-30; WK-PANA-0622-05_Distracted-Cell-Phones-15A.mpg; WK-PANA-0622-11_Mothers-Wreck-15.mpg; WK-PANA-0622-12_Parents 30; WK-PANA-0622-13_Home PC.mpg; WK-PANA-0622-13_Parents 15.mpg; WK-PANA-0622-14_Home-15A.mpg; WK-PANA-0622-18_Premise Injury 30.mpg; WK-PANA-0622-19_Premise Injury 15a.mpg; WK-PANA-0823-10_Mothers-Wreck-30; WK-PANA-0823-16_Puzzle-30; WK-PANA-0823-17_Puzzle-15; WK-PANA-0823-30_Commercial-Vehicle-30; WK-PANA-0923-02_Distracted-Cell-Phones-10; WK-PANA-0923-04_General-4,,Panama City (inactive market). Source: November-December 2023 Traffic Instructions.xlsx,November-December 2023 Traffic Instructions.xlsx,19,,,Y,
WK,PAN,TV,November,2023,,11/1/2023-11/14/2023 | 11/1/2023-12/31/2023 | ASAP-12/31/2023,,,WK-PANA-0323-CarCrashImage_05; WK-PANA-0522-01_WorkingMan_30.mpg; WK-PANA-0522-02_WorkingMan_15A.mpg; WK-PANA-0622-03_Commercial-Accident-15B.mpg; WK-PANA-0622-04_Distracted Cell Phones-30; WK-PANA-0622-05_Distracted-Cell-Phones-15A.mpg; WK-PANA-0622-07_Headlines 18 Wheelers.mpg; WK-PANA-0622-09_Headlines-18-Wheelers-15B.mpg; WK-PANA-0622-11_Mothers-Wreck-15.mpg; WK-PANA-0622-12_Parents 30; WK-PANA-0622-13_Home PC.mpg; WK-PANA-0622-13_Parents 15.mpg; WK-PANA-0622-14_Home-15A.mpg; WK-PANA-0622-18_Premise Injury 30.mpg; WK-PANA-0622-19_Premise Injury 15a.mpg; WK-PANA-0823-10_Mothers-Wreck-30; WK-PANA-0823-16_Puzzle-30; WK-PANA-0823-17_Puzzle-15; WK-PANA-0823-30_Commercial-Vehicle-30; WK-PANA-0923-02_Distracted-Cell-Phones-10; WK-PANA-0923-04_General-4,,Panama City (inactive market). Source: PC November-December 2023 Traffic Revision 1.xlsx,PC November-December 2023 Traffic Revision 1.xlsx,21,,,Y,
WK,BRM,TV,September,2023,,10/11/2023-10/31/2023 | 8/31/2023-10/10/2023 | 8/31/2023-10/31/2023 | 9/27/2023-10/31/2023,,,WK-BHAM-0620-28_WorkingMan_30.mpg; WK-BHAM-0620-29_WorkingMan_15A.mpg; WK-BHAM-0622-03_Commercial-Accident-15B.mpg; WK-BHAM-0622-04_Distracted-Cell-Phones-30; WK-BHAM-0622-05_Distracted-Cell-Phones-15A.mpg; WK-BHAM-0622-11_Mothers-Wreck-15.mpg; WK-BHAM-0622-18_Premise Injury 30; WK-BHAM-0622-19_Premise Injury 15a.mpg; WK-BHAM-0623-1_Commercial-Accident-30; WK-BHAM-0722-03_Jonathan 30; WK-BHAM-0722-04_Jonathan 15.mpg; WK-BHAM-0823-10_Mothers-Wreck-30; WK-BHAM-0823-16_Puzzle-30; WK-BHAM-0823-17_Puzzle-15; WK-BHAM-0823-26_Questions-30; WK-BHAM-0823-27_Questions-15; WK-BHAM-0823-5_Different-5; WK-BHAM-0923-01_General-05.mov; WK-BHAM-0923-02_Distracted-Cell-Phones-10; WK-BHAM-0923-03_Different-10; WK-BHAM-0923-04_General-4.mov; WK-BHAM-0923-6_Working Man 30.mov; WK-BHAM-0923-7_Working Man 15.mov,,Source: September-October 2023 Traffic Instructions.xlsx,September-October 2023 Traffic Instructions.xlsx,23,,,,
WK,HSV,TV,September,2023,,10/11/2023-10/31/2023 | 8/31/2023-10/10/2023 | 8/31/2023-10/31/2023 | 9/27/2023-10/31/2023,,,WK-HUNT-0620-28_WorkingMan_30.mpg; WK-HUNT-0620-29_WorkingMan_15A.mpg; WK-HUNT-0622-03_Commercial-Accident-15B.mpg; WK-HUNT-0622-04_Distracted-Cell-Phones-30.mpg; WK-HUNT-0622-05_Distracted-Cell-Phones-15A.mpg; WK-HUNT-0622-11_Mothers-Wreck-15.mpg; WK-HUNT-0622-18_Premise Injury 30.mpg; WK-HUNT-0622-19_Premise Injury 15a; WK-HUNT-0623-1_Commerical-Accident-30; WK-HUNT-0722-03_Jonathan 30.mpg; WK-HUNT-0722-04_Jonathan 15.mpg; WK-HUNT-0823-10_Mothers-Wreck-30; WK-HUNT-0823-16_Puzzle-30; WK-HUNT-0823-17_Puzzle-15; WK-HUNT-0823-26_Questions-30; WK-HUNT-0823-27_Questions-15; WK-HUNT-0823-5_Different-5; WK-HUNT-0923-01_General-05.mov; WK-HUNT-0923-02_Distracted-Cell-Phones-10; WK-HUNT-0923-03_Different-10; WK-HUNT-0923-04_General-4.mov; WK-HUNT-0923-6_Working Man 30.mov; WK-HUNT-0923-7_Working Man 15.mov,,Source: September-October 2023 Traffic Instructions.xlsx,September-October 2023 Traffic Instructions.xlsx,23,,,,
WK,MTG,TV,September,2023,,8/31/2023-10/31/2023 | 8/31/2023-9/26/2023 | 9/27/2023-10/31/2023 | ASAP-10/31/2023,,,WK-MONT-0121-04_CarCrashImage_05.mpg; WK-MONT-0622-03_Commercial-Accident-15B.mpg; WK-MONT-0622-04_Distracted-Cell-Phones-30.mpg; WK-MONT-0622-05_Distracted-Cell-Phones-15A.mpg; WK-MONT-0622-11_Mothers-Wreck-15.mpg; WK-MONT-0622-18_Premise Injury 30.mpg; WK-MONT-0622-19_Premise Injury 15a.mpg; WK-MONT-0623-1_Commerical-Accident-30; WK-MONT-0722-03_Jonathan 30.mpg; WK-MONT-0722-04_Jonathan 15.mpg; WK-MONT-0823-10_Mothers-Wreck-30; WK-MONT-0823-16_Puzzle-30; WK-MONT-0823-17_Puzzle-15; WK-MONT-0823-26_Questions-30; WK-MONT-0823-27_Questions-15; WK-MONT-0823-5_Different-5; WK-MONT-0923-01_General-05.mov; WK-MONT-0923-02_Distracted-Cell-Phones-10; WK-MONT-0923-03_Different-10; WK-MONT-0923-04_General-4.mov; WK-MONT-0923-6_Working Man 30.mov; WK-MONT-0923-7_Working Man 15.mov,,Source: September-October 2023 Traffic Instructions.xlsx,September-October 2023 Traffic Instructions.xlsx,22,,,,
WK,DHN,TV,September,2023,,10/1/2023-10/31/2023,,,WK-DOTH-0622-03_Commercial-Accident-15B; WK-DOTH-0622-04_Distracted-Cell-Phones-30; WK-DOTH-0622-05_Distracted-Cell-Phones-15B; WK-DOTH-0622-11_Mothers-Wreck-15; WK-DOTH-0622-18_Premise Injury 30; WK-DOTH-0622-19_Premise Injury 15a; WK-DOTH-0622-21R_Things to Do Accident 30; WK-DOTH-0622-22R_Things to Do Accident 15A; WK-DOTH-0623-1_30 Commercial Accident; WK-DOTH-0623-1_30 Different; WK-DOTH-0623-2_15A Different; WK-DOTH-0722-03_Jonathan 30; WK-DOTH-0722-04_Jonathan 15; WK-DOTH-0823-1_Mothers-Wreck-30; WK-DOTH-0823-5_Different-5; WK-DOTH-0923-01_General-05.mov; WK-DOTH-0923-02_Distracted-Cell-Phones-10; WK-DOTH-0923-03_Different-10; WK-DOTH-0923-04_General-4; WK-DOTH-0923-6_Working Man 30; WK-DOTH-0923-7_Working Man 15.mov,,Source: September-October 2023 Traffic Instructions.xlsx,September-October 2023 Traffic Instructions.xlsx,21,,,,
WK,CHA,TV,September,2023,,10/11/2023-10/31/2023 | 8/31/2023-10/10/2023 | 8/31/2023-10/31/2023 | 9/27/2023-10/31/2023,,,WK-CHAT-0620-28_WorkingMan_30.mpg; WK-CHAT-0620-29_WorkingMan_15A.mpg; WK-CHAT-0622-03_Commercial-Accident-15B.mpg; WK-CHAT-0622-04_Distracted-Cell-Phones-30.mpg; WK-CHAT-0622-05_Distracted-Cell-Phones-15A.mpg; WK-CHAT-0622-11_Mothers-Wreck-15.mpg; WK-CHAT-0622-18_Premise Injury 30.mpg; WK-CHAT-0622-19_Premise Injury 15a.mpg; WK-CHAT-0623-1_Commercial-Accident-30; WK-CHAT-0722-03_Jonathan 30.mpg; WK-CHAT-0722-04_Jonathan 15.mpg; WK-CHAT-0823-10_Mothers-Wreck-30; WK-CHAT-0823-16_Puzzle-30; WK-CHAT-0823-17_Puzzle-15; WK-CHAT-0823-26_Questions-30; WK-CHAT-0823-27_Questions-15; WK-CHAT-0823-5_Different-5; WK-CHAT-0923-01_General-05.mov; WK-CHAT-0923-02_Distracted-Cell-Phones-10; WK-CHAT-0923-03_Different-10.mov; WK-CHAT-0923-04_General-4.mov; WK-CHAT-0923-6_Working Man 30.mov; WK-CHAT-0923-7_Working Man 15.mov,,Source: September-October 2023 Traffic Instructions.xlsx,September-October 2023 Traffic Instructions.xlsx,23,,,,
WK,KNX,TV,September,2023,,10/11/2023-10/31/2023 | 8/31/2023-10/10/2023 | 8/31/2023-10/31/2023 | 9/27/2023-10/31/2023,,,WK-KNOX-0620-34_WorkingMan_30.mpg; WK-KNOX-0620-35_WorkingMan_15A.mpg; WK-KNOX-0622-03_Commercial-Accident-15B.mpg; WK-KNOX-0622-04_Distracted-Cell-Phones-30.mpg; WK-KNOX-0622-05_Distracted-Cell-Phones-15A.mpg; WK-KNOX-0622-11_Mothers-Wreck-15.mpg; WK-KNOX-0622-18_Premise Injury 30.mpg; WK-KNOX-0622-19_Premise Injury 15a.mpg; WK-KNOX-0623-1_Commercial-Accident-30; WK-KNOX-0722-03_Jonathan 30.mpg; WK-KNOX-0722-04_Jonathan 15.mpg; WK-KNOX-0823-10_Mothers-Wreck-30; WK-KNOX-0823-16_Puzzle-30; WK-KNOX-0823-17_Puzzle-15; WK-KNOX-0823-26_Questions-30; WK-KNOX-0823-27_Questions-15; WK-KNOX-0823-5_Different-5; WK-KNOX-0923-01_General-05; WK-KNOX-0923-02_Distracted-Cell-Phones-10; WK-KNOX-0923-03_Different-10; WK-KNOX-0923-04_General-4.mov; WK-KNOX-0923-6_Working Man 30.mov; WK-KNOX-0923-7_Working Man 15.mov,,Source: September-October 2023 Traffic Instructions.xlsx,September-October 2023 Traffic Instructions.xlsx,23,,,,
WK,PAN,TV,September,2023,,8/31/2023-10/31/2023 | 9/27/2023-10/31/2023,,,WK-PANA-0323-CarCrashImage_05; WK-PANA-0522-01_WorkingMan_30.mpg; WK-PANA-0522-02_WorkingMan_15A.mpg; WK-PANA-0622-03_Commercial-Accident-15B.mpg; WK-PANA-0622-04_Distracted Cell Phones-30; WK-PANA-0622-05_Distracted-Cell-Phones-15A.mpg; WK-PANA-0622-11_Mothers-Wreck-15.mpg; WK-PANA-0622-12_Parents 30; WK-PANA-0622-13_Home PC.mpg; WK-PANA-0622-13_Parents 15.mpg; WK-PANA-0622-14_Home-15A.mpg; WK-PANA-0622-18_Premise Injury 30.mpg; WK-PANA-0622-19_Premise Injury 15a.mpg; WK-PANA-0823-10_Mothers-Wreck-30; WK-PANA-0823-16_Puzzle-30; WK-PANA-0823-17_Puzzle-15; WK-PANA-0823-30_Commercial-Vehicle-30; WK-PANA-0923-02_Distracted-Cell-Phones-10; WK-PANA-0923-04_General-4,,Panama City (inactive market). Source: September-October 2023 Traffic Instructions.xlsx,September-October 2023 Traffic Instructions.xlsx,19,,,Y,
WK,BRM,TV,November,2023,,11/1/2023-11/20/2023 | 11/1/2023-12/31/2023 | 11/21/2023-11/22/2023 | 11/21/2023-11/23/2023 | 11/24/2023-12/1/2023 | 2023-11-23 00:00:00,,,Thanksgiving 15sec. Commercial.mov; Thanksgiving 30sec. Commercial.mov; WK-BHAM-0622-03_Commercial-Accident-15B.mpg; WK-BHAM-0622-04_Distracted-Cell-Phones-30; WK-BHAM-0622-05_Distracted-Cell-Phones-15A.mpg; WK-BHAM-0622-11_Mothers-Wreck-15.mpg; WK-BHAM-0622-18_Premise Injury 30; WK-BHAM-0622-19_Premise Injury 15a.mpg; WK-BHAM-0623-1_Commercial-Accident-30; WK-BHAM-0722-03_Jonathan 30; WK-BHAM-0722-04_Jonathan 15.mpg; WK-BHAM-0823-10_Mothers-Wreck-30; WK-BHAM-0823-16_Puzzle-30; WK-BHAM-0823-17_Puzzle-15; WK-BHAM-0823-26_Questions-30; WK-BHAM-0823-27_Questions-15; WK-BHAM-0823-5_Different-5; WK-BHAM-0923-01_General-05.mov; WK-BHAM-0923-02_Distracted-Cell-Phones-10; WK-BHAM-0923-03_Different-10; WK-BHAM-0923-04_General-4.mov; WK-BHAM-0923-6_Working Man 30.mov; WK-BHAM-0923-7_Working Man 15.mov,,Seasonal buy. Source: Thanksgiving Spot November 2023 Traffic Instructions.xlsx,Thanksgiving Spot November 2023 Traffic Instructions.xlsx,23,,Y,,
WK,HSV,TV,November,2023,,11/1/2023-11/20/2023 | 11/1/2023-12/31/2023 | 11/21/2023-11/22/2023 | 11/21/2023-11/23/2023 | 11/24/2023-12/1/2023 | 2023-11-23 00:00:00,,,WK-1120-01 Thanksgiving.mpg; WK-1120-02 Thanksgiving 15.mpg; WK-HUNT-0622-03_Commercial-Accident-15B.mpg; WK-HUNT-0622-04_Distracted-Cell-Phones-30.mpg; WK-HUNT-0622-05_Distracted-Cell-Phones-15A.mpg; WK-HUNT-0622-11_Mothers-Wreck-15.mpg; WK-HUNT-0622-18_Premise Injury 30.mpg; WK-HUNT-0622-19_Premise Injury 15a; WK-HUNT-0623-1_Commerical-Accident-30; WK-HUNT-0722-03_Jonathan 30.mpg; WK-HUNT-0722-04_Jonathan 15.mpg; WK-HUNT-0823-10_Mothers-Wreck-30; WK-HUNT-0823-16_Puzzle-30; WK-HUNT-0823-17_Puzzle-15; WK-HUNT-0823-26_Questions-30; WK-HUNT-0823-27_Questions-15; WK-HUNT-0823-5_Different-5; WK-HUNT-0923-01_General-05.mov; WK-HUNT-0923-02_Distracted-Cell-Phones-10; WK-HUNT-0923-03_Different-10; WK-HUNT-0923-04_General-4.mov; WK-HUNT-0923-6_Working Man 30.mov; WK-HUNT-0923-7_Working Man 15.mov,,Seasonal buy. Source: Thanksgiving Spot November 2023 Traffic Instructions.xlsx,Thanksgiving Spot November 2023 Traffic Instructions.xlsx,23,,Y,,
WK,MTG,TV,November,2023,,11/1/2023-11/20/2023 | 11/1/2023-12/31/2023 | 11/21/2023-11/22/2023 | 11/21/2023-11/23/2023 | 11/24/2023-12/1/2023 | 2023-11-23 00:00:00,,,WK-1120-01 Thanksgiving.mpg; WK-1120-02 Thanksgiving 15.mpg; WK-MONT-0622-03_Commercial-Accident-15B.mpg; WK-MONT-0622-04_Distracted-Cell-Phones-30.mpg; WK-MONT-0622-05_Distracted-Cell-Phones-15A.mpg; WK-MONT-0622-11_Mothers-Wreck-15.mpg; WK-MONT-0622-18_Premise Injury 30.mpg; WK-MONT-0622-19_Premise Injury 15a.mpg; WK-MONT-0623-1_Commerical-Accident-30; WK-MONT-0722-03_Jonathan 30.mpg; WK-MONT-0722-04_Jonathan 15.mpg; WK-MONT-0823-10_Mothers-Wreck-30; WK-MONT-0823-16_Puzzle-30; WK-MONT-0823-17_Puzzle-15; WK-MONT-0823-26_Questions-30; WK-MONT-0823-27_Questions-15; WK-MONT-0823-5_Different-5; WK-MONT-0923-01_General-05.mov; WK-MONT-0923-02_Distracted-Cell-Phones-10; WK-MONT-0923-03_Different-10; WK-MONT-0923-04_General-4.mov; WK-MONT-0923-6_Working Man 30.mov; WK-MONT-0923-7_Working Man 15.mov,,Seasonal buy. Source: Thanksgiving Spot November 2023 Traffic Instructions.xlsx,Thanksgiving Spot November 2023 Traffic Instructions.xlsx,23,,Y,,
WK,DHN,TV,November,2023,,11/1/2023-11/20/2023 | 11/1/2023-12/31/2023 | 11/21/2023-11/22/2023 | 11/21/2023-11/23/2023 | 11/24/2023-12/31/2023 | 2023-11-23 00:00:00,,,WK-1120-01 Thanksgiving.mpg; WK-1120-02 Thanksgiving 15.mpg; WK-DOTH-0622-03_Commercial-Accident-15B; WK-DOTH-0622-04_Distracted-Cell-Phones-30; WK-DOTH-0622-05_Distracted-Cell-Phones-15B; WK-DOTH-0622-11_Mothers-Wreck-15; WK-DOTH-0622-18_Premise Injury 30; WK-DOTH-0622-19_Premise Injury 15a; WK-DOTH-0622-21R_Things to Do Accident 30; WK-DOTH-0622-22R_Things to Do Accident 15A; WK-DOTH-0623-1_30 Commercial Accident; WK-DOTH-0623-1_30 Different; WK-DOTH-0623-2_15A Different; WK-DOTH-0722-03_Jonathan 30; WK-DOTH-0722-04_Jonathan 15; WK-DOTH-0823-1_Mothers-Wreck-30; WK-DOTH-0823-5_Different-5; WK-DOTH-0923-01_General-05.mov; WK-DOTH-0923-02_Distracted-Cell-Phones-10; WK-DOTH-0923-03_Different-10; WK-DOTH-0923-04_General-4; WK-DOTH-0923-6_Working Man 30; WK-DOTH-0923-7_Working Man 15.mov,,Seasonal buy. Source: Thanksgiving Spot November 2023 Traffic Instructions.xlsx,Thanksgiving Spot November 2023 Traffic Instructions.xlsx,23,,Y,,
WK,CHA,TV,November,2023,,11/1/2023-11/20/2023 | 11/1/2023-12/1/2023 | 11/1/2023-12/31/2023 | 11/21/2023-11/22/2023 | 11/21/2023-11/23/2023 | 11/24/2023-12/1/2023 | 2023-11-23 00:00:00,,,WK-1120-01 Thanksgiving.mpg; WK-1120-02 Thanksgiving 15.mpg; WK-CHAT-0622-03_Commercial-Accident-15B.mpg; WK-CHAT-0622-04_Distracted-Cell-Phones-30.mpg; WK-CHAT-0622-05_Distracted-Cell-Phones-15A.mpg; WK-CHAT-0622-11_Mothers-Wreck-15.mpg; WK-CHAT-0622-18_Premise Injury 30.mpg; WK-CHAT-0622-19_Premise Injury 15a.mpg; WK-CHAT-0623-1_Commercial-Accident-30; WK-CHAT-0722-03_Jonathan 30.mpg; WK-CHAT-0722-04_Jonathan 15.mpg; WK-CHAT-0823-10_Mothers-Wreck-30; WK-CHAT-0823-16_Puzzle-30; WK-CHAT-0823-17_Puzzle-15; WK-CHAT-0823-26_Questions-30; WK-CHAT-0823-27_Questions-15; WK-CHAT-0823-5_Different-5; WK-CHAT-0923-01_General-05.mov; WK-CHAT-0923-02_Distracted-Cell-Phones-10; WK-CHAT-0923-03_Different-10.mov; WK-CHAT-0923-04_General-4.mov; WK-CHAT-0923-6_Working Man 30.mov; WK-CHAT-0923-7_Working Man 15.mov,,Seasonal buy. Source: Thanksgiving Spot November 2023 Traffic Instructions.xlsx,Thanksgiving Spot November 2023 Traffic Instructions.xlsx,23,,Y,,
WK,KNX,TV,November,2023,,11/1/2023-11/20/2023 | 11/1/2023-12/31/2023 | 11/21/2023-11/22/2023 | 11/21/2023-11/23/2023 | 11/24/2023-12/1/2023 | 2023-11-23 00:00:00,,,WK-1120-01 Thanksgiving.mpg; WK-1120-02 Thanksgiving 15.mpg; WK-KNOX-0622-03_Commercial-Accident-15B.mpg; WK-KNOX-0622-04_Distracted-Cell-Phones-30.mpg; WK-KNOX-0622-05_Distracted-Cell-Phones-15A.mpg; WK-KNOX-0622-11_Mothers-Wreck-15.mpg; WK-KNOX-0622-18_Premise Injury 30.mpg; WK-KNOX-0622-19_Premise Injury 15a.mpg; WK-KNOX-0623-1_Commercial-Accident-30; WK-KNOX-0722-03_Jonathan 30.mpg; WK-KNOX-0722-04_Jonathan 15.mpg; WK-KNOX-0823-10_Mothers-Wreck-30; WK-KNOX-0823-16_Puzzle-30; WK-KNOX-0823-17_Puzzle-15; WK-KNOX-0823-26_Questions-30; WK-KNOX-0823-27_Questions-15; WK-KNOX-0823-5_Different-5; WK-KNOX-0923-01_General-05; WK-KNOX-0923-02_Distracted-Cell-Phones-10; WK-KNOX-0923-03_Different-10; WK-KNOX-0923-04_General-4.mov; WK-KNOX-0923-6_Working Man 30.mov; WK-KNOX-0923-7_Working Man 15.mov,,Seasonal buy. Source: Thanksgiving Spot November 2023 Traffic Instructions.xlsx,Thanksgiving Spot November 2023 Traffic Instructions.xlsx,23,,Y,,
WK,PAN,TV,November,2023,,11/1/2023-11/20/2023 | 11/1/2023-12/31/2023 | 11/21/2023-11/22/2023 | 11/21/2023-11/23/2023 | 11/24/2023-12/1/2023 | 2023-11-23 00:00:00 | ASAP-12/31/2023,,,Thanksgiving 30sec. Commercial.mov; WK-1120-02 Thanksgiving 15.mpg; WK-PANA-0323-CarCrashImage_05; WK-PANA-0522-01_WorkingMan_30.mpg; WK-PANA-0522-02_WorkingMan_15A.mpg; WK-PANA-0622-04_Distracted Cell Phones-30; WK-PANA-0622-05_Distracted-Cell-Phones-15A.mpg; WK-PANA-0622-07_Headlines 18 Wheelers.mpg; WK-PANA-0622-09_Headlines-18-Wheelers-15B.mpg; WK-PANA-0622-11_Mothers-Wreck-15.mpg; WK-PANA-0622-12_Parents 30; WK-PANA-0622-13_Home PC.mpg; WK-PANA-0622-13_Parents 15.mpg; WK-PANA-0622-14_Home-15A.mpg; WK-PANA-0622-18_Premise Injury 30.mpg; WK-PANA-0622-19_Premise Injury 15a.mpg; WK-PANA-0823-10_Mothers-Wreck-30; WK-PANA-0823-16_Puzzle-30; WK-PANA-0823-17_Puzzle-15; WK-PANA-0923-02_Distracted-Cell-Phones-10; WK-PANA-0923-04_General-4,,Seasonal buy. Panama City (inactive market). Source: Thanksgiving Spot November 2023 Traffic Instructions.xlsx,Thanksgiving Spot November 2023 Traffic Instructions.xlsx,21,,Y,Y,
WK,BRM,TV,January,2024,,1/1/2024-1/31/2024,Original,,WK-BHAM-0622-03_Commercial-Accident-15B.mpg; WK-BHAM-0622-04_Distracted-Cell-Phones-30; WK-BHAM-0622-05_Distracted-Cell-Phones-15A.mpg; WK-BHAM-0622-11_Mothers-Wreck-15.mpg; WK-BHAM-0622-18_Premise Injury 30; WK-BHAM-0622-19_Premise Injury 15a.mpg; WK-BHAM-0623-1_Commercial-Accident-30; WK-BHAM-0722-03_Jonathan 30; WK-BHAM-0722-04_Jonathan 15.mpg; WK-BHAM-0823-10_Mothers-Wreck-30; WK-BHAM-0823-16_Puzzle-30; WK-BHAM-0823-17_Puzzle-15; WK-BHAM-0823-26_Questions-30; WK-BHAM-0823-27_Questions-15; WK-BHAM-0823-5_Different-5; WK-BHAM-0923-01_General-05.mov; WK-BHAM-0923-02_Distracted-Cell-Phones-10; WK-BHAM-0923-03_Different-10; WK-BHAM-0923-6_Working Man 30.mov; WK-BHAM-0923-7_Working Man 15.mov; WK-BHAM-1223-04_Hurt-In-A-Wreck.mov,,REVISION CONFLICT - both original and revised exist. Source: 01. January 2024 Traffic Instructions.xlsx,01. January 2024 Traffic Instructions.xlsx,21,,,,Y
WK,HSV,TV,January,2024,,1/1/2024-1/31/2024,Original,,WK-HUNT-0622-03_Commercial-Accident-15B.mpg; WK-HUNT-0622-04_Distracted-Cell-Phones-30.mpg; WK-HUNT-0622-05_Distracted-Cell-Phones-15A.mpg; WK-HUNT-0622-11_Mothers-Wreck-15.mpg; WK-HUNT-0622-18_Premise Injury 30.mpg; WK-HUNT-0622-19_Premise Injury 15a; WK-HUNT-0623-1_Commerical-Accident-30; WK-HUNT-0722-03_Jonathan 30.mpg; WK-HUNT-0722-04_Jonathan 15.mpg; WK-HUNT-0823-10_Mothers-Wreck-30; WK-HUNT-0823-16_Puzzle-30; WK-HUNT-0823-17_Puzzle-15; WK-HUNT-0823-26_Questions-30; WK-HUNT-0823-27_Questions-15; WK-HUNT-0823-5_Different-5; WK-HUNT-0923-01_General-05.mov; WK-HUNT-0923-02_Distracted-Cell-Phones-10; WK-HUNT-0923-03_Different-10; WK-HUNT-0923-6_Working Man 30.mov; WK-HUNT-0923-7_Working Man 15.mov; WK-HUNT-1223-04_Hurt-In-A-Wreck.mov,,REVISION CONFLICT - both original and revised exist. Source: 01. January 2024 Traffic Instructions.xlsx,01. January 2024 Traffic Instructions.xlsx,21,,,,Y
WK,MTG,TV,January,2024,,1/1/2024-1/31/2024,Original,,WK-MONT-0622-03_Commercial-Accident-15B.mpg; WK-MONT-0622-04_Distracted-Cell-Phones-30.mpg; WK-MONT-0622-05_Distracted-Cell-Phones-15A.mpg; WK-MONT-0622-11_Mothers-Wreck-15.mpg; WK-MONT-0622-18_Premise Injury 30.mpg; WK-MONT-0622-19_Premise Injury 15a.mpg; WK-MONT-0623-1_Commerical-Accident-30; WK-MONT-0722-03_Jonathan 30.mpg; WK-MONT-0722-04_Jonathan 15.mpg; WK-MONT-0823-10_Mothers-Wreck-30; WK-MONT-0823-16_Puzzle-30; WK-MONT-0823-17_Puzzle-15; WK-MONT-0823-26_Questions-30; WK-MONT-0823-27_Questions-15; WK-MONT-0823-5_Different-5; WK-MONT-0923-01_General-05.mov; WK-MONT-0923-02_Distracted-Cell-Phones-10; WK-MONT-0923-03_Different-10; WK-MONT-0923-6_Working Man 30.mov; WK-MONT-0923-7_Working Man 15.mov; WK-MONT-1223-04_Hurt-In-A-Wreck.mov,,REVISION CONFLICT - both original and revised exist. Source: 01. January 2024 Traffic Instructions.xlsx,01. January 2024 Traffic Instructions.xlsx,21,,,,Y
WK,DHN,TV,January,2024,,1/1/2024-1/31/2024,Original,,WK-DOTH-0622-03_Commercial-Accident-15B; WK-DOTH-0622-04_Distracted-Cell-Phones-30; WK-DOTH-0622-05_Distracted-Cell-Phones-15B; WK-DOTH-0622-11_Mothers-Wreck-15; WK-DOTH-0622-18_Premise Injury 30; WK-DOTH-0622-19_Premise Injury 15a; WK-DOTH-0622-21R_Things to Do Accident 30; WK-DOTH-0622-22R_Things to Do Accident 15A; WK-DOTH-0623-1_30 Commercial Accident; WK-DOTH-0623-1_30 Different; WK-DOTH-0623-2_15A Different; WK-DOTH-0722-03_Jonathan 30; WK-DOTH-0722-04_Jonathan 15; WK-DOTH-0823-1_Mothers-Wreck-30; WK-DOTH-0823-5_Different-5; WK-DOTH-0923-01_General-05.mov; WK-DOTH-0923-02_Distracted-Cell-Phones-10; WK-DOTH-0923-03_Different-10; WK-DOTH-0923-6_Working Man 30; WK-DOTH-0923-7_Working Man 15.mov; WK-DOTH-1223-04_Hurt-In-A-Wreck.mov,,REVISION CONFLICT - both original and revised exist. Source: 01. January 2024 Traffic Instructions.xlsx,01. January 2024 Traffic Instructions.xlsx,21,,,,Y
WK,CHA,TV,January,2024,,1/1/2024-1/31/2024,Original,,WK-CHAT-0622-03_Commercial-Accident-15B.mpg; WK-CHAT-0622-04_Distracted-Cell-Phones-30.mpg; WK-CHAT-0622-05_Distracted-Cell-Phones-15A.mpg; WK-CHAT-0622-11_Mothers-Wreck-15.mpg; WK-CHAT-0622-18_Premise Injury 30.mpg; WK-CHAT-0622-19_Premise Injury 15a.mpg; WK-CHAT-0623-1_Commercial-Accident-30; WK-CHAT-0722-03_Jonathan 30.mpg; WK-CHAT-0722-04_Jonathan 15.mpg; WK-CHAT-0823-10_Mothers-Wreck-30; WK-CHAT-0823-16_Puzzle-30; WK-CHAT-0823-17_Puzzle-15; WK-CHAT-0823-26_Questions-30; WK-CHAT-0823-27_Questions-15; WK-CHAT-0823-5_Different-5; WK-CHAT-0923-01_General-05.mov; WK-CHAT-0923-02_Distracted-Cell-Phones-10; WK-CHAT-0923-03_Different-10.mov; WK-CHAT-0923-6_Working Man 30.mov; WK-CHAT-0923-7_Working Man 15.mov; WK-CHATT-1223-04_Hurt-In-A-Wreck.mov,,REVISION CONFLICT - both original and revised exist. Source: 01. January 2024 Traffic Instructions.xlsx,01. January 2024 Traffic Instructions.xlsx,21,,,,Y
WK,KNX,TV,January,2024,,1/1/2024-1/31/2024,Original,,WK-KNOX-0622-03_Commercial-Accident-15B.mpg; WK-KNOX-0622-04_Distracted-Cell-Phones-30.mpg; WK-KNOX-0622-05_Distracted-Cell-Phones-15A.mpg; WK-KNOX-0622-11_Mothers-Wreck-15.mpg; WK-KNOX-0622-18_Premise Injury 30.mpg; WK-KNOX-0622-19_Premise Injury 15a.mpg; WK-KNOX-0623-1_Commercial-Accident-30; WK-KNOX-0722-03_Jonathan 30.mpg; WK-KNOX-0722-04_Jonathan 15.mpg; WK-KNOX-0823-10_Mothers-Wreck-30; WK-KNOX-0823-16_Puzzle-30; WK-KNOX-0823-17_Puzzle-15; WK-KNOX-0823-26_Questions-30; WK-KNOX-0823-27_Questions-15; WK-KNOX-0823-5_Different-5; WK-KNOX-0923-01_General-05; WK-KNOX-0923-02_Distracted-Cell-Phones-10; WK-KNOX-0923-03_Different-10; WK-KNOX-0923-6_Working Man 30.mov; WK-KNOX-0923-7_Working Man 15.mov; WK-KNOX-1223-04_Hurt-In-A-Wreck.mov,,REVISION CONFLICT - both original and revised exist. Source: 01. January 2024 Traffic Instructions.xlsx,01. January 2024 Traffic Instructions.xlsx,21,,,,Y
WK,PAN,TV,January,2024,,1/1/2024-1/31/2024,Original,,WK-PANA-0323-CarCrashImage_05; WK-PANA-0522-01_WorkingMan_30.mpg; WK-PANA-0522-02_WorkingMan_15A.mpg; WK-PANA-0622-04_Distracted Cell Phones-30; WK-PANA-0622-05_Distracted-Cell-Phones-15A.mpg; WK-PANA-0622-07_Headlines 18 Wheelers.mpg; WK-PANA-0622-09_Headlines-18-Wheelers-15B.mpg; WK-PANA-0622-11_Mothers-Wreck-15.mpg; WK-PANA-0622-12_Parents 30; WK-PANA-0622-13_Home PC.mpg; WK-PANA-0622-13_Parents 15.mpg; WK-PANA-0622-14_Home-15A.mpg; WK-PANA-0622-18_Premise Injury 30.mpg; WK-PANA-0622-19_Premise Injury 15a.mpg; WK-PANA-0823-10_Mothers-Wreck-30; WK-PANA-0823-16_Puzzle-30; WK-PANA-0823-17_Puzzle-15; WK-PANA-0923-02_Distracted-Cell-Phones-10; WK-PANA-0923-04_General-4; WK-PANA-1223-04_Hurt-In-A-Wreck.mov,,Panama City (inactive market). REVISION CONFLICT - both original and revised exist. Source: 01. January 2024 Traffic Instructions.xlsx,01. January 2024 Traffic Instructions.xlsx,20,,,Y,Y
WK,BRM,TV,January,2024,,1/1/2024-1/31/2024 | 1/1/2024-1/9/2024 | 1/10/2024-1/31/2024,Revised,,WK-BHAM-0622-03_Commercial-Accident-15B.mpg; WK-BHAM-0622-04_Distracted-Cell-Phones-30; WK-BHAM-0622-05_Distracted-Cell-Phones-15A.mpg; WK-BHAM-0622-11_Mothers-Wreck-15.mpg; WK-BHAM-0622-12_Parents 30.mpg; WK-BHAM-0622-13_Parents 15.mpg; WK-BHAM-0622-18_Premise Injury 30; WK-BHAM-0622-19_Premise Injury 15a.mpg; WK-BHAM-0623-1_Commercial-Accident-30; WK-BHAM-0722-03_Jonathan 30; WK-BHAM-0722-04_Jonathan 15.mpg; WK-BHAM-0823-10_Mothers-Wreck-30; WK-BHAM-0823-16_Puzzle-30; WK-BHAM-0823-17_Puzzle-15; WK-BHAM-0823-26_Questions-30; WK-BHAM-0823-27_Questions-15; WK-BHAM-0823-5_Different-5; WK-BHAM-0923-01_General-05.mov; WK-BHAM-0923-02_Distracted-Cell-Phones-10; WK-BHAM-0923-03_Different-10; WK-BHAM-0923-6_Working Man 30.mov; WK-BHAM-0923-7_Working Man 15.mov; WK-BHAM-1223-04_Hurt-In-A-Wreck.mov,,REVISION CONFLICT - both original and revised exist. Source: 01. REVISED January 2024 Traffic Instructions.xlsx,01. REVISED January 2024 Traffic Instructions.xlsx,23,Y,,,Y
WK,HSV,TV,January,2024,,1/1/2024-1/31/2024 | 1/1/2024-1/9/2024 | 1/10/2024-1/31/2024,Revised,,WK-HUNT-0622-03_Commercial-Accident-15B.mpg; WK-HUNT-0622-04_Distracted-Cell-Phones-30.mpg; WK-HUNT-0622-05_Distracted-Cell-Phones-15A.mpg; WK-HUNT-0622-11_Mothers-Wreck-15.mpg; WK-HUNT-0622-12_Parents 30.mpg; WK-HUNT-0622-13_Parents 15.mpg; WK-HUNT-0622-18_Premise Injury 30.mpg; WK-HUNT-0622-19_Premise Injury 15a; WK-HUNT-0623-1_Commerical-Accident-30; WK-HUNT-0722-03_Jonathan 30.mpg; WK-HUNT-0722-04_Jonathan 15.mpg; WK-HUNT-0823-10_Mothers-Wreck-30; WK-HUNT-0823-16_Puzzle-30; WK-HUNT-0823-17_Puzzle-15; WK-HUNT-0823-26_Questions-30; WK-HUNT-0823-27_Questions-15; WK-HUNT-0823-5_Different-5; WK-HUNT-0923-01_General-05.mov; WK-HUNT-0923-02_Distracted-Cell-Phones-10; WK-HUNT-0923-03_Different-10; WK-HUNT-0923-6_Working Man 30.mov; WK-HUNT-0923-7_Working Man 15.mov; WK-HUNT-1223-04_Hurt-In-A-Wreck.mov,,REVISION CONFLICT - both original and revised exist. Source: 01. REVISED January 2024 Traffic Instructions.xlsx,01. REVISED January 2024 Traffic Instructions.xlsx,23,Y,,,Y
WK,MTG,TV,January,2024,,1/1/2024-1/31/2024 | 1/1/2024-1/9/2024 | 1/10/2024-1/31/2024,Revised,,WK-MONT-0622-03_Commercial-Accident-15B.mpg; WK-MONT-0622-04_Distracted-Cell-Phones-30.mpg; WK-MONT-0622-05_Distracted-Cell-Phones-15A.mpg; WK-MONT-0622-11_Mothers-Wreck-15.mpg; WK-MONT-0622-12_Parents 30.mpg; WK-MONT-0622-13_Parents 15.mpg; WK-MONT-0622-18_Premise Injury 30.mpg; WK-MONT-0622-19_Premise Injury 15a.mpg; WK-MONT-0623-1_Commerical-Accident-30; WK-MONT-0722-03_Jonathan 30.mpg; WK-MONT-0722-04_Jonathan 15.mpg; WK-MONT-0823-10_Mothers-Wreck-30; WK-MONT-0823-16_Puzzle-30; WK-MONT-0823-17_Puzzle-15; WK-MONT-0823-26_Questions-30; WK-MONT-0823-27_Questions-15; WK-MONT-0823-5_Different-5; WK-MONT-0923-01_General-05.mov; WK-MONT-0923-02_Distracted-Cell-Phones-10; WK-MONT-0923-03_Different-10; WK-MONT-0923-6_Working Man 30.mov; WK-MONT-0923-7_Working Man 15.mov; WK-MONT-1223-04_Hurt-In-A-Wreck.mov,,REVISION CONFLICT - both original and revised exist. Source: 01. REVISED January 2024 Traffic Instructions.xlsx,01. REVISED January 2024 Traffic Instructions.xlsx,23,Y,,,Y
WK,DHN,TV,January,2024,,1/1/2024-1/31/2024 | 1/1/2024-1/9/2024 | 1/10/2024-1/31/2024,Revised,,WK-DOTH-0622-03_Commercial-Accident-15B; WK-DOTH-0622-04_Distracted-Cell-Phones-30; WK-DOTH-0622-05_Distracted-Cell-Phones-15B; WK-DOTH-0622-11_Mothers-Wreck-15; WK-DOTH-0622-12_Parents 30; WK-DOTH-0622-13_Parents 15; WK-DOTH-0622-18_Premise Injury 30; WK-DOTH-0622-19_Premise Injury 15a; WK-DOTH-0622-21R_Things to Do Accident 30; WK-DOTH-0622-22R_Things to Do Accident 15A; WK-DOTH-0623-1_30 Commercial Accident; WK-DOTH-0623-1_30 Different; WK-DOTH-0623-2_15A Different; WK-DOTH-0722-03_Jonathan 30; WK-DOTH-0722-04_Jonathan 15; WK-DOTH-0823-1_Mothers-Wreck-30; WK-DOTH-0823-5_Different-5; WK-DOTH-0923-01_General-05.mov; WK-DOTH-0923-02_Distracted-Cell-Phones-10; WK-DOTH-0923-03_Different-10; WK-DOTH-0923-6_Working Man 30; WK-DOTH-0923-7_Working Man 15.mov; WK-DOTH-1223-04_Hurt-In-A-Wreck.mov,,REVISION CONFLICT - both original and revised exist. Source: 01. REVISED January 2024 Traffic Instructions.xlsx,01. REVISED January 2024 Traffic Instructions.xlsx,23,Y,,,Y
WK,CHA,TV,January,2024,,1/1/2024-1/31/2024 | 1/1/2024-1/9/2024 | 1/10/2024-1/31/2024,Revised,,WK-CHAT-0622-03_Commercial-Accident-15B.mpg; WK-CHAT-0622-04_Distracted-Cell-Phones-30.mpg; WK-CHAT-0622-05_Distracted-Cell-Phones-15A.mpg; WK-CHAT-0622-11_Mothers-Wreck-15.mpg; WK-CHAT-0622-12_Parents 30.mpg; WK-CHAT-0622-13_Parents 15.mpg; WK-CHAT-0622-18_Premise Injury 30.mpg; WK-CHAT-0622-19_Premise Injury 15a.mpg; WK-CHAT-0623-1_Commercial-Accident-30; WK-CHAT-0722-03_Jonathan 30.mpg; WK-CHAT-0722-04_Jonathan 15.mpg; WK-CHAT-0823-10_Mothers-Wreck-30; WK-CHAT-0823-16_Puzzle-30; WK-CHAT-0823-17_Puzzle-15; WK-CHAT-0823-26_Questions-30; WK-CHAT-0823-27_Questions-15; WK-CHAT-0823-5_Different-5; WK-CHAT-0923-01_General-05.mov; WK-CHAT-0923-02_Distracted-Cell-Phones-10; WK-CHAT-0923-03_Different-10.mov; WK-CHAT-0923-6_Working Man 30.mov; WK-CHAT-0923-7_Working Man 15.mov; WK-CHATT-1223-04_Hurt-In-A-Wreck.mov,,REVISION CONFLICT - both original and revised exist. Source: 01. REVISED January 2024 Traffic Instructions.xlsx,01. REVISED January 2024 Traffic Instructions.xlsx,23,Y,,,Y
WK,KNX,TV,January,2024,,1/1/2024-1/31/2024 | 1/1/2024-1/9/2024 | 1/10/2024-1/31/2024,Revised,,WK-KNOX-0622-03_Commercial-Accident-15B.mpg; WK-KNOX-0622-04_Distracted-Cell-Phones-30.mpg; WK-KNOX-0622-05_Distracted-Cell-Phones-15A.mpg; WK-KNOX-0622-11_Mothers-Wreck-15.mpg; WK-KNOX-0622-12_Parents 30.mpg; WK-KNOX-0622-13_Parents 15.mpg; WK-KNOX-0622-18_Premise Injury 30.mpg; WK-KNOX-0622-19_Premise Injury 15a.mpg; WK-KNOX-0623-1_Commercial-Accident-30; WK-KNOX-0722-03_Jonathan 30.mpg; WK-KNOX-0722-04_Jonathan 15.mpg; WK-KNOX-0823-10_Mothers-Wreck-30; WK-KNOX-0823-16_Puzzle-30; WK-KNOX-0823-17_Puzzle-15; WK-KNOX-0823-26_Questions-30; WK-KNOX-0823-27_Questions-15; WK-KNOX-0823-5_Different-5; WK-KNOX-0923-01_General-05; WK-KNOX-0923-02_Distracted-Cell-Phones-10; WK-KNOX-0923-03_Different-10; WK-KNOX-0923-6_Working Man 30.mov; WK-KNOX-0923-7_Working Man 15.mov; WK-KNOX-1223-04_Hurt-In-A-Wreck.mov,,REVISION CONFLICT - both original and revised exist. Source: 01. REVISED January 2024 Traffic Instructions.xlsx,01. REVISED January 2024 Traffic Instructions.xlsx,23,Y,,,Y
WK,PAN,TV,January,2024,,1/1/2024-2/29/2024,Revised,,WK-PANA-0323-CarCrashImage_05; WK-PANA-0522-01_WorkingMan_30.mpg; WK-PANA-0522-02_WorkingMan_15A.mpg; WK-PANA-0622-04_Distracted Cell Phones-30; WK-PANA-0622-05_Distracted-Cell-Phones-15A.mpg; WK-PANA-0622-07_Headlines 18 Wheelers.mpg; WK-PANA-0622-09_Headlines-18-Wheelers-15B.mpg; WK-PANA-0622-11_Mothers-Wreck-15.mpg; WK-PANA-0622-12_Parents 30; WK-PANA-0622-13_Home PC.mpg; WK-PANA-0622-13_Parents 15.mpg; WK-PANA-0622-14_Home-15A.mpg; WK-PANA-0622-18_Premise Injury 30.mpg; WK-PANA-0622-19_Premise Injury 15a.mpg; WK-PANA-0823-10_Mothers-Wreck-30; WK-PANA-0823-16_Puzzle-30; WK-PANA-0823-17_Puzzle-15; WK-PANA-0923-02_Distracted-Cell-Phones-10; WK-PANA-0923-04_General-4; WK-PANA-1223-04_Hurt-In-A-Wreck.mov,,Panama City (inactive market). REVISION CONFLICT - both original and revised exist. Source: 01. REVISED January 2024 Traffic Instructions.xlsx,01. REVISED January 2024 Traffic Instructions.xlsx,20,Y,,Y,Y
WK,BRM,TV,February,2024,,2/19/2024-4/30/2024,,,WK-BHAM-0224-01_30 Lunch Pail.mpg; WK-BHAM-0224-02_15 Lunch Pail.mpg; WK-BHAM-0224-05_30 Insurance Experts.mpg; WK-BHAM-0224-06_15 Insurance Experts.mpg; WK-BHAM-0224-07_30 Communication.mpg; WK-BHAM-0224-08_15 Communication.mpg; WK-BHAM-0224-09_30 Auto Accidents.mpg; WK-BHAM-0224-10_15 Auto Accidents 15.mpg; WK-BHAM-0224-11_30 Commercial Vehicles.mpg; WK-BHAM-0224-12_15 Commercial Vehicles.mpg; WK-BHAM-0224-13_30 Premises Liability.mpg; WK-BHAM-0224-14_15 Premises Liability.mpg; WK-BHAM-0224-15_15 On The Job Injury.mpg; WK-BHAM-0224-16_30 On The Job Injury.mpg; WK-BHAM-0224-17_30 More To Us.mpg; WK-BHAM-0224-18_15 More To Us.mpg; WK-BHAM-0823-5_Different-5; WK-BHAM-0923-01_General-05.mov; WK-BHAM-0923-02_Distracted-Cell-Phones-10; WK-BHAM-0923-03_Different-10; WK-BHAM-1223-04_Hurt-In-A-Wreck.mov,,Source: 02. February 2024 Traffic Instructions.xlsx,02. February 2024 Traffic Instructions.xlsx,21,,,,
WK,HSV,TV,February,2024,,2/19/2024-4/30/2024,,,WK-HUNT-0224-01_30 Lunch Pail.mpg; WK-HUNT-0224-02_15 Lunch Pail.mpg; WK-HUNT-0224-05_30 Insurance Experts.mpg; WK-HUNT-0224-06_15 Insurance Experts.mpg; WK-HUNT-0224-07_30 Communication.mpg; WK-HUNT-0224-08_15 Communication.mpg; WK-HUNT-0224-09_30 Auto Accidents.mpg; WK-HUNT-0224-10_15 Auto Accidents.mpg; WK-HUNT-0224-11_30 Commercial Vehicles.mpg; WK-HUNT-0224-12_15 Commercial Vehicles.mpg; WK-HUNT-0224-13_30 Premises Liability.mpg; WK-HUNT-0224-14_15 Premises Liability.mpg; WK-HUNT-0224-15_15 On The Job Injury.mpg; WK-HUNT-0224-16_30 On The Job Injury.mpg; WK-HUNT-0224-17_30 More To Us.mpg; WK-HUNT-0224-18_15 More To Us.mpg; WK-HUNT-0823-5_Different-5; WK-HUNT-0923-01_General-05.mov; WK-HUNT-0923-02_Distracted-Cell-Phones-10; WK-HUNT-0923-03_Different-10; WK-HUNT-1223-04_Hurt-In-A-Wreck.mov,,Source: 02. February 2024 Traffic Instructions.xlsx,02. February 2024 Traffic Instructions.xlsx,21,,,,
WK,MTG,TV,February,2024,,2/19/2024-4/30/2024,,,WK-MONT-0224-01_30 Lunch Pail.mpg; WK-MONT-0224-02_15 Lunch Pail.mpg; WK-MONT-0224-05_30 Insurance Experts.mpg; WK-MONT-0224-06_15 Insurance Experts.mpg; WK-MONT-0224-07_30 Communication.mpg; WK-MONT-0224-08_15 Communication.mpg; WK-MONT-0224-09_30 Auto Accidents.mpg; WK-MONT-0224-10_15 Auto Accidents.mpg; WK-MONT-0224-11_30 Commercial Vehicles.mpg; WK-MONT-0224-12_15 Commercial Vehicles.mpg; WK-MONT-0224-13_30 Premises Liability.mpg; WK-MONT-0224-14_15 Premises Liability.mpg; WK-MONT-0224-15_15 On The Job Injury.mpg; WK-MONT-0224-16_30 On The Job Injury.mpg; WK-MONT-0224-17_30 More To Us.mpg; WK-MONT-0224-18_15 More To Us.mpg; WK-MONT-0823-5_Different-5; WK-MONT-0923-01_General-05.mov; WK-MONT-0923-02_Distracted-Cell-Phones-10; WK-MONT-0923-03_Different-10; WK-MONT-1223-04_Hurt-In-A-Wreck.mov,,Source: 02. February 2024 Traffic Instructions.xlsx,02. February 2024 Traffic Instructions.xlsx,21,,,,
WK,DHN,TV,February,2024,,2/19/2024-4/30/2024,,,WK-DOTH-0224-01_30 Lunch Pail.mpg; WK-DOTH-0224-02_15 Lunch Pail.mpg; WK-DOTH-0224-05_30 Insurance Experts.mpg; WK-DOTH-0224-06_15 Insurance Experts.mpg; WK-DOTH-0224-07_30 Communication.mpg; WK-DOTH-0224-08_15 Communication.mpg; WK-DOTH-0224-09_30 Auto Accidents.mpg; WK-DOTH-0224-10_15 Auto Accidents.mpg; WK-DOTH-0224-11_30 Commercial Vehicles.mpg; WK-DOTH-0224-12_15 Commercial Vehicles.mpg; WK-DOTH-0224-13_30 Premises Liability.mpg; WK-DOTH-0224-14_15 Premises Liability.mpg; WK-DOTH-0224-15_15 On The Job Injury.mpg; WK-DOTH-0224-16_30 On The Job Injury.mpg; WK-DOTH-0224-17_30 More To Us.mpg; WK-DOTH-0224-18_15 More To Us.mpg; WK-DOTH-0823-5_Different-5; WK-DOTH-0923-01_General-05.mov; WK-DOTH-0923-02_Distracted-Cell-Phones-10; WK-DOTH-0923-03_Different-10; WK-DOTH-1223-04_Hurt-In-A-Wreck.mov,,Source: 02. February 2024 Traffic Instructions.xlsx,02. February 2024 Traffic Instructions.xlsx,21,,,,
WK,CHA,TV,February,2024,,2/21/2024-4/30/2024,,,WK-CHAT-0224-01_30 Lunch Pail.mpg; WK-CHAT-0224-02_15 Lunch Pail.mpg; WK-CHAT-0224-05_30 Insurance Experts.mpg; WK-CHAT-0224-06_15 Insurance Experts.mpg; WK-CHAT-0224-07_30 Communication.mpg; WK-CHAT-0224-08_15 Communication.mpg; WK-CHAT-0224-09_30 Auto Accidents.mpg; WK-CHAT-0224-10_15 Auto Accidents.mpg; WK-CHAT-0224-11_30 Commercial Vehicles.mpg; WK-CHAT-0224-12_15 Commercial Vehicles.mpg; WK-CHAT-0224-13_30 Premises Liability.mpg; WK-CHAT-0224-14_15 Premises Liability.mpg; WK-CHAT-0224-15_15 On The Job Injury.mpg; WK-CHAT-0224-16_30 On The Job Injury.mpg; WK-CHAT-0224-17_30 More To Us.mpg; WK-CHAT-0224-18_15 More To Us.mpg; WK-CHAT-0823-5_Different-5; WK-CHAT-0923-01_General-05.mov; WK-CHAT-0923-02_Distracted-Cell-Phones-10; WK-CHAT-0923-03_Different-10.mov; WK-CHATT-1223-04_Hurt-In-A-Wreck.mov,,Source: 02. February 2024 Traffic Instructions.xlsx,02. February 2024 Traffic Instructions.xlsx,21,,,,
WK,KNX,TV,February,2024,,2/21/2024-4/30/2024,,,WK-KNOX-0224-01_30 Lunch Pail.mpg; WK-KNOX-0224-02_15 Lunch Pail.mpg; WK-KNOX-0224-05_30 Insurance Experts.mpg; WK-KNOX-0224-06_15 Insurance Experts.mpg; WK-KNOX-0224-07_30 Communication.mpg; WK-KNOX-0224-08_15 Communication.mpg; WK-KNOX-0224-09_30 Auto Accidents.mpg; WK-KNOX-0224-10_15 Auto Accidents.mpg; WK-KNOX-0224-11_30 Commercial Vehicles.mpg; WK-KNOX-0224-12_15 Commercial Vehicles.mpg; WK-KNOX-0224-13_30 Premises Liability.mpg; WK-KNOX-0224-14_15 Premises Liability.mpg; WK-KNOX-0224-15_15 On The Job Injury.mpg; WK-KNOX-0224-16_30 On The Job Injury.mpg; WK-KNOX-0224-17_30 More To Us.mpg; WK-KNOX-0224-18_15 More To Us.mpg; WK-KNOX-0823-5_Different-5; WK-KNOX-0923-01_General-05; WK-KNOX-0923-02_Distracted-Cell-Phones-10; WK-KNOX-0923-03_Different-10; WK-KNOX-1223-04_Hurt-In-A-Wreck.mov,,Source: 02. February 2024 Traffic Instructions.xlsx,02. February 2024 Traffic Instructions.xlsx,21,,,,
WK,PAN,TV,February,2024,,1/1/2024-3/31/2024,,,WK-PANA-0323-CarCrashImage_05; WK-PANA-0522-01_WorkingMan_30.mpg; WK-PANA-0522-02_WorkingMan_15A.mpg; WK-PANA-0622-04_Distracted Cell Phones-30; WK-PANA-0622-05_Distracted-Cell-Phones-15A.mpg; WK-PANA-0622-07_Headlines 18 Wheelers.mpg; WK-PANA-0622-09_Headlines-18-Wheelers-15B.mpg; WK-PANA-0622-11_Mothers-Wreck-15.mpg; WK-PANA-0622-12_Parents 30; WK-PANA-0622-13_Home PC.mpg; WK-PANA-0622-13_Parents 15.mpg; WK-PANA-0622-14_Home-15A.mpg; WK-PANA-0622-18_Premise Injury 30.mpg; WK-PANA-0622-19_Premise Injury 15a.mpg; WK-PANA-0823-10_Mothers-Wreck-30; WK-PANA-0823-16_Puzzle-30; WK-PANA-0823-17_Puzzle-15; WK-PANA-0923-02_Distracted-Cell-Phones-10; WK-PANA-0923-04_General-4; WK-PANA-1223-04_Hurt-In-A-Wreck.mov,,Panama City (inactive market). Source: 02. February 2024 Traffic Instructions.xlsx,02. February 2024 Traffic Instructions.xlsx,20,,,Y,
WK,BRM,TV,March,2024,,2/19/2024-4/30/2024 | 3/4/2024-4/30/2024,,,WK-BHAM-0224-01_30 Lunch Pail.mpg; WK-BHAM-0224-02_15 Lunch Pail.mpg; WK-BHAM-0224-05_30 Insurance Experts.mpg; WK-BHAM-0224-06_15 Insurance Experts.mpg; WK-BHAM-0224-07_30 Communication.mpg; WK-BHAM-0224-08_15 Communication.mpg; WK-BHAM-0224-09_30 Auto Accidents.mpg; WK-BHAM-0224-10_15 Auto Accidents 15.mpg; WK-BHAM-0224-11_30 Commercial Vehicles.mpg; WK-BHAM-0224-12_15 Commercial Vehicles.mpg; WK-BHAM-0224-13_30 Premises Liability.mpg; WK-BHAM-0224-14_15 Premises Liability.mpg; WK-BHAM-0224-15_15 On The Job Injury.mpg; WK-BHAM-0224-16_30 On The Job Injury.mpg; WK-BHAM-0224-17_30 More To Us.mpg; WK-BHAM-0224-18_15 More To Us.mpg; WK-BHAM-0224-91-05_Commercial Vehicles.mpg; WK-BHAM-0224-92-10_Commercial Vehicles.mpg; WK-BHAM-0224-93-05_General Injury.mpg; WK-BHAM-0224-94-10_General Injury.mpg; WK-BHAM-0224-95-05_On The Job Injury.mpg; WK-BHAM-0224-96-10_On The Job Injury.mpg; WK-BHAM-0224-97-05_Premises Liability.mpg; WK-BHAM-0224-98-10_Premises Liability.mpg; WK-BHAM-0224-99-04_General Injury.mpg,,Source: 03. March 2024 Traffic Instructions - NEW AV SPOTS.xlsx,03. March 2024 Traffic Instructions - NEW AV SPOTS.xlsx,25,,,,
WK,HSV,TV,March,2024,,2/19/2024-4/30/2024 | 3/5/2024-4/30/2024,,,WK-HUNT-0224-01_30 Lunch Pail.mpg; WK-HUNT-0224-02_15 Lunch Pail.mpg; WK-HUNT-0224-05_30 Insurance Experts.mpg; WK-HUNT-0224-06_15 Insurance Experts.mpg; WK-HUNT-0224-07_30 Communication.mpg; WK-HUNT-0224-08_15 Communication.mpg; WK-HUNT-0224-09_30 Auto Accidents.mpg; WK-HUNT-0224-10_15 Auto Accidents.mpg; WK-HUNT-0224-11_30 Commercial Vehicles.mpg; WK-HUNT-0224-12_15 Commercial Vehicles.mpg; WK-HUNT-0224-13_30 Premises Liability.mpg; WK-HUNT-0224-14_15 Premises Liability.mpg; WK-HUNT-0224-15_15 On The Job Injury.mpg; WK-HUNT-0224-16_30 On The Job Injury.mpg; WK-HUNT-0224-17_30 More To Us.mpg; WK-HUNT-0224-18_15 More To Us.mpg; WK-HUNT-0224-91-05_Commercial Vehicles.mpg; WK-HUNT-0224-92-10_Commercial Vehicles.mpg; WK-HUNT-0224-93-05_General Injury.mpg; WK-HUNT-0224-94-10_General Injury.mpg; WK-HUNT-0224-95-05_On The Job Injury.mpg; WK-HUNT-0224-96-10_On The Job Injury.mpg; WK-HUNT-0224-97-05_Premises Liability.mpg; WK-HUNT-0224-98-10_Premises Liability.mpg; WK-HUNT-0224-99-04_General Injury.mpg,,Source: 03. March 2024 Traffic Instructions - NEW AV SPOTS.xlsx,03. March 2024 Traffic Instructions - NEW AV SPOTS.xlsx,25,,,,
WK,MTG,TV,March,2024,,2/19/2024-4/30/2024 | 3/5/2024-4/30/2024,,,WK-MONT-0224-01_30 Lunch Pail.mpg; WK-MONT-0224-02_15 Lunch Pail.mpg; WK-MONT-0224-05_30 Insurance Experts.mpg; WK-MONT-0224-06_15 Insurance Experts.mpg; WK-MONT-0224-07_30 Communication.mpg; WK-MONT-0224-08_15 Communication.mpg; WK-MONT-0224-09_30 Auto Accidents.mpg; WK-MONT-0224-10_15 Auto Accidents.mpg; WK-MONT-0224-11_30 Commercial Vehicles.mpg; WK-MONT-0224-12_15 Commercial Vehicles.mpg; WK-MONT-0224-13_30 Premises Liability.mpg; WK-MONT-0224-14_15 Premises Liability.mpg; WK-MONT-0224-15_15 On The Job Injury.mpg; WK-MONT-0224-16_30 On The Job Injury.mpg; WK-MONT-0224-17_30 More To Us.mpg; WK-MONT-0224-18_15 More To Us.mpg; WK-MONT-0224-91-05_Commercial Vehicles.mpg; WK-MONT-0224-92-10_Commercial Vehicles.mpg; WK-MONT-0224-93-05_General Injury.mpg; WK-MONT-0224-94-10_General Injury.mpg; WK-MONT-0224-95-05_On The Job Injury.mpg; WK-MONT-0224-96-10_On The Job Injury.mpg; WK-MONT-0224-97-05_Premises Liability.mpg; WK-MONT-0224-98-10_Premises Liability.mpg; WK-MONT-0224-99-04_General Injury.mpg,,Source: 03. March 2024 Traffic Instructions - NEW AV SPOTS.xlsx,03. March 2024 Traffic Instructions - NEW AV SPOTS.xlsx,25,,,,
WK,DHN,TV,March,2024,,2/19/2024-4/30/2024 | 3/5/2024-4/30/2024,,,WK-DOTH-0224-01_30 Lunch Pail.mpg; WK-DOTH-0224-02_15 Lunch Pail.mpg; WK-DOTH-0224-05_30 Insurance Experts.mpg; WK-DOTH-0224-06_15 Insurance Experts.mpg; WK-DOTH-0224-07_30 Communication.mpg; WK-DOTH-0224-08_15 Communication.mpg; WK-DOTH-0224-09_30 Auto Accidents.mpg; WK-DOTH-0224-10_15 Auto Accidents.mpg; WK-DOTH-0224-11_30 Commercial Vehicles.mpg; WK-DOTH-0224-12_15 Commercial Vehicles.mpg; WK-DOTH-0224-13_30 Premises Liability.mpg; WK-DOTH-0224-14_15 Premises Liability.mpg; WK-DOTH-0224-15_15 On The Job Injury.mpg; WK-DOTH-0224-16_30 On The Job Injury.mpg; WK-DOTH-0224-17_30 More To Us.mpg; WK-DOTH-0224-18_15 More To Us.mpg; WK-DOTH-0224-91-05_Commercial Vehicles.mpg; WK-DOTH-0224-92-10_Commercial Vehicles.mpg; WK-DOTH-0224-93-05_General Injury.mpg; WK-DOTH-0224-94-10_General Injury.mpg; WK-DOTH-0224-95-05_On The Job Injury.mpg; WK-DOTH-0224-96-10_On The Job Injury.mpg; WK-DOTH-0224-97-05_Premises Liability.mpg; WK-DOTH-0224-98-10_Premises Liability.mpg; WK-DOTH-0224-99-04_General Injury.mpg,,Source: 03. March 2024 Traffic Instructions - NEW AV SPOTS.xlsx,03. March 2024 Traffic Instructions - NEW AV SPOTS.xlsx,25,,,,
WK,CHA,TV,March,2024,,2/21/2024-4/30/2024 | 3/5/2024-4/30/2024,,,WK-CHAT-0224-01_30 Lunch Pail.mpg; WK-CHAT-0224-02_15 Lunch Pail.mpg; WK-CHAT-0224-05_30 Insurance Experts.mpg; WK-CHAT-0224-06_15 Insurance Experts.mpg; WK-CHAT-0224-07_30 Communication.mpg; WK-CHAT-0224-08_15 Communication.mpg; WK-CHAT-0224-09_30 Auto Accidents.mpg; WK-CHAT-0224-10_15 Auto Accidents.mpg; WK-CHAT-0224-11_30 Commercial Vehicles.mpg; WK-CHAT-0224-12_15 Commercial Vehicles.mpg; WK-CHAT-0224-13_30 Premises Liability.mpg; WK-CHAT-0224-14_15 Premises Liability.mpg; WK-CHAT-0224-15_15 On The Job Injury.mpg; WK-CHAT-0224-16_30 On The Job Injury.mpg; WK-CHAT-0224-17_30 More To Us.mpg; WK-CHAT-0224-18_15 More To Us.mpg; WK-CHAT-0224-91-05_Commercial Vehicles.mpg; WK-CHAT-0224-92-10_Commercial Vehicles.mpg; WK-CHAT-0224-93-05_General Injury.mpg; WK-CHAT-0224-94-10_General Injury.mpg; WK-CHAT-0224-95-05_On The Job Injury.mpg; WK-CHAT-0224-96-10_On The Job Injury.mpg; WK-CHAT-0224-97-05_Premises Liability.mpg; WK-CHAT-0224-98-10_Premises Liability.mpg; WK-CHAT-0224-99-04_General Injury.mpg,,Source: 03. March 2024 Traffic Instructions - NEW AV SPOTS.xlsx,03. March 2024 Traffic Instructions - NEW AV SPOTS.xlsx,25,,,,
WK,KNX,TV,March,2024,,2/21/2024-4/30/2024 | 3/5/2024-4/30/2024,,,WK-KNOX-0224-01_30 Lunch Pail.mpg; WK-KNOX-0224-02_15 Lunch Pail.mpg; WK-KNOX-0224-05_30 Insurance Experts.mpg; WK-KNOX-0224-06_15 Insurance Experts.mpg; WK-KNOX-0224-07_30 Communication.mpg; WK-KNOX-0224-08_15 Communication.mpg; WK-KNOX-0224-09_30 Auto Accidents.mpg; WK-KNOX-0224-10_15 Auto Accidents.mpg; WK-KNOX-0224-11_30 Commercial Vehicles.mpg; WK-KNOX-0224-12_15 Commercial Vehicles.mpg; WK-KNOX-0224-13_30 Premises Liability.mpg; WK-KNOX-0224-14_15 Premises Liability.mpg; WK-KNOX-0224-15_15 On The Job Injury.mpg; WK-KNOX-0224-16_30 On The Job Injury.mpg; WK-KNOX-0224-17_30 More To Us.mpg; WK-KNOX-0224-18_15 More To Us.mpg; WK-KNOX-0224-91-05_Commercial Vehicles.mpg; WK-KNOX-0224-92-10_Commercial Vehicles.mpg; WK-KNOX-0224-93-05_General Injury.mpg; WK-KNOX-0224-94-10_General Injury.mpg; WK-KNOX-0224-95-05_On The Job Injury.mpg; WK-KNOX-0224-96-10_On The Job Injury.mpg; WK-KNOX-0224-97-05_Premises Liability.mpg; WK-KNOX-0224-98-10_Premises Liability.mpg; WK-KNOX-0224-99-04_General Injury.mpg,,Source: 03. March 2024 Traffic Instructions - NEW AV SPOTS.xlsx,03. March 2024 Traffic Instructions - NEW AV SPOTS.xlsx,25,,,,
WK,PAN,TV,March,2024,,1/1/2024-3/31/2024,,,WK-PANA-0323-CarCrashImage_05; WK-PANA-0522-01_WorkingMan_30.mpg; WK-PANA-0522-02_WorkingMan_15A.mpg; WK-PANA-0622-04_Distracted Cell Phones-30; WK-PANA-0622-05_Distracted-Cell-Phones-15A.mpg; WK-PANA-0622-07_Headlines 18 Wheelers.mpg; WK-PANA-0622-09_Headlines-18-Wheelers-15B.mpg; WK-PANA-0622-11_Mothers-Wreck-15.mpg; WK-PANA-0622-12_Parents 30; WK-PANA-0622-13_Home PC.mpg; WK-PANA-0622-13_Parents 15.mpg; WK-PANA-0622-14_Home-15A.mpg; WK-PANA-0622-18_Premise Injury 30.mpg; WK-PANA-0622-19_Premise Injury 15a.mpg; WK-PANA-0823-10_Mothers-Wreck-30; WK-PANA-0823-16_Puzzle-30; WK-PANA-0823-17_Puzzle-15; WK-PANA-0923-02_Distracted-Cell-Phones-10; WK-PANA-0923-04_General-4; WK-PANA-1223-04_Hurt-In-A-Wreck.mov,,Panama City (inactive market). Source: 03. March 2024 Traffic Instructions - NEW AV SPOTS.xlsx,03. March 2024 Traffic Instructions - NEW AV SPOTS.xlsx,20,,,Y,
WK,BRM,TV,April,2024,,"4/1-4/5, 4/8-4/12, 4/15-4/19, 4/22-4/26, 4/29-5/3, 5/6-10, 5/13-5/17, 5/20-24, 5/27-5/31 | 4/1/2024-6/2/2024 | 4/6-4/7,  4/13-4/14, 4/20-4/21, 4/27-4/28, 5/4-5/5, 5/11-5/12, 5/18-5/19, 5/25-5/26, 6/1-6/2",Original,,WK-BHAM-0224-01_30 Lunch Pail.mpg; WK-BHAM-0224-02_15 Lunch Pail.mpg; WK-BHAM-0224-03_30 Channel Flipping.mpg; WK-BHAM-0224-04_15 Channel Flipping.mpg; WK-BHAM-0224-05_30 Insurance Experts.mpg; WK-BHAM-0224-06_15 Insurance Experts.mpg; WK-BHAM-0224-13_30 Premises Liability.mpg; WK-BHAM-0224-14_15 Premises Liability.mpg; WK-BHAM-0224-15_15 On The Job Injury.mpg; WK-BHAM-0224-16_30 On The Job Injury.mpg; WK-BHAM-0224-91-05_Commercial Vehicles.mpg; WK-BHAM-0224-92-10_Commercial Vehicles.mpg; WK-BHAM-0224-93-05_General Injury.mpg; WK-BHAM-0224-94-10_General Injury.mpg; WK-BHAM-0224-95-05_On The Job Injury.mpg; WK-BHAM-0224-96-10_On The Job Injury.mpg; WK-BHAM-0224-97-05_Premises Liability.mpg; WK-BHAM-0224-98-10_Premises Liability.mpg; WK-BHAM-0224-99-04_General Injury.mpg; WK-BHAM-0324-01_30 Car Wreck.mpg; WK-BHAM-0324-02_15 Car Wreck.mpg; WK-BHAM-0324-03_30 Trucking Accident.mpg; WK-BHAM-0324-04_15 Trucking Accident.mpg; WK-BHAM-0324-05_30 Commercial Accidents.mpg; WK-BHAM-0324-06_15 Commercial Accidents.mpg; WK-BHAM-0324-07 Weekends.mpg,,REVISION CONFLICT - both original and revised exist. Source: 04. April-May 2024 Traffic Instructions.xlsx,04. April-May 2024 Traffic Instructions.xlsx,26,,,,Y
WK,HSV,TV,April,2024,,"4/1-4/5, 4/8-4/12, 4/15-4/19, 4/22-4/26, 4/29-5/3, 5/6-10, 5/13-5/17, 5/20-24, 5/27-5/31 | 4/1/2024-6/2/2024 | 4/6-4/7,  4/13-4/14, 4/20-4/21, 4/27-4/28, 5/4-5/5, 5/11-5/12, 5/18-5/19, 5/25-5/26, 6/1-6/2",Original,,WK-HUNT-0224-01_30 Lunch Pail.mpg; WK-HUNT-0224-02_15 Lunch Pail.mpg; WK-HUNT-0224-03_30 Channel Flipping.mpg; WK-HUNT-0224-04_15 Channel Flipping.mpg; WK-HUNT-0224-05_30 Insurance Experts.mpg; WK-HUNT-0224-06_15 Insurance Experts.mpg; WK-HUNT-0224-13_30 Premises Liability.mpg; WK-HUNT-0224-14_15 Premises Liability.mpg; WK-HUNT-0224-15_15 On The Job Injury.mpg; WK-HUNT-0224-16_30 On The Job Injury.mpg; WK-HUNT-0224-91-05_Commercial Vehicles.mpg; WK-HUNT-0224-92-10_Commercial Vehicles.mpg; WK-HUNT-0224-93-05_General Injury.mpg; WK-HUNT-0224-94-10_General Injury.mpg; WK-HUNT-0224-95-05_On The Job Injury.mpg; WK-HUNT-0224-96-10_On The Job Injury.mpg; WK-HUNT-0224-97-05_Premises Liability.mpg; WK-HUNT-0224-98-10_Premises Liability.mpg; WK-HUNT-0224-99-04_General Injury.mpg; WK-HUNT-0324-01_30 Car Wreck.mpg; WK-HUNT-0324-02_15 Car Wreck.mpg; WK-HUNT-0324-03_30 Trucking Accident.mpg; WK-HUNT-0324-04_15 Trucking Accident.mpg; WK-HUNT-0324-05_30 Commercial Accidents.mpg; WK-HUNT-0324-06_15 Commercial Accidents.mpg; WK-HUNT-0324-07_30 Weekends.mpg,,REVISION CONFLICT - both original and revised exist. Source: 04. April-May 2024 Traffic Instructions.xlsx,04. April-May 2024 Traffic Instructions.xlsx,26,,,,Y
WK,MTG,TV,April,2024,,"4/1-4/5, 4/8-4/12, 4/15-4/19, 4/22-4/26, 4/29-5/3, 5/6-10, 5/13-5/17, 5/20-24, 5/27-5/31 | 4/1/2024-6/2/2024 | 4/6-4/7,  4/13-4/14, 4/20-4/21, 4/27-4/28, 5/4-5/5, 5/11-5/12, 5/18-5/19, 5/25-5/26, 6/1-6/2",Original,,WK-MONT-0224-01_30 Lunch Pail.mpg; WK-MONT-0224-02_15 Lunch Pail.mpg; WK-MONT-0224-03_30 Channel Flipping.mpg; WK-MONT-0224-04_15 Channel Flipping.mpg; WK-MONT-0224-05_30 Insurance Experts.mpg; WK-MONT-0224-06_15 Insurance Experts.mpg; WK-MONT-0224-13_30 Premises Liability.mpg; WK-MONT-0224-14_15 Premises Liability.mpg; WK-MONT-0224-15_15 On The Job Injury.mpg; WK-MONT-0224-16_30 On The Job Injury.mpg; WK-MONT-0224-91-05_Commercial Vehicles.mpg; WK-MONT-0224-92-10_Commercial Vehicles.mpg; WK-MONT-0224-93-05_General Injury.mpg; WK-MONT-0224-94-10_General Injury.mpg; WK-MONT-0224-95-05_On The Job Injury.mpg; WK-MONT-0224-96-10_On The Job Injury.mpg; WK-MONT-0224-97-05_Premises Liability.mpg; WK-MONT-0224-98-10_Premises Liability.mpg; WK-MONT-0224-99-04_General Injury.mpg; WK-MONT-0324-01_30 Car Wreck.mpg; WK-MONT-0324-02_15 Car Wreck.mpg; WK-MONT-0324-03_30 Trucking Accident.mpg; WK-MONT-0324-04_15 Trucking Accident.mpg; WK-MONT-0324-05_30 Commercial Accidents.mpg; WK-MONT-0324-06_15 Commercial Accidents.mpg; WK-MONT-0324-07_30 Weekends.mpg,,REVISION CONFLICT - both original and revised exist. Source: 04. April-May 2024 Traffic Instructions.xlsx,04. April-May 2024 Traffic Instructions.xlsx,26,,,,Y
WK,DHN,TV,April,2024,,"4/1-4/5, 4/8-4/12, 4/15-4/19, 4/22-4/26, 4/29-5/3, 5/6-10, 5/13-5/17, 5/20-24, 5/27-5/31 | 4/1/2024-6/2/2024 | 4/6-4/7,  4/13-4/14, 4/20-4/21, 4/27-4/28, 5/4-5/5, 5/11-5/12, 5/18-5/19, 5/25-5/26, 6/1-6/2",Original,,WK-DOTH-0224-01_30 Lunch Pail.mpg; WK-DOTH-0224-02_15 Lunch Pail.mpg; WK-DOTH-0224-03_30 Channel Flipping.mpg; WK-DOTH-0224-04_15 Channel Flipping.mpg; WK-DOTH-0224-05_30 Insurance Experts.mpg; WK-DOTH-0224-06_15 Insurance Experts.mpg; WK-DOTH-0224-13_30 Premises Liability.mpg; WK-DOTH-0224-14_15 Premises Liability.mpg; WK-DOTH-0224-15_15 On The Job Injury.mpg; WK-DOTH-0224-16_30 On The Job Injury.mpg; WK-DOTH-0224-91-05_Commercial Vehicles.mpg; WK-DOTH-0224-92-10_Commercial Vehicles.mpg; WK-DOTH-0224-93-05_General Injury.mpg; WK-DOTH-0224-94-10_General Injury.mpg; WK-DOTH-0224-95-05_On The Job Injury.mpg; WK-DOTH-0224-96-10_On The Job Injury.mpg; WK-DOTH-0224-97-05_Premises Liability.mpg; WK-DOTH-0224-98-10_Premises Liability.mpg; WK-DOTH-0224-99-04_General Injury.mpg; WK-DOTH-0324-01_30 Car Wreck.mpg; WK-DOTH-0324-02_15 Car Wreck.mpg; WK-DOTH-0324-03_30 Trucking Accident.mpg; WK-DOTH-0324-04_15 Trucking Accident.mpg; WK-DOTH-0324-05_30 Commercial Accidents.mpg; WK-DOTH-0324-06_15 Commercial Accidents.mpg; WK-DOTH-0324-07_30 Weekends.mpg,,REVISION CONFLICT - both original and revised exist. Source: 04. April-May 2024 Traffic Instructions.xlsx,04. April-May 2024 Traffic Instructions.xlsx,26,,,,Y
WK,CHA,TV,April,2024,,"4/1-4/5, 4/8-4/12, 4/15-4/19, 4/22-4/26, 4/29-5/3, 5/6-10, 5/13-5/17, 5/20-24, 5/27-5/31 | 4/1/2024-6/2/2024 | 4/6-4/7,  4/13-4/14, 4/20-4/21, 4/27-4/28, 5/4-5/5, 5/11-5/12, 5/18-5/19, 5/25-5/26, 6/1-6/2",Original,,WK-CHAT-0224-01_30 Lunch Pail.mpg; WK-CHAT-0224-02_15 Lunch Pail.mpg; WK-CHAT-0224-03_30 Channel Flipping.mpg; WK-CHAT-0224-04_15 Channel Flipping.mpg; WK-CHAT-0224-05_30 Insurance Experts.mpg; WK-CHAT-0224-06_15 Insurance Experts.mpg; WK-CHAT-0224-13_30 Premises Liability.mpg; WK-CHAT-0224-14_15 Premises Liability.mpg; WK-CHAT-0224-15_15 On The Job Injury.mpg; WK-CHAT-0224-16_30 On The Job Injury.mpg; WK-CHAT-0224-91-05_Commercial Vehicles.mpg; WK-CHAT-0224-92-10_Commercial Vehicles.mpg; WK-CHAT-0224-93-05_General Injury.mpg; WK-CHAT-0224-94-10_General Injury.mpg; WK-CHAT-0224-95-05_On The Job Injury.mpg; WK-CHAT-0224-96-10_On The Job Injury.mpg; WK-CHAT-0224-97-05_Premises Liability.mpg; WK-CHAT-0224-98-10_Premises Liability.mpg; WK-CHAT-0224-99-04_General Injury.mpg; WK-CHAT-0324-01_30 Car Wreck.mpg; WK-CHAT-0324-02_15 Car Wreck.mpg; WK-CHAT-0324-03_30 Trucking Accident.mpg; WK-CHAT-0324-04_15 Trucking Accident .mpg; WK-CHAT-0324-05_30 Commercial Accidents.mpg; WK-CHAT-0324-06_15 Commercial Accidents.mpg; WK-CHAT-0324-07_30 Weekends.mpg,,REVISION CONFLICT - both original and revised exist. Source: 04. April-May 2024 Traffic Instructions.xlsx,04. April-May 2024 Traffic Instructions.xlsx,26,,,,Y
WK,KNX,TV,April,2024,,"4/1-4/5, 4/8-4/12, 4/15-4/19, 4/22-4/26, 4/29-5/3, 5/6-10, 5/13-5/17, 5/20-24, 5/27-5/31 | 4/1/2024-6/2/2024 | 4/6-4/7,  4/13-4/14, 4/20-4/21, 4/27-4/28, 5/4-5/5, 5/11-5/12, 5/18-5/19, 5/25-5/26, 6/1-6/2",Original,,WK-KNOX-0224-01_30 Lunch Pail.mpg; WK-KNOX-0224-02_15 Lunch Pail.mpg; WK-KNOX-0224-03_30 Channel Flipping.mpg; WK-KNOX-0224-04_15 Channel Flipping.mpg; WK-KNOX-0224-05_30 Insurance Experts.mpg; WK-KNOX-0224-06_15 Insurance Experts.mpg; WK-KNOX-0224-13_30 Premises Liability.mpg; WK-KNOX-0224-14_15 Premises Liability.mpg; WK-KNOX-0224-15_15 On The Job Injury.mpg; WK-KNOX-0224-16_30 On The Job Injury.mpg; WK-KNOX-0224-91-05_Commercial Vehicles.mpg; WK-KNOX-0224-92-10_Commercial Vehicles.mpg; WK-KNOX-0224-93-05_General Injury.mpg; WK-KNOX-0224-94-10_General Injury.mpg; WK-KNOX-0224-95-05_On The Job Injury.mpg; WK-KNOX-0224-96-10_On The Job Injury.mpg; WK-KNOX-0224-97-05_Premises Liability.mpg; WK-KNOX-0224-98-10_Premises Liability.mpg; WK-KNOX-0224-99-04_General Injury.mpg; WK-KNOX-0324-01_30 Car Wreck.mpg; WK-KNOX-0324-02_15 Car Wreck.mpg; WK-KNOX-0324-03_30 Trucking Accident.mpg; WK-KNOX-0324-04_15 Trucking Accident.mpg; WK-KNOX-0324-05_30 Commercial Accidents.mpg; WK-KNOX-0324-06_15 Commercial Accidents.mpg; WK-KNOX-0324-07_30 Weekends.mpg,,REVISION CONFLICT - both original and revised exist. Source: 04. April-May 2024 Traffic Instructions.xlsx,04. April-May 2024 Traffic Instructions.xlsx,26,,,,Y
WK,PAN,TV,April,2024,,4/1/2024-6/2/2024,Original,,WK-PANA-0323-CarCrashImage_05; WK-PANA-0522-01_WorkingMan_30.mpg; WK-PANA-0522-02_WorkingMan_15A.mpg; WK-PANA-0622-04_Distracted Cell Phones-30; WK-PANA-0622-05_Distracted-Cell-Phones-15A.mpg; WK-PANA-0622-07_Headlines 18 Wheelers.mpg; WK-PANA-0622-09_Headlines-18-Wheelers-15B.mpg; WK-PANA-0622-11_Mothers-Wreck-15.mpg; WK-PANA-0622-12_Parents 30; WK-PANA-0622-13_Home PC.mpg; WK-PANA-0622-13_Parents 15.mpg; WK-PANA-0622-14_Home-15A.mpg; WK-PANA-0622-18_Premise Injury 30.mpg; WK-PANA-0622-19_Premise Injury 15a.mpg; WK-PANA-0823-10_Mothers-Wreck-30; WK-PANA-0823-16_Puzzle-30; WK-PANA-0823-17_Puzzle-15; WK-PANA-0923-02_Distracted-Cell-Phones-10; WK-PANA-0923-04_General-4; WK-PANA-1223-04_Hurt-In-A-Wreck.mov,,Panama City (inactive market). REVISION CONFLICT - both original and revised exist. Source: 04. April-May 2024 Traffic Instructions.xlsx,04. April-May 2024 Traffic Instructions.xlsx,20,,,Y,Y
WK,BRM,TV,April,2024,,"4/1-4/5, 4/8-4/12, 4/15-4/19, 4/22-4/26, 4/29-5/3, 5/6-10, 5/13-5/17, 5/20-24, 5/27-5/31 | 4/1/2024-6/2/2024 | 4/6-4/7,  4/13-4/14, 4/20-4/21, 4/27-4/28, 5/4-5/5, 5/11-5/12, 5/18-5/19, 5/25-5/26, 6/1-6/2",Revised,,WK-BHAM-0224-01_30 Lunch Pail.mpg; WK-BHAM-0224-02_15 Lunch Pail.mpg; WK-BHAM-0224-03_30 Channel Flipping.mpg; WK-BHAM-0224-04_15 Channel Flipping.mpg; WK-BHAM-0224-05_30 Insurance Experts.mpg; WK-BHAM-0224-06_15 Insurance Experts.mpg; WK-BHAM-0224-13_30 Premises Liability.mpg; WK-BHAM-0224-14_15 Premises Liability.mpg; WK-BHAM-0224-15_15 On The Job Injury.mpg; WK-BHAM-0224-16_30 On The Job Injury.mpg; WK-BHAM-0224-91-05_Commercial Vehicles.mpg; WK-BHAM-0224-92-10_Commercial Vehicles.mpg; WK-BHAM-0224-93-05_General Injury.mpg; WK-BHAM-0224-94-10_General Injury.mpg; WK-BHAM-0224-95-05_On The Job Injury.mpg; WK-BHAM-0224-96-10_On The Job Injury.mpg; WK-BHAM-0224-97-05_Premises Liability.mpg; WK-BHAM-0224-98-10_Premises Liability.mpg; WK-BHAM-0224-99-04_General Injury.mpg; WK-BHAM-0324-01_30 Car Wreck.mpg; WK-BHAM-0324-02_15 Car Wreck.mpg; WK-BHAM-0324-03_30 Trucking Accident.mpg; WK-BHAM-0324-04_15 Trucking Accident.mpg; WK-BHAM-0324-05_30 Commercial Accidents.mpg; WK-BHAM-0324-06_15 Commercial Accidents.mpg; WK-BHAM-0324-07 Weekends.mpg,,REVISION CONFLICT - both original and revised exist. Source: 04. REVISED April-May 2024 Traffic Instructions.xlsx,04. REVISED April-May 2024 Traffic Instructions.xlsx,26,Y,,,Y
WK,HSV,TV,April,2024,,"4/1-4/5, 4/8-4/12, 4/15-4/19, 4/22-4/26, 4/29-5/3, 5/6-10, 5/13-5/17, 5/20-24, 5/27-5/31 | 4/1/2024-6/2/2024 | 4/6-4/7,  4/13-4/14, 4/20-4/21, 4/27-4/28, 5/4-5/5, 5/11-5/12, 5/18-5/19, 5/25-5/26, 6/1-6/2",Revised,,WK-HUNT-0224-01_30 Lunch Pail.mpg; WK-HUNT-0224-02_15 Lunch Pail.mpg; WK-HUNT-0224-03_30 Channel Flipping.mpg; WK-HUNT-0224-04_15 Channel Flipping.mpg; WK-HUNT-0224-05_30 Insurance Experts.mpg; WK-HUNT-0224-06_15 Insurance Experts.mpg; WK-HUNT-0224-13_30 Premises Liability.mpg; WK-HUNT-0224-14_15 Premises Liability.mpg; WK-HUNT-0224-15_15 On The Job Injury.mpg; WK-HUNT-0224-16_30 On The Job Injury.mpg; WK-HUNT-0224-91-05_Commercial Vehicles.mpg; WK-HUNT-0224-92-10_Commercial Vehicles.mpg; WK-HUNT-0224-93-05_General Injury.mpg; WK-HUNT-0224-94-10_General Injury.mpg; WK-HUNT-0224-95-05_On The Job Injury.mpg; WK-HUNT-0224-96-10_On The Job Injury.mpg; WK-HUNT-0224-97-05_Premises Liability.mpg; WK-HUNT-0224-98-10_Premises Liability.mpg; WK-HUNT-0224-99-04_General Injury.mpg; WK-HUNT-0324-01_30 Car Wreck.mpg; WK-HUNT-0324-02_15 Car Wreck.mpg; WK-HUNT-0324-03_30 Trucking Accident.mpg; WK-HUNT-0324-04_15 Trucking Accident.mpg; WK-HUNT-0324-05_30 Commercial Accidents.mpg; WK-HUNT-0324-06_15 Commercial Accidents.mpg; WK-HUNT-0324-07_30 Weekends.mpg,,REVISION CONFLICT - both original and revised exist. Source: 04. REVISED April-May 2024 Traffic Instructions.xlsx,04. REVISED April-May 2024 Traffic Instructions.xlsx,26,Y,,,Y
WK,MTG,TV,April,2024,,"4/1-4/5, 4/8-4/12, 4/15-4/19, 4/22-4/26, 4/29-5/3, 5/6-10, 5/13-5/17, 5/20-24, 5/27-5/31 | 4/1/2024-6/2/2024 | 4/6-4/7,  4/13-4/14, 4/20-4/21, 4/27-4/28, 5/4-5/5, 5/11-5/12, 5/18-5/19, 5/25-5/26, 6/1-6/2",Revised,,WK-MONT-0224-01_30 Lunch Pail.mpg; WK-MONT-0224-02_15 Lunch Pail.mpg; WK-MONT-0224-03_30 Channel Flipping.mpg; WK-MONT-0224-04_15 Channel Flipping.mpg; WK-MONT-0224-05_30 Insurance Experts.mpg; WK-MONT-0224-06_15 Insurance Experts.mpg; WK-MONT-0224-13_30 Premises Liability.mpg; WK-MONT-0224-14_15 Premises Liability.mpg; WK-MONT-0224-15_15 On The Job Injury.mpg; WK-MONT-0224-16_30 On The Job Injury.mpg; WK-MONT-0224-91-05_Commercial Vehicles.mpg; WK-MONT-0224-92-10_Commercial Vehicles.mpg; WK-MONT-0224-93-05_General Injury.mpg; WK-MONT-0224-94-10_General Injury.mpg; WK-MONT-0224-95-05_On The Job Injury.mpg; WK-MONT-0224-96-10_On The Job Injury.mpg; WK-MONT-0224-97-05_Premises Liability.mpg; WK-MONT-0224-98-10_Premises Liability.mpg; WK-MONT-0224-99-04_General Injury.mpg; WK-MONT-0324-01_30 Car Wreck.mpg; WK-MONT-0324-02_15 Car Wreck.mpg; WK-MONT-0324-03_30 Trucking Accident.mpg; WK-MONT-0324-04_15 Trucking Accident.mpg; WK-MONT-0324-05_30 Commercial Accidents.mpg; WK-MONT-0324-06_15 Commercial Accidents.mpg; WK-MONT-0324-07_30 Weekends.mpg,,REVISION CONFLICT - both original and revised exist. Source: 04. REVISED April-May 2024 Traffic Instructions.xlsx,04. REVISED April-May 2024 Traffic Instructions.xlsx,26,Y,,,Y
WK,DHN,TV,April,2024,,"4/1-4/5, 4/8-4/12, 4/15-4/19, 4/22-4/26, 4/29-5/3, 5/6-10, 5/13-5/17, 5/20-24, 5/27-5/31 | 4/1/2024-6/2/2024 | 4/6-4/7,  4/13-4/14, 4/20-4/21, 4/27-4/28, 5/4-5/5, 5/11-5/12, 5/18-5/19, 5/25-5/26, 6/1-6/2",Revised,,WK-DOTH-0224-01_30 Lunch Pail.mpg; WK-DOTH-0224-02_15 Lunch Pail.mpg; WK-DOTH-0224-03_30 Channel Flipping.mpg; WK-DOTH-0224-04_15 Channel Flipping.mpg; WK-DOTH-0224-05_30 Insurance Experts.mpg; WK-DOTH-0224-06_15 Insurance Experts.mpg; WK-DOTH-0224-13_30 Premises Liability.mpg; WK-DOTH-0224-14_15 Premises Liability.mpg; WK-DOTH-0224-15_15 On The Job Injury.mpg; WK-DOTH-0224-16_30 On The Job Injury.mpg; WK-DOTH-0224-91-05_Commercial Vehicles.mpg; WK-DOTH-0224-92-10_Commercial Vehicles.mpg; WK-DOTH-0224-93-05_General Injury.mpg; WK-DOTH-0224-94-10_General Injury.mpg; WK-DOTH-0224-95-05_On The Job Injury.mpg; WK-DOTH-0224-96-10_On The Job Injury.mpg; WK-DOTH-0224-97-05_Premises Liability.mpg; WK-DOTH-0224-98-10_Premises Liability.mpg; WK-DOTH-0224-99-04_General Injury.mpg; WK-DOTH-0324-01_30 Car Wreck.mpg; WK-DOTH-0324-02_15 Car Wreck.mpg; WK-DOTH-0324-03_30 Trucking Accident.mpg; WK-DOTH-0324-04_15 Trucking Accident.mpg; WK-DOTH-0324-05_30 Commercial Accidents.mpg; WK-DOTH-0324-06_15 Commercial Accidents.mpg; WK-DOTH-0324-07_30 Weekends.mpg,,REVISION CONFLICT - both original and revised exist. Source: 04. REVISED April-May 2024 Traffic Instructions.xlsx,04. REVISED April-May 2024 Traffic Instructions.xlsx,26,Y,,,Y
WK,CHA,TV,April,2024,,"4/1-4/5, 4/8-4/12, 4/15-4/19, 4/22-4/26, 4/29-5/3, 5/6-10, 5/13-5/17, 5/20-24, 5/27-5/31 | 4/1/2024-6/2/2024 | 4/6-4/7,  4/13-4/14, 4/20-4/21, 4/27-4/28, 5/4-5/5, 5/11-5/12, 5/18-5/19, 5/25-5/26, 6/1-6/2",Revised,,WK-CHAT-0224-01_30 Lunch Pail.mpg; WK-CHAT-0224-02_15 Lunch Pail.mpg; WK-CHAT-0224-03_30 Channel Flipping.mpg; WK-CHAT-0224-04_15 Channel Flipping.mpg; WK-CHAT-0224-05_30 Insurance Experts.mpg; WK-CHAT-0224-06_15 Insurance Experts.mpg; WK-CHAT-0224-13_30 Premises Liability.mpg; WK-CHAT-0224-14_15 Premises Liability.mpg; WK-CHAT-0224-15_15 On The Job Injury.mpg; WK-CHAT-0224-16_30 On The Job Injury.mpg; WK-CHAT-0224-91-05_Commercial Vehicles.mpg; WK-CHAT-0224-92-10_Commercial Vehicles.mpg; WK-CHAT-0224-93-05_General Injury.mpg; WK-CHAT-0224-94-10_General Injury.mpg; WK-CHAT-0224-95-05_On The Job Injury.mpg; WK-CHAT-0224-96-10_On The Job Injury.mpg; WK-CHAT-0224-97-05_Premises Liability.mpg; WK-CHAT-0224-98-10_Premises Liability.mpg; WK-CHAT-0224-99-04_General Injury.mpg; WK-CHAT-0324-01_30 Car Wreck.mpg; WK-CHAT-0324-02_15 Car Wreck.mpg; WK-CHAT-0324-03_30 Trucking Accident.mpg; WK-CHAT-0324-04_15 Trucking Accident .mpg; WK-CHAT-0324-05_30 Commercial Accidents.mpg; WK-CHAT-0324-06_15 Commercial Accidents.mpg; WK-CHAT-0324-07_30 Weekends.mpg,,REVISION CONFLICT - both original and revised exist. Source: 04. REVISED April-May 2024 Traffic Instructions.xlsx,04. REVISED April-May 2024 Traffic Instructions.xlsx,26,Y,,,Y
WK,KNX,TV,April,2024,,"4/1-4/5, 4/8-4/12, 4/15-4/19, 4/22-4/26, 4/29-5/3, 5/6-10, 5/13-5/17, 5/20-24, 5/27-5/31 | 4/1/2024-6/2/2024 | 4/6-4/7,  4/13-4/14, 4/20-4/21, 4/27-4/28, 5/4-5/5, 5/11-5/12, 5/18-5/19, 5/25-5/26, 6/1-6/2",Revised,,WK-KNOX-0224-01_30 Lunch Pail.mpg; WK-KNOX-0224-02_15 Lunch Pail.mpg; WK-KNOX-0224-03_30 Channel Flipping.mpg; WK-KNOX-0224-04_15 Channel Flipping.mpg; WK-KNOX-0224-05_30 Insurance Experts.mpg; WK-KNOX-0224-06_15 Insurance Experts.mpg; WK-KNOX-0224-13_30 Premises Liability.mpg; WK-KNOX-0224-14_15 Premises Liability.mpg; WK-KNOX-0224-15_15 On The Job Injury.mpg; WK-KNOX-0224-16_30 On The Job Injury.mpg; WK-KNOX-0224-91-05_Commercial Vehicles.mpg; WK-KNOX-0224-92-10_Commercial Vehicles.mpg; WK-KNOX-0224-93-05_General Injury.mpg; WK-KNOX-0224-94-10_General Injury.mpg; WK-KNOX-0224-95-05_On The Job Injury.mpg; WK-KNOX-0224-96-10_On The Job Injury.mpg; WK-KNOX-0224-97-05_Premises Liability.mpg; WK-KNOX-0224-98-10_Premises Liability.mpg; WK-KNOX-0224-99-04_General Injury.mpg; WK-KNOX-0324-01_30 Car Wreck.mpg; WK-KNOX-0324-02_15 Car Wreck.mpg; WK-KNOX-0324-03_30 Trucking Accident.mpg; WK-KNOX-0324-04_15 Trucking Accident.mpg; WK-KNOX-0324-05_30 Commercial Accidents.mpg; WK-KNOX-0324-06_15 Commercial Accidents.mpg; WK-KNOX-0324-07_30 Weekends.mpg,,REVISION CONFLICT - both original and revised exist. Source: 04. REVISED April-May 2024 Traffic Instructions.xlsx,04. REVISED April-May 2024 Traffic Instructions.xlsx,26,Y,,,Y
WK,PAN,TV,April,2024,,4/1/2024-6/2/2024,Revised,,WK-PANA-0323-CarCrashImage_05; WK-PANA-0522-01_WorkingMan_30.mpg; WK-PANA-0522-02_WorkingMan_15A.mpg; WK-PANA-0622-04_Distracted Cell Phones-30; WK-PANA-0622-05_Distracted-Cell-Phones-15A.mpg; WK-PANA-0622-07_Headlines 18 Wheelers.mpg; WK-PANA-0622-09_Headlines-18-Wheelers-15B.mpg; WK-PANA-0622-11_Mothers-Wreck-15.mpg; WK-PANA-0622-12_Parents 30; WK-PANA-0622-13_Home PC.mpg; WK-PANA-0622-13_Parents 15.mpg; WK-PANA-0622-14_Home-15A.mpg; WK-PANA-0622-18_Premise Injury 30.mpg; WK-PANA-0622-19_Premise Injury 15a.mpg; WK-PANA-0823-10_Mothers-Wreck-30; WK-PANA-0823-16_Puzzle-30; WK-PANA-0823-17_Puzzle-15; WK-PANA-0923-02_Distracted-Cell-Phones-10; WK-PANA-0923-04_General-4; WK-PANA-1223-04_Hurt-In-A-Wreck.mov,,Panama City (inactive market). REVISION CONFLICT - both original and revised exist. Source: 04. REVISED April-May 2024 Traffic Instructions.xlsx,04. REVISED April-May 2024 Traffic Instructions.xlsx,20,Y,,Y,Y
WK,BRM,TV,May,2024,,"4/1/2024-6/2/2024 | 4/29-5/3, 5/6-10, 5/13-5/17, 5/20-24 | 5/25-5/27 | 5/28-5/31 | 5/4-5/5, 5/11-5/12, 5/18-5/19 | 6/1-6/2",,,WK-0524-01-30_Memorial Day 2024.mpg; WK-BHAM-0224-01_30 Lunch Pail.mpg; WK-BHAM-0224-02_15 Lunch Pail.mpg; WK-BHAM-0224-03_30 Channel Flipping.mpg; WK-BHAM-0224-04_15 Channel Flipping.mpg; WK-BHAM-0224-05_30 Insurance Experts.mpg; WK-BHAM-0224-06_15 Insurance Experts.mpg; WK-BHAM-0224-13_30 Premises Liability.mpg; WK-BHAM-0224-14_15 Premises Liability.mpg; WK-BHAM-0224-15_15 On The Job Injury.mpg; WK-BHAM-0224-16_30 On The Job Injury.mpg; WK-BHAM-0224-91-05_Commercial Vehicles.mpg; WK-BHAM-0224-92-10_Commercial Vehicles.mpg; WK-BHAM-0224-93-05_General Injury.mpg; WK-BHAM-0224-94-10_General Injury.mpg; WK-BHAM-0224-95-05_On The Job Injury.mpg; WK-BHAM-0224-96-10_On The Job Injury.mpg; WK-BHAM-0224-97-05_Premises Liability.mpg; WK-BHAM-0224-98-10_Premises Liability.mpg; WK-BHAM-0224-99-04_General Injury.mpg; WK-BHAM-0324-01_30 Car Wreck.mpg; WK-BHAM-0324-02_15 Car Wreck.mpg; WK-BHAM-0324-03_30 Trucking Accident.mpg; WK-BHAM-0324-04_15 Trucking Accident.mpg; WK-BHAM-0324-05_30 Commercial Accidents.mpg; WK-BHAM-0324-06_15 Commercial Accidents.mpg; WK-BHAM-0324-07 Weekends.mpg,,Source: 05. May-June 2024 Traffic Instructions.xlsx,05. May-June 2024 Traffic Instructions.xlsx,27,,,,
WK,HSV,TV,May,2024,,"4/1/2024-6/2/2024 | 4/29-5/3, 5/6-10, 5/13-5/17, 5/20-24 | 5/25-5/27 | 5/28-5/31 | 5/4-5/5, 5/11-5/12, 5/18-5/19 | 6/1-6/2",,,WK-0524-01-30_Memorial Day 2024.mpg; WK-HUNT-0224-01_30 Lunch Pail.mpg; WK-HUNT-0224-02_15 Lunch Pail.mpg; WK-HUNT-0224-03_30 Channel Flipping.mpg; WK-HUNT-0224-04_15 Channel Flipping.mpg; WK-HUNT-0224-05_30 Insurance Experts.mpg; WK-HUNT-0224-06_15 Insurance Experts.mpg; WK-HUNT-0224-13_30 Premises Liability.mpg; WK-HUNT-0224-14_15 Premises Liability.mpg; WK-HUNT-0224-15_15 On The Job Injury.mpg; WK-HUNT-0224-16_30 On The Job Injury.mpg; WK-HUNT-0224-91-05_Commercial Vehicles.mpg; WK-HUNT-0224-92-10_Commercial Vehicles.mpg; WK-HUNT-0224-93-05_General Injury.mpg; WK-HUNT-0224-94-10_General Injury.mpg; WK-HUNT-0224-95-05_On The Job Injury.mpg; WK-HUNT-0224-96-10_On The Job Injury.mpg; WK-HUNT-0224-97-05_Premises Liability.mpg; WK-HUNT-0224-98-10_Premises Liability.mpg; WK-HUNT-0224-99-04_General Injury.mpg; WK-HUNT-0324-01_30 Car Wreck.mpg; WK-HUNT-0324-02_15 Car Wreck.mpg; WK-HUNT-0324-03_30 Trucking Accident.mpg; WK-HUNT-0324-04_15 Trucking Accident.mpg; WK-HUNT-0324-05_30 Commercial Accidents.mpg; WK-HUNT-0324-06_15 Commercial Accidents.mpg; WK-HUNT-0324-07_30 Weekends.mpg,,Source: 05. May-June 2024 Traffic Instructions.xlsx,05. May-June 2024 Traffic Instructions.xlsx,27,,,,
WK,MTG,TV,May,2024,,"4/1/2024-6/2/2024 | 4/29-5/3, 5/6-10, 5/13-5/17, 5/20-24 | 5/25-5/27 | 5/28-5/31 | 5/4-5/5, 5/11-5/12, 5/18-5/19 | 6/1-6/2",,,WK-0524-01-30_Memorial Day 2024.mpg; WK-MONT-0224-01_30 Lunch Pail.mpg; WK-MONT-0224-02_15 Lunch Pail.mpg; WK-MONT-0224-03_30 Channel Flipping.mpg; WK-MONT-0224-04_15 Channel Flipping.mpg; WK-MONT-0224-05_30 Insurance Experts.mpg; WK-MONT-0224-06_15 Insurance Experts.mpg; WK-MONT-0224-13_30 Premises Liability.mpg; WK-MONT-0224-14_15 Premises Liability.mpg; WK-MONT-0224-15_15 On The Job Injury.mpg; WK-MONT-0224-16_30 On The Job Injury.mpg; WK-MONT-0224-91-05_Commercial Vehicles.mpg; WK-MONT-0224-92-10_Commercial Vehicles.mpg; WK-MONT-0224-93-05_General Injury.mpg; WK-MONT-0224-94-10_General Injury.mpg; WK-MONT-0224-95-05_On The Job Injury.mpg; WK-MONT-0224-96-10_On The Job Injury.mpg; WK-MONT-0224-97-05_Premises Liability.mpg; WK-MONT-0224-98-10_Premises Liability.mpg; WK-MONT-0224-99-04_General Injury.mpg; WK-MONT-0324-01_30 Car Wreck.mpg; WK-MONT-0324-02_15 Car Wreck.mpg; WK-MONT-0324-03_30 Trucking Accident.mpg; WK-MONT-0324-04_15 Trucking Accident.mpg; WK-MONT-0324-05_30 Commercial Accidents.mpg; WK-MONT-0324-06_15 Commercial Accidents.mpg; WK-MONT-0324-07_30 Weekends.mpg,,Source: 05. May-June 2024 Traffic Instructions.xlsx,05. May-June 2024 Traffic Instructions.xlsx,27,,,,
WK,DHN,TV,May,2024,,"4/1/2024-6/2/2024 | 4/29-5/3, 5/6-10, 5/13-5/17, 5/20-24 | 5/25-5/27 | 5/28-5/31 | 5/4-5/5, 5/11-5/12, 5/18-5/19 | 6/1-6/2",,,WK-0524-01-30_Memorial Day 2024.mpg; WK-DOTH-0224-01_30 Lunch Pail.mpg; WK-DOTH-0224-02_15 Lunch Pail.mpg; WK-DOTH-0224-03_30 Channel Flipping.mpg; WK-DOTH-0224-04_15 Channel Flipping.mpg; WK-DOTH-0224-05_30 Insurance Experts.mpg; WK-DOTH-0224-06_15 Insurance Experts.mpg; WK-DOTH-0224-13_30 Premises Liability.mpg; WK-DOTH-0224-14_15 Premises Liability.mpg; WK-DOTH-0224-15_15 On The Job Injury.mpg; WK-DOTH-0224-16_30 On The Job Injury.mpg; WK-DOTH-0224-91-05_Commercial Vehicles.mpg; WK-DOTH-0224-92-10_Commercial Vehicles.mpg; WK-DOTH-0224-93-05_General Injury.mpg; WK-DOTH-0224-94-10_General Injury.mpg; WK-DOTH-0224-95-05_On The Job Injury.mpg; WK-DOTH-0224-96-10_On The Job Injury.mpg; WK-DOTH-0224-97-05_Premises Liability.mpg; WK-DOTH-0224-98-10_Premises Liability.mpg; WK-DOTH-0224-99-04_General Injury.mpg; WK-DOTH-0324-01_30 Car Wreck.mpg; WK-DOTH-0324-02_15 Car Wreck.mpg; WK-DOTH-0324-03_30 Trucking Accident.mpg; WK-DOTH-0324-04_15 Trucking Accident.mpg; WK-DOTH-0324-05_30 Commercial Accidents.mpg; WK-DOTH-0324-06_15 Commercial Accidents.mpg; WK-DOTH-0324-07_30 Weekends.mpg,,Source: 05. May-June 2024 Traffic Instructions.xlsx,05. May-June 2024 Traffic Instructions.xlsx,27,,,,
WK,CHA,TV,May,2024,,"4/1/2024-6/2/2024 | 4/29-5/3, 5/6-10, 5/13-5/17, 5/20-24 | 5/25-5/27 | 5/28-5/31 | 5/4-5/5, 5/11-5/12, 5/18-5/19 | 6/1-6/2",,,WK-0524-01-30_Memorial Day 2024.mpg; WK-CHAT-0224-01_30 Lunch Pail.mpg; WK-CHAT-0224-02_15 Lunch Pail.mpg; WK-CHAT-0224-03_30 Channel Flipping.mpg; WK-CHAT-0224-04_15 Channel Flipping.mpg; WK-CHAT-0224-05_30 Insurance Experts.mpg; WK-CHAT-0224-06_15 Insurance Experts.mpg; WK-CHAT-0224-13_30 Premises Liability.mpg; WK-CHAT-0224-14_15 Premises Liability.mpg; WK-CHAT-0224-15_15 On The Job Injury.mpg; WK-CHAT-0224-16_30 On The Job Injury.mpg; WK-CHAT-0224-91-05_Commercial Vehicles.mpg; WK-CHAT-0224-92-10_Commercial Vehicles.mpg; WK-CHAT-0224-93-05_General Injury.mpg; WK-CHAT-0224-94-10_General Injury.mpg; WK-CHAT-0224-95-05_On The Job Injury.mpg; WK-CHAT-0224-96-10_On The Job Injury.mpg; WK-CHAT-0224-97-05_Premises Liability.mpg; WK-CHAT-0224-98-10_Premises Liability.mpg; WK-CHAT-0224-99-04_General Injury.mpg; WK-CHAT-0324-01_30 Car Wreck.mpg; WK-CHAT-0324-02_15 Car Wreck.mpg; WK-CHAT-0324-03_30 Trucking Accident.mpg; WK-CHAT-0324-04_15 Trucking Accident .mpg; WK-CHAT-0324-05_30 Commercial Accidents.mpg; WK-CHAT-0324-06_15 Commercial Accidents.mpg; WK-CHAT-0324-07_30 Weekends.mpg,,Source: 05. May-June 2024 Traffic Instructions.xlsx,05. May-June 2024 Traffic Instructions.xlsx,27,,,,
WK,KNX,TV,May,2024,,"4/1/2024-6/2/2024 | 4/29-5/3, 5/6-10, 5/13-5/17, 5/20-24 | 5/25-5/27 | 5/28-5/31 | 5/4-5/5, 5/11-5/12, 5/18-5/19 | 6/1-6/2",,,WK-0524-01-30_Memorial Day 2024.mpg; WK-KNOX-0224-01_30 Lunch Pail.mpg; WK-KNOX-0224-02_15 Lunch Pail.mpg; WK-KNOX-0224-03_30 Channel Flipping.mpg; WK-KNOX-0224-04_15 Channel Flipping.mpg; WK-KNOX-0224-05_30 Insurance Experts.mpg; WK-KNOX-0224-06_15 Insurance Experts.mpg; WK-KNOX-0224-13_30 Premises Liability.mpg; WK-KNOX-0224-14_15 Premises Liability.mpg; WK-KNOX-0224-15_15 On The Job Injury.mpg; WK-KNOX-0224-16_30 On The Job Injury.mpg; WK-KNOX-0224-91-05_Commercial Vehicles.mpg; WK-KNOX-0224-92-10_Commercial Vehicles.mpg; WK-KNOX-0224-93-05_General Injury.mpg; WK-KNOX-0224-94-10_General Injury.mpg; WK-KNOX-0224-95-05_On The Job Injury.mpg; WK-KNOX-0224-96-10_On The Job Injury.mpg; WK-KNOX-0224-97-05_Premises Liability.mpg; WK-KNOX-0224-98-10_Premises Liability.mpg; WK-KNOX-0224-99-04_General Injury.mpg; WK-KNOX-0324-01_30 Car Wreck.mpg; WK-KNOX-0324-02_15 Car Wreck.mpg; WK-KNOX-0324-03_30 Trucking Accident.mpg; WK-KNOX-0324-04_15 Trucking Accident.mpg; WK-KNOX-0324-05_30 Commercial Accidents.mpg; WK-KNOX-0324-06_15 Commercial Accidents.mpg; WK-KNOX-0324-07_30 Weekends.mpg,,Source: 05. May-June 2024 Traffic Instructions.xlsx,05. May-June 2024 Traffic Instructions.xlsx,27,,,,
WK,PAN,TV,May,2024,,"4/1/2024-6/2/2024 | 4/1/2024-8/2/2024 | 5/1/2024-5/22/2024 | 5/1/2024-5/24/2024 | 5/23/2024-5/24/2024 | 5/23/2024-8/2/2024 | 5/25-5/27 | 5/28-5/31, 6/3-6/7, 6/10-6/14, 6/17-6/21, 6/24-6/28, 7/1-7/5, 7/8-7/12, 7/15-7/19, 7/22-7/26, 7/29-8/2 | 5/28/2024-6/2/2024 | 6/1-6/2, 6/8-6/9, 6/15-6/16, 6/22-6/23, 6/29-6/30, 7/6-7/7, 7/13-7/14, 7/20-7/21, 7/27-7/28",,,WK-0524-01-30_Memorial Day 2024.mpg; WK-PANA-0224-05_30 Insurance Experts.mpg; WK-PANA-0224-06_15 Insurance Experts.mpg; WK-PANA-0224-09_30 Auto Accidents.mpg; WK-PANA-0224-10_15 Auto Accidents.mpg; WK-PANA-0224-13_30 Premises Liability.mpg; WK-PANA-0224-14_15 Premises Liability.mpg; WK-PANA-0323-CarCrashImage_05; WK-PANA-0324-01_30 Car Wreck.mpg; WK-PANA-0324-02_15 Car Wreck.mpg; WK-PANA-0324-05_30 Commercial Accidents.mpg; WK-PANA-0324-06_15 Commercial Accidents.mpg; WK-PANA-0324-07_30 Weekends.mpg; WK-PANA-0522-01_WorkingMan_30.mpg; WK-PANA-0522-02_WorkingMan_15A.mpg; WK-PANA-0622-04_Distracted Cell Phones-30; WK-PANA-0622-05_Distracted-Cell-Phones-15A.mpg; WK-PANA-0622-07_Headlines 18 Wheelers.mpg; WK-PANA-0622-09_Headlines-18-Wheelers-15B.mpg; WK-PANA-0622-11_Mothers-Wreck-15.mpg; WK-PANA-0622-12_Parents 30; WK-PANA-0622-13_Home PC.mpg; WK-PANA-0622-13_Parents 15.mpg; WK-PANA-0622-14_Home-15A.mpg; WK-PANA-0622-18_Premise Injury 30.mpg; WK-PANA-0622-19_Premise Injury 15a.mpg; WK-PANA-0823-10_Mothers-Wreck-30; WK-PANA-0823-16_Puzzle-30; WK-PANA-0823-17_Puzzle-15; WK-PANA-0923-02_Distracted-Cell-Phones-10; WK-PANA-0923-04_General-4; WK-PANA-1223-04_Hurt-In-A-Wreck.mov,,Panama City (inactive market). Source: 05. May-June 2024 Traffic Instructions.xlsx,05. May-June 2024 Traffic Instructions.xlsx,32,,,Y,
WK,BRM,TV,June,2024,,"6/1-6/2, 6/8-6/9, 6/15-6/16, 6/22-6/23, 6/29-6/30 | 6/1/2024-6/30/2024 | 6/3-6/7, 6/10-6/14, 6/17-6/21, 6/24-6/28",,,WK-BHAM-0224-03_30 Channel Flipping.mpg; WK-BHAM-0224-04_15 Channel Flipping.mpg; WK-BHAM-0224-05_30 Insurance Experts.mpg; WK-BHAM-0224-06_15 Insurance Experts.mpg; WK-BHAM-0224-07_30 Communication.mpg; WK-BHAM-0224-08_15 Communication.mpg; WK-BHAM-0224-09_30 Auto Accidents.mpg; WK-BHAM-0224-10_15 Auto Accidents 15.mpg; WK-BHAM-0224-11_30 Commercial Vehicles.mpg; WK-BHAM-0224-12_15 Commercial Vehicles.mpg; WK-BHAM-0224-13_30 Premises Liability.mpg; WK-BHAM-0224-14_15 Premises Liability.mpg; WK-BHAM-0224-15_15 On The Job Injury.mpg; WK-BHAM-0224-16_30 On The Job Injury.mpg; WK-BHAM-0224-17_30 More To Us.mpg; WK-BHAM-0224-18_15 More To Us.mpg; WK-BHAM-0224-91-05_Commercial Vehicles.mpg; WK-BHAM-0224-92-10_Commercial Vehicles.mpg; WK-BHAM-0224-93-05_General Injury.mpg; WK-BHAM-0224-94-10_General Injury.mpg; WK-BHAM-0224-95-05_On The Job Injury.mpg; WK-BHAM-0224-96-10_On The Job Injury.mpg; WK-BHAM-0224-97-05_Premises Liability.mpg; WK-BHAM-0224-98-10_Premises Liability.mpg; WK-BHAM-0224-99-04_General Injury.mpg; WK-BHAM-0324-07 Weekends.mpg,,Source: 06. June 2024 Traffic Instructions.xlsx,06. June 2024 Traffic Instructions.xlsx,26,,,,
WK,HSV,TV,June,2024,,"6/1-6/2, 6/8-6/9, 6/15-6/16, 6/22-6/23, 6/29-6/30 | 6/1/2024-6/30/2024 | 6/3-6/7, 6/10-6/14, 6/17-6/21, 6/24-6/28",,,WK-HUNT-0224-04_15 Channel Flipping.mpg; WK-HUNT-0224-06_15 Insurance Experts.mpg; WK-HUNT-0224-07_30 Communication.mpg; WK-HUNT-0224-08_15 Communication.mpg; WK-HUNT-0224-09_30 Auto Accidents.mpg; WK-HUNT-0224-10_15 Auto Accidents.mpg; WK-HUNT-0224-11_30 Commercial Vehicles.mpg; WK-HUNT-0224-12_15 Commercial Vehicles.mpg; WK-HUNT-0224-13_30 Premises Liability.mpg; WK-HUNT-0224-14_15 Premises Liability.mpg; WK-HUNT-0224-15_15 On The Job Injury.mpg; WK-HUNT-0224-16_30 On The Job Injury.mpg; WK-HUNT-0224-17_30 More To Us.mpg; WK-HUNT-0224-18_15 More To Us.mpg; WK-HUNT-0224-91-05_Commercial Vehicles.mpg; WK-HUNT-0224-92-10_Commercial Vehicles.mpg; WK-HUNT-0224-93-05_General Injury.mpg; WK-HUNT-0224-94-10_General Injury.mpg; WK-HUNT-0224-95-05_On The Job Injury.mpg; WK-HUNT-0224-96-10_On The Job Injury.mpg; WK-HUNT-0224-97-05_Premises Liability.mpg; WK-HUNT-0224-98-10_Premises Liability.mpg; WK-HUNT-0224-99-04_General Injury.mpg; WK-HUNT-0324-04_15 Trucking Accident.mpg; WK-HUNT-0324-07_30 Weekends.mpg,,Source: 06. June 2024 Traffic Instructions.xlsx,06. June 2024 Traffic Instructions.xlsx,25,,,,
WK,MTG,TV,June,2024,,"6/1-6/2, 6/8-6/9, 6/15-6/16, 6/22-6/23, 6/29-6/30 | 6/1/2024-6/30/2024 | 6/3-6/7, 6/10-6/14, 6/17-6/21, 6/24-6/28",,,WK-MONT-0224-04_15 Channel Flipping.mpg; WK-MONT-0224-06_15 Insurance Experts.mpg; WK-MONT-0224-07_30 Communication.mp4; WK-MONT-0224-08_15 Communication.mp4; WK-MONT-0224-09_30 Auto Accidents.mp4; WK-MONT-0224-10_15 Auto Accidents.mpg; WK-MONT-0224-11_30 Commercial Vehicles.mp4; WK-MONT-0224-12_15 Commercial Vehicles.mpg; WK-MONT-0224-13_30 Premises Liability.mpg; WK-MONT-0224-14_15 Premises Liability.mpg; WK-MONT-0224-15_15 On The Job Injury.mpg; WK-MONT-0224-16_30 On The Job Injury.mpg; WK-MONT-0224-17_30 More To Us.mp4; WK-MONT-0224-18_15 More To Us.mp4; WK-MONT-0224-91-05_Commercial Vehicles.mpg; WK-MONT-0224-92-10_Commercial Vehicles.mpg; WK-MONT-0224-93-05_General Injury.mpg; WK-MONT-0224-94-10_General Injury.mpg; WK-MONT-0224-95-05_On The Job Injury.mpg; WK-MONT-0224-96-10_On The Job Injury.mpg; WK-MONT-0224-97-05_Premises Liability.mpg; WK-MONT-0224-98-10_Premises Liability.mpg; WK-MONT-0224-99-04_General Injury.mpg; WK-MONT-0324-07_30 Weekends.mpg,,Source: 06. June 2024 Traffic Instructions.xlsx,06. June 2024 Traffic Instructions.xlsx,24,,,,
WK,DHN,TV,June,2024,,"6/1-6/2, 6/8-6/9, 6/15-6/16, 6/22-6/23, 6/29-6/30 | 6/1/2024-6/30/2024 | 6/3-6/7, 6/10-6/14, 6/17-6/21, 6/24-6/28",,,WK-DOTH-0224-07_30 Communication.mpg; WK-DOTH-0224-08_15 Communication.mpg; WK-DOTH-0224-09_30 Auto Accidents.mpg; WK-DOTH-0224-10_15 Auto Accidents.mpg; WK-DOTH-0224-15_15 On The Job Injury.mpg; WK-DOTH-0224-16_30 On The Job Injury.mpg; WK-DOTH-0224-17_30 More To Us.mpg; WK-DOTH-0224-18_15 More To Us.mpg; WK-DOTH-0224-91-05_Commercial Vehicles.mpg; WK-DOTH-0224-92-10_Commercial Vehicles.mpg; WK-DOTH-0224-93-05_General Injury.mpg; WK-DOTH-0224-94-10_General Injury.mpg; WK-DOTH-0224-99-04_General Injury.mpg; WK-DOTH-0324-07_30 Weekends.mpg,,Source: 06. June 2024 Traffic Instructions.xlsx,06. June 2024 Traffic Instructions.xlsx,14,,,,
WK,CHA,TV,June,2024,,"6/1-6/2, 6/8-6/9, 6/15-6/16, 6/22-6/23, 6/29-6/30 | 6/1/2024-6/30/2024 | 6/3-6/7, 6/10-6/14, 6/17-6/21, 6/24-6/28",,,WK-CHAT-0224-07_30 Communication.mpg; WK-CHAT-0224-08_15 Communication.mpg; WK-CHAT-0224-09_30 Auto Accidents.mpg; WK-CHAT-0224-10_15 Auto Accidents.mpg; WK-CHAT-0224-11_30 Commercial Vehicles.mpg; WK-CHAT-0224-12_15 Commercial Vehicles.mpg; WK-CHAT-0224-13_30 Premises Liability.mpg; WK-CHAT-0224-14_15 Premises Liability.mpg; WK-CHAT-0224-15_15 On The Job Injury.mpg; WK-CHAT-0224-16_30 On The Job Injury.mpg; WK-CHAT-0224-17_30 More To Us.mpg; WK-CHAT-0224-18_15 More To Us.mpg; WK-CHAT-0224-91-05_Commercial Vehicles.mpg; WK-CHAT-0224-92-10_Commercial Vehicles.mpg; WK-CHAT-0224-93-05_General Injury.mpg; WK-CHAT-0224-94-10_General Injury.mpg; WK-CHAT-0224-95-05_On The Job Injury.mpg; WK-CHAT-0224-96-10_On The Job Injury.mpg; WK-CHAT-0224-97-05_Premises Liability.mpg; WK-CHAT-0224-98-10_Premises Liability.mpg; WK-CHAT-0224-99-04_General Injury.mpg; WK-CHAT-0324-07_30 Weekends.mpg,,Source: 06. June 2024 Traffic Instructions.xlsx,06. June 2024 Traffic Instructions.xlsx,22,,,,
WK,KNX,TV,June,2024,,"6/1-6/2, 6/8-6/9, 6/15-6/16, 6/22-6/23, 6/29-6/30 | 6/1/2024-6/30/2024 | 6/3-6/7, 6/10-6/14, 6/17-6/21, 6/24-6/28",,,WK-KNOX-0224-07_30 Communication.mpg; WK-KNOX-0224-08_15 Communication.mpg; WK-KNOX-0224-09_30 Auto Accidents.mpg; WK-KNOX-0224-10_15 Auto Accidents.mpg; WK-KNOX-0224-15_15 On The Job Injury.mpg; WK-KNOX-0224-16_30 On The Job Injury.mpg; WK-KNOX-0224-17_30 More To Us.mpg; WK-KNOX-0224-18_15 More To Us.mpg; WK-KNOX-0224-91-05_Commercial Vehicles.mpg; WK-KNOX-0224-92-10_Commercial Vehicles.mpg; WK-KNOX-0224-93-05_General Injury.mpg; WK-KNOX-0224-94-10_General Injury.mpg; WK-KNOX-0224-99-04_General Injury.mpg; WK-KNOX-0324-07_30 Weekends.mpg,,Source: 06. June 2024 Traffic Instructions.xlsx,06. June 2024 Traffic Instructions.xlsx,14,,,,
WK,PAN,TV,June,2024,,"4/1/2024-8/2/2024 | 5/1/2024-5/22/2024 | 5/23/2024-5/24/2024 | 5/23/2024-8/2/2024 | 5/25-5/27 | 5/28-5/31, 6/3-6/7, 6/10-6/14, 6/17-6/21, 6/24-6/28, 7/1-7/5, 7/8-7/12, 7/15-7/19, 7/22-7/26, 7/29-8/2 | 6/1-6/2, 6/8-6/9, 6/15-6/16, 6/22-6/23, 6/29-6/30, 7/6-7/7, 7/13-7/14, 7/20-7/21, 7/27-7/28",,,WK-0524-01-30_Memorial Day 2024.mpg; WK-PANA-0224-05_30 Insurance Experts.mpg; WK-PANA-0224-06_15 Insurance Experts.mpg; WK-PANA-0224-09_30 Auto Accidents.mpg; WK-PANA-0224-10_15 Auto Accidents.mpg; WK-PANA-0224-13_30 Premises Liability.mpg; WK-PANA-0224-14_15 Premises Liability.mpg; WK-PANA-0323-CarCrashImage_05; WK-PANA-0324-01_30 Car Wreck.mpg; WK-PANA-0324-02_15 Car Wreck.mpg; WK-PANA-0324-05_30 Commercial Accidents.mpg; WK-PANA-0324-06_15 Commercial Accidents.mpg; WK-PANA-0324-07_30 Weekends.mpg; WK-PANA-0522-01_WorkingMan_30.mpg; WK-PANA-0622-04_Distracted Cell Phones-30; WK-PANA-0622-07_Headlines 18 Wheelers.mpg; WK-PANA-0622-12_Parents 30; WK-PANA-0622-13_Home PC.mpg; WK-PANA-0622-14_Home-15A.mpg; WK-PANA-0622-18_Premise Injury 30.mpg; WK-PANA-0823-10_Mothers-Wreck-30; WK-PANA-0823-16_Puzzle-30; WK-PANA-0923-02_Distracted-Cell-Phones-10; WK-PANA-0923-04_General-4; WK-PANA-1223-04_Hurt-In-A-Wreck.mov,,Panama City (inactive market). Source: 06. June 2024 Traffic Instructions.xlsx,06. June 2024 Traffic Instructions.xlsx,25,,,Y,
WK,BRM,TV,July,2024,,"7/1-7/5, 7/8-7/12, 7/15-7/19, 7/22-7/26, 7/29-8/2 | 7/1/2024-7/31/2024 | 7/6-7/7, 7/13-7/14, 7/20-7/21, 7/27-7/28",,,WK-BHAM-0224-01_30 Lunch Pail.mpg; WK-BHAM-0224-02_15 Lunch Pail.mpg; WK-BHAM-0224-07_30 Communication.mpg; WK-BHAM-0224-08_15 Communication.mpg; WK-BHAM-0224-13_30 Premises Liability.mpg; WK-BHAM-0224-14_15 Premises Liability.mpg; WK-BHAM-0224-15_15 On The Job Injury.mpg; WK-BHAM-0224-16_30 On The Job Injury.mpg; WK-BHAM-0224-18_15 More To Us.mpg; WK-BHAM-0224-93-05_General Injury.mpg; WK-BHAM-0224-94-10_General Injury.mpg; WK-BHAM-0224-95-05_On The Job Injury.mpg; WK-BHAM-0224-96-10_On The Job Injury.mpg; WK-BHAM-0224-99-04_General Injury.mpg; WK-BHAM-0324-01_30 Car Wreck.mpg; WK-BHAM-0324-02_15 Car Wreck.mpgmpg; WK-BHAM-0324-03_30 Trucking Accident.mpg; WK-BHAM-0324-04_15 Trucking Accident.mpg; WK-BHAM-0324-07 Weekends.mpg,,Source: 07. July 2024 Traffic Instructions.xlsx,07. July 2024 Traffic Instructions.xlsx,19,,,,
WK,HSV,TV,July,2024,,"7/1-7/5, 7/8-7/12, 7/15-7/19, 7/22-7/26, 7/29-8/2 | 7/1/2024-7/31/2024 | 7/6-7/7, 7/13-7/14, 7/20-7/21, 7/27-7/28",,,WK-HUNT-0224-01_30 Lunch Pail.mpg; WK-HUNT-0224-02_15 Lunch Pail.mpg; WK-HUNT-0224-07_30 Communication.mpg; WK-HUNT-0224-08_15 Communication.mpg; WK-HUNT-0224-13_30 Premises Liability.mpg; WK-HUNT-0224-14_15 Premises Liability.mpg; WK-HUNT-0224-15_15 On The Job Injury.mpg; WK-HUNT-0224-16_30 On The Job Injury.mpg; WK-HUNT-0224-93-05_General Injury.mpg; WK-HUNT-0224-94-10_General Injury.mpg; WK-HUNT-0224-95-05_On The Job Injury.mpg; WK-HUNT-0224-96-10_On The Job Injury.mpg; WK-HUNT-0224-99-04_General Injury.mpg; WK-HUNT-0324-01_30 Car Wreck.mpg; WK-HUNT-0324-02_15 Car Wreck.mpg; WK-HUNT-0324-03_30 Trucking Accident.mpg; WK-HUNT-0324-04_15 Trucking Accident.mpg; WK-HUNT-0324-07_30 Weekends.mpg,,Source: 07. July 2024 Traffic Instructions.xlsx,07. July 2024 Traffic Instructions.xlsx,18,,,,
WK,MTG,TV,July,2024,,"7/1-7/5, 7/8-7/12, 7/15-7/19, 7/22-7/26, 7/29-8/2 | 7/1/2024-7/31/2024 | 7/6-7/7, 7/13-7/14, 7/20-7/21, 7/27-7/28",,,WK-MONT-0224-01_30 Lunch Pail.mpg; WK-MONT-0224-02_15 Lunch Pail.mpg; WK-MONT-0224-07_30 Communication.mpg; WK-MONT-0224-08_15 Communication.mpg; WK-MONT-0224-13_30 Premises Liability.mpg; WK-MONT-0224-14_15 Premises Liability.mp4; WK-MONT-0224-15_15 On The Job Injury.mpg; WK-MONT-0224-16_30 On The Job Injury.mpg; WK-MONT-0224-93-05_General Injury.mpg; WK-MONT-0224-94-10_General Injury.mpg; WK-MONT-0224-95-05_On The Job Injury.mpg; WK-MONT-0224-96-10_On The Job Injury.mpg; WK-MONT-0224-99-04_General Injury.mpg; WK-MONT-0324-01_30 Car Wreck.mpg; WK-MONT-0324-02_15 Car Wreck.mpg; WK-MONT-0324-03_30 Trucking Accident.mpg; WK-MONT-0324-04_15 Trucking Accident.mpg; WK-MONT-0324-07_30 Weekends.mpg,,Source: 07. July 2024 Traffic Instructions.xlsx,07. July 2024 Traffic Instructions.xlsx,18,,,,
WK,DHN,TV,July,2024,,"7/1-7/5, 7/8-7/12, 7/15-7/19, 7/22-7/26, 7/29-8/2 | 7/1/2024-7/31/2024 | 7/6-7/7, 7/13-7/14, 7/20-7/21, 7/27-7/28",,,WK-DOTH-0224-01_30 Lunch Pail.mpg; WK-DOTH-0224-02_15 Lunch Pail.mpg; WK-DOTH-0224-15_15 On The Job Injury.mpg; WK-DOTH-0224-16_30 On The Job Injury.mpg; WK-DOTH-0224-91-05_Commercial Vehicles.mpg; WK-DOTH-0224-92-10_Commercial Vehicles.mpg; WK-DOTH-0224-93-05_General Injury.mpg; WK-DOTH-0224-94-10_General Injury.mpg; WK-DOTH-0224-99-04_General Injury.mpg; WK-DOTH-0324-01_30 Car Wreck.mpg; WK-DOTH-0324-02_15 Car Wreck.mpg; WK-DOTH-0324-03_30 Trucking Accident.mpg; WK-DOTH-0324-04_15 Trucking Accident.mpg; WK-DOTH-0324-07_30 Weekends.mpg,,Source: 07. July 2024 Traffic Instructions.xlsx,07. July 2024 Traffic Instructions.xlsx,14,,,,
WK,CHA,TV,July,2024,,"7/1-7/5, 7/8-7/12, 7/15-7/19, 7/22-7/26, 7/29-8/2 | 7/1/2024-7/31/2024 | 7/6-7/7, 7/13-7/14, 7/20-7/21, 7/27-7/28",,,WK-CHAT-0224-03_30 Channel Flipping.mpg; WK-CHAT-0224-04_15 Channel Flipping.mpg; WK-CHAT-0224-05_30 Insurance Experts.mpg; WK-CHAT-0224-06_15 Insurance Experts.mpg; WK-CHAT-0224-13_30 Premises Liability.mpg; WK-CHAT-0224-14_15 Premises Liability.mpg; WK-CHAT-0224-15_15 On The Job Injury.mpg; WK-CHAT-0224-16_30 On The Job Injury.mpg; WK-CHAT-0224-93-05_General Injury.mpg; WK-CHAT-0224-94-10_General Injury.mpg; WK-CHAT-0224-95-05_On The Job Injury.mpg; WK-CHAT-0224-96-10_On The Job Injury.mpg; WK-CHAT-0224-99-04_General Injury.mpg; WK-CHAT-0324-01_30 Car Wreck.mpg; WK-CHAT-0324-02_15 Car Wreck.mpg; WK-CHAT-0324-03_30 Trucking Accident.mpg; WK-CHAT-0324-04_15 Trucking Accident .mpg; WK-CHAT-0324-07_30 Weekends.mpg,,Source: 07. July 2024 Traffic Instructions.xlsx,07. July 2024 Traffic Instructions.xlsx,18,,,,
WK,KNX,TV,July,2024,,"7/1-7/5, 7/8-7/12, 7/15-7/19, 7/22-7/26, 7/29-8/2 | 7/1/2024-7/31/2024 | 7/6-7/7, 7/13-7/14, 7/20-7/21, 7/27-7/28",,,WK-KNOX-0224-05_30 Insurance Experts.mpg; WK-KNOX-0224-06_15 Insurance Experts.mpg; WK-KNOX-0224-09_30 Auto Accidents.mpg; WK-KNOX-0224-15_15 On The Job Injury.mpg; WK-KNOX-0224-16_30 On The Job Injury.mpg; WK-KNOX-0224-93-05_General Injury.mpg; WK-KNOX-0224-94-10_General Injury.mpg; WK-KNOX-0224-95-05_On The Job Injury.mpg; WK-KNOX-0224-96-10_On The Job Injury.mpg; WK-KNOX-0224-99-04_General Injury.mpg; WK-KNOX-0324-01_30 Car Wreck.mpg; WK-KNOX-0324-02_15 Car Wreck.mpg; WK-KNOX-0324-03_30 Trucking Accident.mpg; WK-KNOX-0324-04_15 Trucking Accident.mpg; WK-KNOX-0324-07_30 Weekends.mpg,,Source: 07. July 2024 Traffic Instructions.xlsx,07. July 2024 Traffic Instructions.xlsx,15,,,,
WK,PAN,TV,July,2024,,"7/1-7/5, 7/8-7/12, 7/15-7/19, 7/22-7/26, 7/29-8/2 | 7/1/2024-7/31/2024 | 7/6-7/7, 7/13-7/14, 7/20-7/21, 7/27-7/28",,,WK-PANA-0224-01_30 Lunch Pail.mpg; WK-PANA-0224-02_15 Lunch Pail.mpg; WK-PANA-0224-08_15 Communication.mpg; WK-PANA-0224-11_30 Commercial Vehicles.mpg; WK-PANA-0224-12_15 Commercial Vehicles.mpg; WK-PANA-0224-15_15 On The Job Injury.mpg; WK-PANA-0224-16_30 On The Job Injury.mpg; WK-PANA-0224-18_15 More To Us.mpg; WK-PANA-0224-86-04_Premises Liability.mpg; WK-PANA-0224-91-05_Commercial Vehicles.mpg; WK-PANA-0224-92-10_Commercial Vehicles.mpg; WK-PANA-0324-01_30 Car Wreck.mpg; WK-PANA-0324-02_15 Car Wreck.mpg; WK-PANA-0324-07_30 Weekends.mpg,,Panama City (inactive market). Source: 07. July 2024 Traffic Instructions.xlsx,07. July 2024 Traffic Instructions.xlsx,14,,,Y,
WK,BRM,TV,August,2024,,"8/1-8/2,8/5-8/9, 8/12-8/16, 8/19-8/23, 8/26-8/30 | 8/1/2024-8/31/2024 | 8/3-8/4, 8/10-8/11, 8/17-8/18, 8/24-8/25, 8/31-9/1",,,WK-BHAM-0224-04_15 Channel Flipping; WK-BHAM-0224-05_30 Insurance Experts; WK-BHAM-0224-06_15 Insurance Experts; WK-BHAM-0224-09_30 Auto Accidents; WK-BHAM-0224-10_15 Auto Accidents 15; WK-BHAM-0224-11_30 Commercial Vehicles; WK-BHAM-0224-12_15 Commercial Vehicles; WK-BHAM-0224-13_30 Premises Liability.mpg; WK-BHAM-0224-14_15 Premises Liability.mpg; WK-BHAM-0224-15_15 On The Job Injury.mpg; WK-BHAM-0224-16_30 On The Job Injury.mpg; WK-BHAM-0224-17_30 More To Us; WK-BHAM-0224-18_15 More To Us.mpg; WK-BHAM-0224-91-05_Commercial Vehicles; WK-BHAM-0224-92-10_Commercial Vehicles; WK-BHAM-0224-93-05_General Injury.mpg; WK-BHAM-0224-94-10_General Injury.mpg; WK-BHAM-0224-99-04_General Injury.mpg; WK-BHAM-0324-04_15 Trucking Accident; WK-BHAM-0324-07 Weekends.mpg,,Source: 08. August 2024 Traffic Instructions.xlsx,08. August 2024 Traffic Instructions.xlsx,20,,,,
WK,HSV,TV,August,2024,,"8/1-8/2,8/5-8/9, 8/12-8/16, 8/19-8/23, 8/26-8/30 | 8/1/2024-8/31/2024 | 8/3-8/4, 8/10-8/11, 8/17-8/18, 8/24-8/25, 8/31-9/1",,,WK-HUNT-0224-05_30 Insurance Experts; WK-HUNT-0224-06_15 Insurance Experts; WK-HUNT-0224-09_30 Auto Accidents; WK-HUNT-0224-10_15 Auto Accidents; WK-HUNT-0224-11_30 Commercial Vehicles; WK-HUNT-0224-12_15 Commercial Vehicles; WK-HUNT-0224-13_30 Premises Liability.mpg; WK-HUNT-0224-14_15 Premises Liability.mpg; WK-HUNT-0224-15_15 On The Job Injury.mpg; WK-HUNT-0224-16_30 On The Job Injury.mpg; WK-HUNT-0224-17_30 More To Us; WK-HUNT-0224-18_15 More To Us; WK-HUNT-0224-91-05_Commercial Vehicles; WK-HUNT-0224-92-10_Commercial Vehicles; WK-HUNT-0224-93-05_General Injury.mpg; WK-HUNT-0224-94-10_General Injury.mpg; WK-HUNT-0224-99-04_General Injury.mpg; WK-HUNT-0324-07_30 Weekends.mpg,,Source: 08. August 2024 Traffic Instructions.xlsx,08. August 2024 Traffic Instructions.xlsx,18,,,,
WK,MTG,TV,August,2024,,"8/1-8/2,8/5-8/9, 8/12-8/16, 8/19-8/23, 8/26-8/30 | 8/1/2024-8/31/2024 | 8/3-8/4, 8/10-8/11, 8/17-8/18, 8/24-8/25, 8/31-9/1",,,WK-MONT-0224-05_30 Insurance Experts; WK-MONT-0224-06_15 Insurance Experts; WK-MONT-0224-09_30 Auto Accidents; WK-MONT-0224-10_15 Auto Accidents; WK-MONT-0224-11_30 Commercial Vehicles; WK-MONT-0224-13_30 Premises Liability.mpg; WK-MONT-0224-14_15 Premises Liability.mp4; WK-MONT-0224-15_15 On The Job Injury.mpg; WK-MONT-0224-16_30 On The Job Injury.mpg; WK-MONT-0224-17_30 More To Us; WK-MONT-0224-18_15 More To Us; WK-MONT-0224-91-05_Commercial Vehicles; WK-MONT-0224-92-10_Commercial Vehicles; WK-MONT-0224-93-05_General Injury.mpg; WK-MONT-0224-94-10_General Injury.mpg; WK-MONT-0224-99-04_General Injury.mpg; WK-MONT-0324-04_15 Trucking Accident.mpg; WK-MONT-0324-07_30 Weekends.mpg,,Source: 08. August 2024 Traffic Instructions.xlsx,08. August 2024 Traffic Instructions.xlsx,18,,,,
WK,DHN,TV,August,2024,,"8/1-8/2,8/5-8/9, 8/12-8/16, 8/19-8/23, 8/26-8/30 | 8/1/2024-8/31/2024 | 8/3-8/4, 8/10-8/11, 8/17-8/18, 8/24-8/25, 8/31-9/1",,,WK-DOTH-0224-06_15 Insurance Experts; WK-DOTH-0224-09_30 Auto Accidents; WK-DOTH-0224-10_15 Auto Accidents; WK-DOTH-0224-13_30 Premises Liability; WK-DOTH-0224-14_15 Premises Liability; WK-DOTH-0224-15_15 On The Job Injury.mpg; WK-DOTH-0224-16_30 On The Job Injury.mpg; WK-DOTH-0224-17_30 More To Us; WK-DOTH-0224-18_15 More To Us; WK-DOTH-0224-91-05_Commercial Vehicles.mpg; WK-DOTH-0224-92-10_Commercial Vehicles.mpg; WK-DOTH-0224-93-05_General Injury.mpg; WK-DOTH-0224-94-10_General Injury.mpg; WK-DOTH-0224-99-04_General Injury.mpg; WK-DOTH-0324-07_30 Weekends.mpg,,Source: 08. August 2024 Traffic Instructions.xlsx,08. August 2024 Traffic Instructions.xlsx,15,,,,
WK,CHA,TV,August,2024,,"8/1-8/2,8/5-8/9, 8/12-8/16, 8/19-8/23, 8/26-8/30 | 8/1/2024-8/31/2024 | 8/3-8/4, 8/10-8/11, 8/17-8/18, 8/24-8/25, 8/31-9/1",,,WK-CHAT-0224-04_15 Channel Flipping.mpg; WK-CHAT-0224-05_30 Insurance Experts.mpg; WK-CHAT-0224-09_30 Auto Accidents; WK-CHAT-0224-10_15 Auto Accidents; WK-CHAT-0224-13_30 Premises Liability.mpg; WK-CHAT-0224-14_15 Premises Liability.mpg; WK-CHAT-0224-15_15 On The Job Injury.mpg; WK-CHAT-0224-16_30 On The Job Injury.mpg; WK-CHAT-0224-17_30 More To Us.mpg; WK-CHAT-0224-18_15 More To Us; WK-CHAT-0224-91-05_Commercial Vehicles; WK-CHAT-0224-92-10_Commercial Vehicles; WK-CHAT-0224-93-05_General Injury.mpg; WK-CHAT-0224-94-10_General Injury.mpg; WK-CHAT-0224-99-04_General Injury.mpg; WK-CHAT-0324-04_15 Trucking Accident .mpg; WK-CHAT-0324-05_30 Commercial Accidents; WK-CHAT-0324-07_30 Weekends.mpg,,Source: 08. August 2024 Traffic Instructions.xlsx,08. August 2024 Traffic Instructions.xlsx,18,,,,
WK,KNX,TV,August,2024,,"8/1-8/2,8/5-8/9, 8/12-8/16, 8/19-8/23, 8/26-8/30 | 8/1/2024-8/31/2024 | 8/3-8/4, 8/10-8/11, 8/17-8/18, 8/24-8/25, 8/31-9/1",,,WK-KNOX-0224-05_30 Insurance Experts.mpg; WK-KNOX-0224-09_30 Auto Accidents; WK-KNOX-0224-09_30 Auto Accidents.mpg; WK-KNOX-0224-14_15 Premises Liability; WK-KNOX-0224-15_15 On The Job Injury.mpg; WK-KNOX-0224-16_30 On The Job Injury.mpg; WK-KNOX-0224-18_15 More To Us; WK-KNOX-0224-91-05_Commercial Vehicles.mpg; WK-KNOX-0224-92-10_Commercial Vehicles.mpg; WK-KNOX-0224-93-05_General Injury.mpg; WK-KNOX-0224-94-10_General Injury.mpg; WK-KNOX-0224-99-04_General Injury.mpg; WK-KNOX-0324-04_15 Trucking Accident.mpg; WK-KNOX-0324-05_30 Commercial Accidents; WK-KNOX-0324-07_30 Weekends.mpg,,Source: 08. August 2024 Traffic Instructions.xlsx,08. August 2024 Traffic Instructions.xlsx,15,,,,
WK,PAN,TV,August,2024,,"8/1-8/2,8/5-8/9, 8/12-8/16, 8/19-8/23, 8/26-8/30 | 8/1/2024-8/31/2024 | 8/3-8/4, 8/10-8/11, 8/17-8/18, 8/24-8/25, 8/31-9/1",,,WK-PANA-0224-06_15 Insurance Experts; WK-PANA-0224-08_15 Communication.mpg; WK-PANA-0224-09_30 Auto Accidents; WK-PANA-0224-10_15 Auto Accidents; WK-PANA-0224-11_30 Commercial Vehicles.mpg; WK-PANA-0224-12_15 Commercial Vehicles.mpg; WK-PANA-0224-13_30 Premises Liability; WK-PANA-0224-14_15 Premises Liability; WK-PANA-0224-17_30 More To Us; WK-PANA-0224-18_15 More To Us.mpg; WK-PANA-0224-86-04_Premises Liability.mpg; WK-PANA-0224-91-05_Commercial Vehicles.mpg; WK-PANA-0224-92-10_Commercial Vehicles.mpg; WK-PANA-0324-07_30 Weekends.mpg,,Panama City (inactive market). Source: 08. August 2024 Traffic Instructions.xlsx,08. August 2024 Traffic Instructions.xlsx,14,,,Y,
WK,BRM,TV,September,2024,,"8/1/2024-8/31/2024 | 8/31-9/1, 9/7-9/8, 9/14-9/15, 9/21-9/22, 9/28-9/29 | 9/1/2024-9/30/2024 | 9/2-9/6, 9/9-9/13, 9/16-9/20, 9/23-9/27",,,WK-BHAM-0224-01_30 Lunch Pail; WK-BHAM-0224-02_15 Lunch Pail; WK-BHAM-0224-03_30 Channel Flipping; WK-BHAM-0224-04_15 Channel Flipping; WK-BHAM-0224-06_15 Insurance Experts; WK-BHAM-0224-13_30 Premises Liability.mpg; WK-BHAM-0224-14_15 Premises Liability.mpg; WK-BHAM-0224-15_15 On The Job Injury.mpg; WK-BHAM-0224-16_30 On The Job Injury.mpg; WK-BHAM-0224-18_15 More To Us.mpg; WK-BHAM-0224-91-05_Commercial Vehicles; WK-BHAM-0224-92-10_Commercial Vehicles; WK-BHAM-0224-93-05_General Injury.mpg; WK-BHAM-0224-94-10_General Injury.mpg; WK-BHAM-0224-99-04_General Injury.mpg; WK-BHAM-0324-01_30 Car Wreck; WK-BHAM-0324-02_15 Car Wreck; WK-BHAM-0324-03_30 Trucking Accident; WK-BHAM-0324-04_15 Trucking Accident; WK-BHAM-0324-07 Weekends.mpg,,Source: 09. September 2024 Traffic Instructions.xlsx,09. September 2024 Traffic Instructions.xlsx,20,,,,
WK,HSV,TV,September,2024,,"8/31-9/1, 9/7-9/8, 9/14-9/15, 9/21-9/22, 9/28-9/29 | 9/1/2024-9/30/2024 | 9/2-9/6, 9/9-9/13, 9/16-9/20, 9/23-9/27",,,WK-HUNT-0224-03_30 Channel Flipping; WK-HUNT-0224-04_15 Channel Flipping; WK-HUNT-0224-07_30 Communication; WK-HUNT-0224-08_15 Communication; WK-HUNT-0224-10_15 Auto Accidents; WK-HUNT-0224-13_30 Premises Liability.mpg; WK-HUNT-0224-14_15 Premises Liability.mpg; WK-HUNT-0224-15_15 On The Job Injury.mpg; WK-HUNT-0224-16_30 On The Job Injury.mpg; WK-HUNT-0224-91-05_Commercial Vehicles; WK-HUNT-0224-92-10_Commercial Vehicles; WK-HUNT-0224-93-05_General Injury.mpg; WK-HUNT-0224-94-10_General Injury.mpg; WK-HUNT-0224-99-04_General Injury.mpg; WK-HUNT-0324-01_30 Car Wreck; WK-HUNT-0324-02_15 Car Wreck; WK-HUNT-0324-03_30 Trucking Accident; WK-HUNT-0324-04_15 Trucking Accident; WK-HUNT-0324-07_30 Weekends.mpg,,Source: 09. September 2024 Traffic Instructions.xlsx,09. September 2024 Traffic Instructions.xlsx,19,,,,
WK,MTG,TV,September,2024,,"8/31-9/1, 9/7-9/8, 9/14-9/15, 9/21-9/22, 9/28-9/29 | 9/1/2024-9/30/2024 | 9/2-9/6, 9/9-9/13, 9/16-9/20, 9/23-9/27",,,WK-MONT-0224-03_30 Channel Flipping; WK-MONT-0224-04_15 Channel Flipping; WK-MONT-0224-07_30 Communication; WK-MONT-0224-08_15 Communication; WK-MONT-0224-13_30 Premises Liability.mpg; WK-MONT-0224-14_15 Premises Liability.mp4; WK-MONT-0224-15_15 On The Job Injury.mpg; WK-MONT-0224-16_30 On The Job Injury.mpg; WK-MONT-0224-91-05_Commercial Vehicles; WK-MONT-0224-92-10_Commercial Vehicles; WK-MONT-0224-93-05_General Injury.mpg; WK-MONT-0224-94-10_General Injury.mpg; WK-MONT-0224-99-04_General Injury.mpg; WK-MONT-0324-01_30 Car Wreck; WK-MONT-0324-02_15 Car Wreck; WK-MONT-0324-03_30 Trucking Accident; WK-MONT-0324-04_15 Trucking Accident.mpg; WK-MONT-0324-07_30 Weekends.mpg,,Source: 09. September 2024 Traffic Instructions.xlsx,09. September 2024 Traffic Instructions.xlsx,18,,,,
WK,DHN,TV,September,2024,,"8/31-9/1, 9/7-9/8, 9/14-9/15, 9/21-9/22, 9/28-9/29 | 9/1/2024-9/30/2024 | 9/2-9/6, 9/9-9/13, 9/16-9/20, 9/23-9/27",,,WK-DOTH-0224-01_30 Lunch Pail; WK-DOTH-0224-02_15 Lunch Pail; WK-DOTH-0224-13_30 Premises Liability; WK-DOTH-0224-14_15 Premises Liability; WK-DOTH-0224-91-05_Commercial Vehicles.mpg; WK-DOTH-0224-92-10_Commercial Vehicles.mpg; WK-DOTH-0224-93-05_General Injury.mpg; WK-DOTH-0224-94-10_General Injury.mpg; WK-DOTH-0224-99-04_General Injury.mpg; WK-DOTH-0324-01_30 Car Wreck; WK-DOTH-0324-02_15 Car Wreck; WK-DOTH-0324-03_30 Trucking Accident; WK-DOTH-0324-04_15 Trucking Accident; WK-DOTH-0324-07_30 Weekends.mpg,,Source: 09. September 2024 Traffic Instructions.xlsx,09. September 2024 Traffic Instructions.xlsx,14,,,,
WK,CHA,TV,September,2024,,"8/31-9/1, 9/7-9/8, 9/14-9/15, 9/21-9/22, 9/28-9/29 | 9/1/2024-9/30/2024 | 9/2-9/6, 9/9-9/13, 9/16-9/20, 9/23-9/27",,,WK-CHAT-0224-03_30 Channel Flipping; WK-CHAT-0224-04_15 Channel Flipping.mpg; WK-CHAT-0224-07_30 Communication; WK-CHAT-0224-08_15 Communication; WK-CHAT-0224-13_30 Premises Liability.mpg; WK-CHAT-0224-14_15 Premises Liability.mpg; WK-CHAT-0224-15_15 On The Job Injury.mpg; WK-CHAT-0224-16_30 On The Job Injury.mpg; WK-CHAT-0224-91-05_Commercial Vehicles; WK-CHAT-0224-92-10_Commercial Vehicles; WK-CHAT-0224-93-05_General Injury.mpg; WK-CHAT-0224-94-10_General Injury.mpg; WK-CHAT-0224-99-04_General Injury.mpg; WK-CHAT-0324-01_30 Car Wreck; WK-CHAT-0324-02_15 Car Wreck; WK-CHAT-0324-03_30 Trucking Accident; WK-CHAT-0324-04_15 Trucking Accident .mpg; WK-CHAT-0324-07_30 Weekends.mpg,,Source: 09. September 2024 Traffic Instructions.xlsx,09. September 2024 Traffic Instructions.xlsx,18,,,,
WK,KNX,TV,September,2024,,"8/31-9/1, 9/7-9/8, 9/14-9/15, 9/21-9/22, 9/28-9/29 | 9/1/2024-9/30/2024 | 9/2-9/6, 9/9-9/13, 9/16-9/20, 9/23-9/27",,,WK-KNOX-0224-07_30 Communication; WK-KNOX-0224-08_15 Communication; WK-KNOX-0224-13_30 Premises Liability; WK-KNOX-0224-14_15 Premises Liability; WK-KNOX-0224-91-05_Commercial Vehicles.mpg; WK-KNOX-0224-92-10_Commercial Vehicles.mpg; WK-KNOX-0224-93-05_General Injury.mpg; WK-KNOX-0224-94-10_General Injury.mpg; WK-KNOX-0224-99-04_General Injury.mpg; WK-KNOX-0324-01_30 Car Wreck; WK-KNOX-0324-02_15 Car Wreck; WK-KNOX-0324-03_30 Trucking Accident; WK-KNOX-0324-04_15 Trucking Accident.mpg; WK-KNOX-0324-07_30 Weekends.mpg,,Source: 09. September 2024 Traffic Instructions.xlsx,09. September 2024 Traffic Instructions.xlsx,14,,,,
WK,PAN,TV,September,2024,,"8/31-9/1, 9/7-9/8, 9/14-9/15, 9/21-9/22, 9/28-9/29 | 9/1/2024-9/30/2024 | 9/2-9/6, 9/9-9/13, 9/16-9/20, 9/23-9/27",,,WK-PANA-0224-01_30 Lunch Pail; WK-PANA-0224-02_15 Lunch Pail; WK-PANA-0224-06_15 Insurance Experts; WK-PANA-0224-15_15 On The Job Injury; WK-PANA-0224-16_30 On The Job Injury; WK-PANA-0224-18_15 More To Us; WK-PANA-0224-86-04_Premises Liability.mpg; WK-PANA-0224-91-05_Commercial Vehicles.mpg; WK-PANA-0224-92-10_Commercial Vehicles.mpg; WK-PANA-0324-01_30 Car Wreck; WK-PANA-0324-02_15 Car Wreck; WK-PANA-0324-05_30 Commercial Accidents; WK-PANA-0324-06_15 Commercial Accidents; WK-PANA-0324-07_30 Weekends.mpg,,Panama City (inactive market). Source: 09. September 2024 Traffic Instructions.xlsx,09. September 2024 Traffic Instructions.xlsx,14,,,Y,
WK,BRM,TV,October,2024,,"10/5-10/6, 10/12-10/13, 10/19-10/20, 10/26-10/27 | 9/30-10/27 | 9/30-10/4, 10/7-10/11, 10/14-10/18, 10/21-10/25",,,WK-BHAM-0224-01_30 Lunch Pail; WK-BHAM-0224-02_15 Lunch Pail; WK-BHAM-0224-05_30 Insurance Experts; WK-BHAM-0224-06_15 Insurance Experts; WK-BHAM-0224-08_15 Communication; WK-BHAM-0224-09_30 Auto Accidents; WK-BHAM-0224-10_15 Auto Accidents 15; WK-BHAM-0224-13_30 Premises Liability.mpg; WK-BHAM-0224-14_15 Premises Liability.mpg; WK-BHAM-0224-15_15 On The Job Injury.mpg; WK-BHAM-0224-16_30 On The Job Injury.mpg; WK-BHAM-0224-18_15 More To Us.mpg; WK-BHAM-0224-91-05_Commercial Vehicles; WK-BHAM-0224-92-10_Commercial Vehicles; WK-BHAM-0224-93-05_General Injury.mpg; WK-BHAM-0224-94-10_General Injury.mpg; WK-BHAM-0224-99-04_General Injury.mpg; WK-BHAM-0324-03_30 Trucking Accident; WK-BHAM-0324-04_15 Trucking Accident; WK-BHAM-0324-07 Weekends.mpg,,Source: 10. October 2024 Traffic Instructions.xlsx,10. October 2024 Traffic Instructions.xlsx,20,,,,
WK,HSV,TV,October,2024,,"10/1-10/31 | 10/5-10/6, 10/12-10/13, 10/19-10/20, 10/26-10/27 | 9/30-10/27 | 9/30-10/4, 10/7-10/11, 10/14-10/18, 10/21-10/25 | 9/30-9/27",,,WK-HUNT-0224-01_30 Lunch Pail; WK-HUNT-0224-02_15 Lunch Pail; WK-HUNT-0224-05_30 Insurance Experts; WK-HUNT-0224-06_15 Insurance Experts; WK-HUNT-0224-09_30 Auto Accidents; WK-HUNT-0224-10_15 Auto Accidents; WK-HUNT-0224-13_30 Premises Liability.mpg; WK-HUNT-0224-14_15 Premises Liability.mpg; WK-HUNT-0224-15_15 On The Job Injury.mpg; WK-HUNT-0224-16_30 On The Job Injury.mpg; WK-HUNT-0224-91-05_Commercial Vehicles; WK-HUNT-0224-92-10_Commercial Vehicles; WK-HUNT-0224-93-05_General Injury.mpg; WK-HUNT-0224-94-10_General Injury.mpg; WK-HUNT-0224-99-04_General Injury.mpg; WK-HUNT-0324-03_30 Trucking Accident; WK-HUNT-0324-04_15 Trucking Accident; WK-HUNT-0324-07_30 Weekends.mpg,,Source: 10. October 2024 Traffic Instructions.xlsx,10. October 2024 Traffic Instructions.xlsx,18,,,,
WK,MTG,TV,October,2024,,"10/1/2024-10/31/2024 | 10/5-10/6, 10/12-10/13, 10/19-10/20, 10/26-10/27 | 9/30-10/4, 10/7-10/11, 10/14-10/18, 10/21-10/25",,,WK-MONT-0224-01_30 Lunch Pail; WK-MONT-0224-02_15 Lunch Pail; WK-MONT-0224-05_30 Insurance Experts; WK-MONT-0224-06_15 Insurance Experts; WK-MONT-0224-09_30 Auto Accidents; WK-MONT-0224-10_15 Auto Accidents; WK-MONT-0224-13_30 Premises Liability.mpg; WK-MONT-0224-14_15 Premises Liability.mp4; WK-MONT-0224-15_15 On The Job Injury.mpg; WK-MONT-0224-16_30 On The Job Injury.mpg; WK-MONT-0224-91-05_Commercial Vehicles; WK-MONT-0224-92-10_Commercial Vehicles; WK-MONT-0224-93-05_General Injury.mpg; WK-MONT-0224-94-10_General Injury.mpg; WK-MONT-0224-99-04_General Injury.mpg; WK-MONT-0324-03_30 Trucking Accident; WK-MONT-0324-04_15 Trucking Accident.mpg; WK-MONT-0324-07_30 Weekends.mpg,,Source: 10. October 2024 Traffic Instructions.xlsx,10. October 2024 Traffic Instructions.xlsx,18,,,,
WK,DHN,TV,October,2024,,"10/1/2024-10/31/2024 | 10/5-10/6, 10/12-10/13, 10/19-10/20, 10/26-10/27 | 9/30-10/4, 10/7-10/11, 10/14-10/18, 10/21-10/25",,,WK-DOTH-0224-05_30 Insurance Experts; WK-DOTH-0224-06_15 Insurance Experts; WK-DOTH-0224-09_30 Auto Accidents; WK-DOTH-0224-10_15 Auto Accidents; WK-DOTH-0224-14_15 Premises Liability; WK-DOTH-0224-16_30 On The Job Injury; WK-DOTH-0224-91-05_Commercial Vehicles.mpg; WK-DOTH-0224-92-10_Commercial Vehicles.mpg; WK-DOTH-0224-93-05_General Injury.mpg; WK-DOTH-0224-94-10_General Injury.mpg; WK-DOTH-0224-99-04_General Injury.mpg; WK-DOTH-0324-03_30 Trucking Accident; WK-DOTH-0324-04_15 Trucking Accident; WK-DOTH-0324-07_30 Weekends.mpg,,Source: 10. October 2024 Traffic Instructions.xlsx,10. October 2024 Traffic Instructions.xlsx,14,,,,
WK,CHA,TV,October,2024,,"10/1/2024-10/31/2024 | 10/5-10/6, 10/12-10/13, 10/19-10/20, 10/26-10/27 | 9/30-10/4, 10/7-10/11, 10/14-10/18, 10/21-10/25",,,WK-CHAT-0224-01 Lunch Pail; WK-CHAT-0224-02_15 Lunch Pail; WK-CHAT-0224-05_30 Insurance Experts; WK-CHAT-0224-06_15 Insurance Experts; WK-CHAT-0224-09_30 Auto Accidents; WK-CHAT-0224-10_15 Auto Accidents; WK-CHAT-0224-13_30 Premises Liability.mpg; WK-CHAT-0224-14_15 Premises Liability.mpg; WK-CHAT-0224-15_15 On The Job Injury.mpg; WK-CHAT-0224-16_30 On The Job Injury.mpg; WK-CHAT-0224-91-05_Commercial Vehicles; WK-CHAT-0224-92-10_Commercial Vehicles; WK-CHAT-0224-93-05_General Injury.mpg; WK-CHAT-0224-94-10_General Injury.mpg; WK-CHAT-0224-99-04_General Injury.mpg; WK-CHAT-0324-03_30 Trucking Accident; WK-CHAT-0324-04_15 Trucking Accident .mpg; WK-CHAT-0324-07_30 Weekends.mpg,,Source: 10. October 2024 Traffic Instructions.xlsx,10. October 2024 Traffic Instructions.xlsx,18,,,,
WK,KNX,TV,October,2024,,"10/5-10/6, 10/12-10/13, 10/19-10/20, 10/26-10/27 | 9/30-10/4, 10/7-10/11, 10/14-10/18, 10/21-10/25 | 9/30/2024-10/31/2024",,,WK-KNOX-0224-05_30 Insurance Experts; WK-KNOX-0224-06_15 Insurance Experts; WK-KNOX-0224-09_30 Auto Accidents; WK-KNOX-0224-10_15 Auto Accidents; WK-KNOX-0224-14_15 Premises Liability; WK-KNOX-0224-16_30 On The Job Injury; WK-KNOX-0224-91-05_Commercial Vehicles.mpg; WK-KNOX-0224-92-10_Commercial Vehicles.mpg; WK-KNOX-0224-93-05_General Injury.mpg; WK-KNOX-0224-94-10_General Injury.mpg; WK-KNOX-0224-99-04_General Injury.mpg; WK-KNOX-0324-03_30 Trucking Accident; WK-KNOX-0324-04_15 Trucking Accident; WK-KNOX-0324-07_30 Weekends.mpg,,Source: 10. October 2024 Traffic Instructions.xlsx,10. October 2024 Traffic Instructions.xlsx,14,,,,
WK,PAN,TV,October,2024,,"10/5-10/6, 10/12-10/13, 10/19-10/20, 10/26-10/27 | 9/30-10/4, 10/7-10/11, 10/14-10/18, 10/21-10/25 | 9/30/2024-10/31/2024",,,WK-PANA-0224-02_15 Lunch Pail; WK-PANA-0224-05_30 Insurance Experts; WK-PANA-0224-06_15 Insurance Experts; WK-PANA-0224-09_30 Auto Accidents; WK-PANA-0224-10_15 Auto Accidents; WK-PANA-0224-14_15 Premises Liability; WK-PANA-0224-15_15 On The Job Injury; WK-PANA-0224-16_30 On The Job Injury; WK-PANA-0224-86-04_Premises Liability.mpg; WK-PANA-0224-91-05_Commercial Vehicles.mpg; WK-PANA-0224-92-10_Commercial Vehicles.mpg; WK-PANA-0324-05_30 Commercial Accidents; WK-PANA-0324-06_15 Commercial Accidents; WK-PANA-0324-07_30 Weekends.mpg,,Panama City (inactive market). Source: 10. October 2024 Traffic Instructions.xlsx,10. October 2024 Traffic Instructions.xlsx,14,,,Y,
WK,BRM,TV,December,2024,,"12/1, 12/7-12/8, 12/14-12/15, 12/21-12/22, 12/28-12/29 | 12/1/2024-12/31/2024 | 12/2-12/6, 12/9-12/13, 12/16-12/20, 12/23-12/27, 12/30-12/31",,,WK-BHAM-0224-03_30 Channel Flipping; WK-BHAM-0224-04_15 Channel Flipping; WK-BHAM-0224-05_30 Insurance Experts; WK-BHAM-0224-06_15 Insurance Experts; WK-BHAM-0224-09_30 Auto Accidents; WK-BHAM-0224-10_15 Auto Accidents 15; WK-BHAM-0224-13_30 Premises Liability; WK-BHAM-0224-14_15 Premises Liability; WK-BHAM-0224-15_15 On The Job Injury; WK-BHAM-0224-16_30 On The Job Injury; WK-BHAM-0224-18_15 More To Us; WK-BHAM-0224-93-05_General Injury.mpg; WK-BHAM-0224-94-10_General Injury.mpg; WK-BHAM-0224-95-05_On The Job Injury; WK-BHAM-0224-96-10_On The Job Injury; WK-BHAM-0224-99-04_General Injury.mpg; WK-BHAM-0324-02_15 Car Wreck; WK-BHAM-0324-03_30 Trucking Accident; WK-BHAM-0324-04_15 Trucking Accident; WK-BHAM-0324-07 Weekends.mpg,,Source: December 2024 Traffic Instructions.xlsx,December 2024 Traffic Instructions.xlsx,20,,,,
WK,HSV,TV,December,2024,,"12/1, 12/7-12/8, 12/14-12/15, 12/21-12/22, 12/28-12/29 | 12/1/2024-12/31/2024 | 12/2-12/6, 12/9-12/13, 12/16-12/20, 12/23-12/27, 12/30-12/31",,,WK-HUNT-0224-03_30 Channel Flipping; WK-HUNT-0224-04_15 Channel Flipping; WK-HUNT-0224-05_30 Insurance Experts; WK-HUNT-0224-06_15 Insurance Experts; WK-HUNT-0224-09_30 Auto Accidents; WK-HUNT-0224-10_15 Auto Accidents; WK-HUNT-0224-13_30 Premises Liability; WK-HUNT-0224-14_15 Premises Liability; WK-HUNT-0224-15_15 On The Job Injury; WK-HUNT-0224-16_30 On The Job Injury; WK-HUNT-0224-93-05_General Injury.mpg; WK-HUNT-0224-94-10_General Injury.mpg; WK-HUNT-0224-95-05_On The Job Injury; WK-HUNT-0224-96-10_On The Job Injury; WK-HUNT-0224-99-04_General Injury.mpg; WK-HUNT-0324-02_15 Car Wreck; WK-HUNT-0324-03_30 Trucking Accident; WK-HUNT-0324-04_15 Trucking Accident; WK-HUNT-0324-07_30 Weekends.mpg,,Source: December 2024 Traffic Instructions.xlsx,December 2024 Traffic Instructions.xlsx,19,,,,
WK,MTG,TV,December,2024,,"11/25-11/28/2024 | 12/1, 12/7-12/8, 12/14-12/15, 12/21-12/22, 12/28-12/29 | 12/1/2024-12/31/2024 | 12/2-12/6, 12/9-12/13, 12/16-12/20, 12/23-12/27, 12/30-12/31",,,WK-MONT-0224-03_30 Channel Flipping; WK-MONT-0224-04_15 Channel Flipping; WK-MONT-0224-05_30 Insurance Experts; WK-MONT-0224-06_15 Insurance Experts; WK-MONT-0224-09_30 Auto Accidents; WK-MONT-0224-10_15 Auto Accidents; WK-MONT-0224-13_30 Premises Liability; WK-MONT-0224-14_15 Premises Liability; WK-MONT-0224-15_15 On The Job Injury; WK-MONT-0224-16_30 On The Job Injury; WK-MONT-0224-93-05_General Injury.mpg; WK-MONT-0224-94-10_General Injury.mpg; WK-MONT-0224-95-05_On The Job Injury; WK-MONT-0224-96-10_On The Job Injury; WK-MONT-0224-99-04_General Injury.mpg; WK-MONT-0324-03_30 Trucking Accident; WK-MONT-0324-04_15 Trucking Accident; WK-MONT-0324-07_30 Weekends.mpg,,Source: December 2024 Traffic Instructions.xlsx,December 2024 Traffic Instructions.xlsx,18,,,,
WK,DHN,TV,December,2024,,"12/1, 12/7-12/8, 12/14-12/15, 12/21-12/22, 12/28-12/29 | 12/1/2024-12/31/2024 | 12/2-12/6, 12/9-12/13, 12/16-12/20, 12/23-12/27, 12/30-12/31",,,WK-DOTH-0224-01_30 Lunch Pail; WK-DOTH-0224-02_15 Lunch Pail; WK-DOTH-0224-09_30 Auto Accidents; WK-DOTH-0224-10_15 Auto Accidents; WK-DOTH-0224-15_15 On The Job Injury; WK-DOTH-0224-16_30 On The Job Injury; WK-DOTH-0224-93-05_General Injury; WK-DOTH-0224-94-10_General Injury; WK-DOTH-0224-95-05_On The Job Injury; WK-DOTH-0224-96-10_On The Job Injury; WK-DOTH-0224-99-04_General Injury.mpg; WK-DOTH-0324-03_30 Trucking Accident; WK-DOTH-0324-04_15 Trucking Accident; WK-DOTH-0324-07_30 Weekends.mpg,,Source: December 2024 Traffic Instructions.xlsx,December 2024 Traffic Instructions.xlsx,14,,,,
WK,CHA,TV,December,2024,,"12/1, 12/7-12/8, 12/14-12/15, 12/21-12/22, 12/28-12/29 | 12/1/2024-12/31/2024 | 12/2-12/6, 12/9-12/13, 12/16-12/20, 12/23-12/27, 12/30-12/31",,,WK-CHAT-0224-03_30 Channel Flipping; WK-CHAT-0224-04_15 Channel Flipping; WK-CHAT-0224-05_30 Insurance Experts; WK-CHAT-0224-06_15 Insurance Experts; WK-CHAT-0224-09_30 Auto Accidents; WK-CHAT-0224-10_15 Auto Accidents; WK-CHAT-0224-13_30 Premises Liability; WK-CHAT-0224-14_15 Premises Liability; WK-CHAT-0224-15_15 On The Job Injury; WK-CHAT-0224-16_30 On The Job Injury; WK-CHAT-0224-93-05_General Injury.mpg; WK-CHAT-0224-94-10_General Injury.mpg; WK-CHAT-0224-95-05_On The Job Injury; WK-CHAT-0224-96-10_On The Job Injury; WK-CHAT-0224-99-04_General Injury.mpg; WK-CHAT-0324-03_30 Trucking Accident; WK-CHAT-0324-04_15 Trucking Accident; WK-CHAT-0324-07_30 Weekends.mpg,,Source: December 2024 Traffic Instructions.xlsx,December 2024 Traffic Instructions.xlsx,18,,,,
WK,KNX,TV,December,2024,,"12/1, 12/7-12/8, 12/14-12/15, 12/21-12/22, 12/28-12/29 | 12/1/2024-12/31/2024 | 12/2-12/6, 12/9-12/13, 12/16-12/20, 12/23-12/27, 12/30-12/31",,,WK-KNOX-0224-05_30 Insurance Experts; WK-KNOX-0224-06_15 Insurance Experts; WK-KNOX-0224-09_30 Auto Accidents; WK-KNOX-0224-10_15 Auto Accidents; WK-KNOX-0224-15_15 On The Job Injury; WK-KNOX-0224-16_30 On The Job Injury; WK-KNOX-0224-93-05_General Injury.mpg; WK-KNOX-0224-94-10_General Injury.mpg; WK-KNOX-0224-95-05_On The Job Injury; WK-KNOX-0224-96-10_On The Job Injury; WK-KNOX-0224-99-04_General Injury.mpg; WK-KNOX-0324-03_30 Trucking Accident; WK-KNOX-0324-04_15 Trucking Accident; WK-KNOX-0324-07_30 Weekends.mpg,,Source: December 2024 Traffic Instructions.xlsx,December 2024 Traffic Instructions.xlsx,14,,,,
WK,BRM,TV,November,2024,,"11/1, 11/4-11/8, 11/11-11/15, 11/18-11/22, 11/25-11/26 | 11/1/2024-11/26/2024 | 11/1/2024-12/1/2024 | 11/2 – 11/3, 11/9-11/10, 11/16-11/17, 11/23-11/24, 11/30-12/1 | 11/25-11/28/2024 | 11/29/2024-12/1/2024 | 2024-11-27 00:00:00 | 2024-11-28 00:00:00 | 2024-11-29 00:00:00",,,WK-1024-15_Happy Thanksgiving; WK-1024-30_Happy Thanksgiving; WK-BHAM-0224-06_15 Insurance Experts; WK-BHAM-0224-08_15 Communication; WK-BHAM-0224-11_30 Commercial Vehicles; WK-BHAM-0224-12_15 Commercial Vehicles; WK-BHAM-0224-13_30 Premises Liability; WK-BHAM-0224-14_15 Premises Liability; WK-BHAM-0224-15_15 On The Job Injury; WK-BHAM-0224-16_30 On The Job Injury; WK-BHAM-0224-17_30 More To Us; WK-BHAM-0224-18_15 More To Us; WK-BHAM-0224-91-05_Commercial Vehicles; WK-BHAM-0224-92-10_Commercial Vehicles; WK-BHAM-0224-93-05_General Injury.mpg; WK-BHAM-0224-94-10_General Injury.mpg; WK-BHAM-0224-99-04_General Injury.mpg; WK-BHAM-0324-01_30 Car Wreck; WK-BHAM-0324-02_15 Car Wreck; WK-BHAM-0324-04_15 Trucking Accident; WK-BHAM-0324-07 Weekends.mpg; WK-BHAM-0924-07_30 Communications,,Seasonal buy. Source: Thanksgiving Spot November 2024 Traffic Instructions.xlsx,Thanksgiving Spot November 2024 Traffic Instructions.xlsx,22,,Y,,
WK,HSV,TV,November,2024,,"11/1, 11/4-11/8, 11/11-11/15, 11/18-11/22, 11/25-11/26 | 11/1-11/30 | 11/1/2024-11/26/2024 | 11/2 – 11/3, 11/9-11/10, 11/16-11/17, 11/23-11/24, 11/30-12/1 | 11/29/2024-12/1/2024 | 2024-11-27 00:00:00 | 2024-11-28 00:00:00 | 2024-11-29 00:00:00",,,WK-1024-15_Happy Thanksgiving; WK-1024-30_Happy Thanksgiving; WK-HUNT-0224-08_15 Communication; WK-HUNT-0224-11_30 Commercial Vehicles; WK-HUNT-0224-12_15 Commercial Vehicles; WK-HUNT-0224-13_30 Premises Liability; WK-HUNT-0224-14_15 Premises Liability; WK-HUNT-0224-15_15 On The Job Injury; WK-HUNT-0224-16_30 On The Job Injury; WK-HUNT-0224-17_30 More To Us; WK-HUNT-0224-18_15 More To Us; WK-HUNT-0224-91-05_Commercial Vehicles; WK-HUNT-0224-92-10_Commercial Vehicles; WK-HUNT-0224-93-05_General Injury.mpg; WK-HUNT-0224-94-10_General Injury.mpg; WK-HUNT-0224-99-04_General Injury.mpg; WK-HUNT-0324-01_30 Car Wreck; WK-HUNT-0324-02_15 Car Wreck; WK-HUNT-0324-07_30 Weekends.mpg; WK-HUNT-0924-07_30 Communication,,Seasonal buy. Source: Thanksgiving Spot November 2024 Traffic Instructions.xlsx,Thanksgiving Spot November 2024 Traffic Instructions.xlsx,20,,Y,,
WK,MTG,TV,November,2024,,"11/1, 11/4-11/8, 11/11-11/15, 11/18-11/22, 11/25-11/26 | 11/1/2024-11/26/2024 | 11/1/2024-12/1/2024 | 11/2 – 11/3, 11/9-11/10, 11/16-11/17, 11/23-11/24, 11/30-12/1 | 11/25-11/28/2024 | 11/29/2024-12/1/2024 | 2024-11-27 00:00:00 | 2024-11-28 00:00:00 | 2024-11-29 00:00:00",,,WK-1024-15_Happy Thanksgiving; WK-1024-30_Happy Thanksgiving; WK-MONT-0224-08_15 Communication; WK-MONT-0224-11_30 Commercial Vehicles; WK-MONT-0224-12_15 Commercial Vehicles; WK-MONT-0224-13_30 Premises Liability; WK-MONT-0224-14_15 Premises Liability; WK-MONT-0224-15_15 On The Job Injury; WK-MONT-0224-16_30 On The Job Injury; WK-MONT-0224-17_30 More To Us; WK-MONT-0224-18_15 More To Us; WK-MONT-0224-91-05_Commercial Vehicles; WK-MONT-0224-92-10_Commercial Vehicles; WK-MONT-0224-93-05_General Injury.mpg; WK-MONT-0224-94-10_General Injury.mpg; WK-MONT-0224-99-04_General Injury.mpg; WK-MONT-0324-01_30 Car Wreck; WK-MONT-0324-02_15 Car Wreck; WK-MONT-0324-07_30 Weekends.mpg; WK-MONT-0924-07_30 Communication,,Seasonal buy. Source: Thanksgiving Spot November 2024 Traffic Instructions.xlsx,Thanksgiving Spot November 2024 Traffic Instructions.xlsx,20,,Y,,
WK,DHN,TV,November,2024,,"11/1, 11/4-11/8, 11/11-11/15, 11/18-11/22, 11/25-11/26 | 11/1-11/29 | 11/1-12/1 | 11/1/2024-11/26/2024 | 11/2 – 11/3, 11/9-11/10, 11/16-11/17, 11/23-11/24, 11/30-12/1 | 2024-11-27 00:00:00 | 2024-11-28 00:00:00 | 2024-11-29 00:00:00",,,WK-1024-15_Happy Thanksgiving; WK-1024-30_Happy Thanksgiving; WK-DOTH-0224-11_30 Commercial Vehicles; WK-DOTH-0224-12_15 Commercial Vehicles; WK-DOTH-0224-13_30 Premises Liability; WK-DOTH-0224-14_15 Premises Liability; WK-DOTH-0224-17_30 More To Us; WK-DOTH-0224-18_15 More To Us; WK-DOTH-0224-91-05_Commercial Vehicles.mpg; WK-DOTH-0224-92-10_Commercial Vehicles.mpg; WK-DOTH-0224-93-05_General Injury.mpg; WK-DOTH-0224-94-10_General Injury.mpg; WK-DOTH-0224-99-04_General Injury.mpg; WK-DOTH-0324-01_30 Car Wreck; WK-DOTH-0324-02_15 Car Wreck; WK-DOTH-0324-07_30 Weekends.mpg,,Seasonal buy. Source: Thanksgiving Spot November 2024 Traffic Instructions.xlsx,Thanksgiving Spot November 2024 Traffic Instructions.xlsx,16,,Y,,
WK,CHA,TV,November,2024,,"11/1, 11/4-11/8, 11/11-11/15, 11/18-11/22, 11/25-11/26 | 11/1/2024-11/26/2024 | 11/1/2024-12/1/2024 | 11/2 – 11/3, 11/9-11/10, 11/16-11/17, 11/23-11/24, 11/30-12/1 | 11/25-11/28/2024 | 11/29/2024-12/1/2024 | 2024-11-27 00:00:00 | 2024-11-28 00:00:00 | 2024-11-29 00:00:00",,,WK-1024-15_Happy Thanksgiving; WK-1024-30_Happy Thanksgiving; WK-CHAT-0224-08_15 Communication; WK-CHAT-0224-13_30 Premises Liability; WK-CHAT-0224-14_15 Premises Liability; WK-CHAT-0224-15_15 On The Job Injury; WK-CHAT-0224-16_30 On The Job Injury; WK-CHAT-0224-17_30 More To Us; WK-CHAT-0224-18_15 More To Us; WK-CHAT-0224-91-05_Commercial Vehicles; WK-CHAT-0224-92-10_Commercial Vehicles; WK-CHAT-0224-93-05_General Injury.mpg; WK-CHAT-0224-94-10_General Injury.mpg; WK-CHAT-0224-99-04_General Injury.mpg; WK-CHAT-0324-01_30 Car Wreck; WK-CHAT-0324-02_15 Car Wreck; WK-CHAT-0324-05_30 Commercial Accidents; WK-CHAT-0324-06_15 Commercial Accidents; WK-CHAT-0324-07_30 Weekends.mpg; WK-CHAT-0924-07_30 Communication,,Seasonal buy. Source: Thanksgiving Spot November 2024 Traffic Instructions.xlsx,Thanksgiving Spot November 2024 Traffic Instructions.xlsx,20,,Y,,
WK,KNX,TV,November,2024,,"11/1, 11/4-11/8, 11/11-11/15, 11/18-11/22, 11/25-11/26 | 11/1-11/29 | 11/1-12/1 | 11/1/2024-11/26/2024 | 11/2 – 11/3, 11/9-11/10, 11/16-11/17, 11/23-11/24, 11/30-12/1 | 2024-11-27 00:00:00 | 2024-11-28 00:00:00 | 2024-11-29 00:00:00",,,WK-1024-15_Happy Thanksgiving; WK-1024-30_Happy Thanksgiving; WK-KNOX-0224-12_15 Commercial Vehicles; WK-KNOX-0224-13_30 Premises Liability; WK-KNOX-0224-14_15 Premises Liability; WK-KNOX-0224-91-05_Commercial Vehicles.mpg; WK-KNOX-0224-92-10_Commercial Vehicles.mpg; WK-KNOX-0224-93-05_General Injury.mpg; WK-KNOX-0224-94-10_General Injury.mpg; WK-KNOX-0224-99-04_General Injury.mpg; WK-KNOX-0324-01_30 Car Wreck; WK-KNOX-0324-02_15 Car Wreck; WK-KNOX-0324-05_30 Commercial Accidents; WK-KNOX-0324-07_30 Weekends.mpg; WK-KNOX-0924-17_30 More To Us; WK-KNOX-0924-18_15 More To Us,,Seasonal buy. Source: Thanksgiving Spot November 2024 Traffic Instructions.xlsx,Thanksgiving Spot November 2024 Traffic Instructions.xlsx,16,,Y,,
WK,HSV,TV,January,2025,,"1/1-1/3, 1/6-1/10, 1/13-1/17, 1/20-1/24, 1/27-1/31 | 1/1/2025-1/31/2025 | 1/4-1/5, 1/11-1/12, 1/18-1/19, 1/25-1/26",Revised,,WK-HUNT-0125-01-30_There Is A Firm; WK-HUNT-0125-02-15_There Is A Firm; WK-HUNT-0125-03-30_Weekend; WK-HUNT-0125-04-15_Weekend; WK-HUNT-0125-05-30_Commercial Vehicle; WK-HUNT-0125-06-15_Commercial Vehicle; WK-HUNT-0125-07-30_Car Wreck; WK-HUNT-0125-08-15_Car Wreck; WK-HUNT-0125-09-30_Injury; WK-HUNT-0125-10-15_Injury; WK-HUNT-0125-88-04_Personal; WK-HUNT-0125-90-10_Car Wreck; WK-HUNT-0125-91-05_Car Wreck; WK-HUNT-0125-92-10_Injury; WK-HUNT-0125-93-05_Injury; WK-HUNT-0224-15_15 On The Job Injury; WK-HUNT-0224-16_30 On The Job Injury; WK-HUNT-0225-01-30_There Is A Firm; WK-HUNT-0225-02-15_ There Is A Firm,,REVISION CONFLICT - both original and revised exist. Source: 01. January 2025 REVISED Traffic Instructions.xlsx,01. January 2025 REVISED Traffic Instructions.xlsx,19,Y,,,Y
WK,MTG,TV,January,2025,,"1/1-1/3, 1/6-1/10, 1/13-1/17, 1/20-1/24, 1/27-1/31 | 1/1/2025-1/31/2025 | 1/4-1/5, 1/11-1/12, 1/18-1/19, 1/25-1/26",Revised,,WK-MONT-0125-01-30_There Is A Firm; WK-MONT-0125-02-15_There Is A Firm; WK-MONT-0125-03-30_Weekend; WK-MONT-0125-04-15_Weekend; WK-MONT-0125-05-30_Commercial Vehicle; WK-MONT-0125-06-15_Commercial Vehicle; WK-MONT-0125-07-30_Car Wreck; WK-MONT-0125-08-15_Car Wreck; WK-MONT-0125-09-30_Injury; WK-MONT-0125-10-15_Injury; WK-MONT-0125-88-04_Personal; WK-MONT-0125-90-10_Car Wreck; WK-MONT-0125-91-05_Car Wreck; WK-MONT-0125-92-10_Injury; WK-MONT-0125-93-05_Injury; WK-MONT-0224-15_15 On The Job Injury; WK-MONT-0224-16_30 On The Job Injury; WK-MONT-0225-01-30_There Is A Firm; WK-MONT-0225-02-15_ There Is A Firm,,REVISION CONFLICT - both original and revised exist. Source: 01. January 2025 REVISED Traffic Instructions.xlsx,01. January 2025 REVISED Traffic Instructions.xlsx,19,Y,,,Y
WK,DHN,TV,January,2025,,"1/1-1/3, 1/6-1/10, 1/13-1/17, 1/20-1/24, 1/27-1/31 | 1/1/2025-1/31/2025 | 1/4-1/5, 1/11-1/12, 1/18-1/19, 1/25-1/26",Revised,,WK-DOTH-0125-01-30_There Is A Firm; WK-DOTH-0125-02-15_There Is A Firm; WK-DOTH-0125-03-30_Weekend; WK-DOTH-0125-04-15_Weekend; WK-DOTH-0125-05-30_Commercial Vehicle; WK-DOTH-0125-06-15_Commercial Vehicle; WK-DOTH-0125-07-30_Car Wreck; WK-DOTH-0125-08-15_Car Wreck; WK-DOTH-0125-09-30_Injury; WK-DOTH-0125-10-15_Injury; WK-DOTH-0125-88-04_Personal; WK-DOTH-0125-90-10_Car Wreck; WK-DOTH-0125-91-05_Car Wreck; WK-DOTH-0125-92-10_Injury; WK-DOTH-0125-93-05_Injury; WK-DOTH-0224-15_15 On The Job Injury; WK-DOTH-0224-16_30 On The Job Injury; WK-DOTH-0225-01-30_There Is A Firm; WK-DOTH-0225-02-15_ There Is A Firm,,REVISION CONFLICT - both original and revised exist. Source: 01. January 2025 REVISED Traffic Instructions.xlsx,01. January 2025 REVISED Traffic Instructions.xlsx,19,Y,,,Y
WK,BRM,TV,January,2025,,"1/1-1/3, 1/6-1/10, 1/13-1/17, 1/20-1/24, 1/27-1/31 | 1/1/2025-1/31/2025 | 1/4-1/5, 1/11-1/12, 1/18-1/19, 1/25-1/26",,,WK-BHAM-0125-01-30_There Is A Firm; WK-BHAM-0125-02-15_There Is A Firm; WK-BHAM-0125-03-30_Weekends; WK-BHAM-0125-04-15_Weekends; WK-BHAM-0125-05-30_Commercial Accident; WK-BHAM-0125-06-15_Commercial Accident; WK-BHAM-0125-07-30_Car Wreck; WK-BHAM-0125-08-15_Car Wreck; WK-BHAM-0125-09-30_Injury; WK-BHAM-0125-10-15_Injury; WK-BHAM-0125-88-04_Personal; WK-BHAM-0125-90-10_Car Wreck; WK-BHAM-0125-91-05_Car Wreck; WK-BHAM-0125-92-10_Injury; WK-BHAM-0125-93-05_Injury; WK-BHAM-0224-15_15 On The Job Injury; WK-BHAM-0224-16_30 On The Job Injury,,Source: 01. January 2025 Traffic Instructions.xlsx,01. January 2025 Traffic Instructions.xlsx,17,,,,
WK,HSV,TV,January,2025,,"1/1-1/3, 1/6-1/10, 1/13-1/17, 1/20-1/24, 1/27-1/31 | 1/1/2025-1/31/2025 | 1/4-1/5, 1/11-1/12, 1/18-1/19, 1/25-1/26",Original,,WK-HUNT-0125-01-30_There Is A Firm; WK-HUNT-0125-02-15_There Is A Firm; WK-HUNT-0125-03-30_Weekend; WK-HUNT-0125-04-15_Weekend; WK-HUNT-0125-05-30_Commercial Vehicle; WK-HUNT-0125-06-15_Commercial Vehicle; WK-HUNT-0125-07-30_Car Wreck; WK-HUNT-0125-08-15_Car Wreck; WK-HUNT-0125-09-30_Injury; WK-HUNT-0125-10-15_Injury; WK-HUNT-0125-88-04_Personal; WK-HUNT-0125-90-10_Car Wreck; WK-HUNT-0125-91-05_Car Wreck; WK-HUNT-0125-92-10_Injury; WK-HUNT-0125-93-05_Injury; WK-HUNT-0224-15_15 On The Job Injury; WK-HUNT-0224-16_30 On The Job Injury,,REVISION CONFLICT - both original and revised exist. Source: 01. January 2025 Traffic Instructions.xlsx,01. January 2025 Traffic Instructions.xlsx,17,,,,Y
WK,MTG,TV,January,2025,,"1/1-1/3, 1/6-1/10, 1/13-1/17, 1/20-1/24, 1/27-1/31 | 1/1/2025-1/31/2025 | 1/4-1/5, 1/11-1/12, 1/18-1/19, 1/25-1/26",Original,,WK-MONT-0125-01-30_There Is A Firm; WK-MONT-0125-02-15_There Is A Firm; WK-MONT-0125-03-30_Weekend; WK-MONT-0125-04-15_Weekend; WK-MONT-0125-05-30_Commercial Vehicle; WK-MONT-0125-06-15_Commercial Vehicle; WK-MONT-0125-07-30_Car Wreck; WK-MONT-0125-08-15_Car Wreck; WK-MONT-0125-09-30_Injury; WK-MONT-0125-10-15_Injury; WK-MONT-0125-88-04_Personal; WK-MONT-0125-90-10_Car Wreck; WK-MONT-0125-91-05_Car Wreck; WK-MONT-0125-92-10_Injury; WK-MONT-0125-93-05_Injury; WK-MONT-0224-15_15 On The Job Injury; WK-MONT-0224-16_30 On The Job Injury,,REVISION CONFLICT - both original and revised exist. Source: 01. January 2025 Traffic Instructions.xlsx,01. January 2025 Traffic Instructions.xlsx,17,,,,Y
WK,DHN,TV,January,2025,,"1/1-1/3, 1/6-1/10, 1/13-1/17, 1/20-1/24, 1/27-1/31 | 1/1/2025-1/31/2025 | 1/4-1/5, 1/11-1/12, 1/18-1/19, 1/25-1/26",Original,,WK-DOTH-0125-01-30_There Is A Firm; WK-DOTH-0125-02-15_There Is A Firm; WK-DOTH-0125-03-30_Weekend; WK-DOTH-0125-04-15_Weekend; WK-DOTH-0125-05-30_Commercial Vehicle; WK-DOTH-0125-06-15_Commercial Vehicle; WK-DOTH-0125-07-30_Car Wreck; WK-DOTH-0125-08-15_Car Wreck; WK-DOTH-0125-09-30_Injury; WK-DOTH-0125-10-15_Injury; WK-DOTH-0125-88-04_Personal; WK-DOTH-0125-90-10_Car Wreck; WK-DOTH-0125-91-05_Car Wreck; WK-DOTH-0125-92-10_Injury; WK-DOTH-0125-93-05_Injury; WK-DOTH-0224-15_15 On The Job Injury; WK-DOTH-0224-16_30 On The Job Injury,,REVISION CONFLICT - both original and revised exist. Source: 01. January 2025 Traffic Instructions.xlsx,01. January 2025 Traffic Instructions.xlsx,17,,,,Y
WK,CHA,TV,January,2025,,"1/1-1/3, 1/6-1/10, 1/13-1/17, 1/20-1/24, 1/27-1/31 | 1/1/2025-1/31/2025 | 1/4-1/5, 1/11-1/12, 1/18-1/19, 1/25-1/26",,,WK-CHAT-0125-01-30_There Is A Firm; WK-CHAT-0125-02-15_There Is A Firm; WK-CHAT-0125-03-30_Weekend; WK-CHAT-0125-04-15_Weekend; WK-CHAT-0125-05-30_Commercial Vehicle; WK-CHAT-0125-06-15_Commercial Vehicle; WK-CHAT-0125-07-30_Car Wreck; WK-CHAT-0125-08-15_Car Wreck; WK-CHAT-0125-09-30_Injury; WK-CHAT-0125-10-15_Injury; WK-CHAT-0125-88-04_Personal; WK-CHAT-0125-90-10_Car Wreck; WK-CHAT-0125-91-05_Car Wreck; WK-CHAT-0125-92-10_Injury; WK-CHAT-0125-93-05_Injury; WK-CHAT-0224-15_15 On The Job Injury; WK-CHAT-0224-16_30 On The Job Injury,,Source: 01. January 2025 Traffic Instructions.xlsx,01. January 2025 Traffic Instructions.xlsx,17,,,,
WK,KNX,TV,January,2025,,"1/1-1/3, 1/6-1/10, 1/13-1/17, 1/20-1/24, 1/27-1/31 | 1/1/2025-1/31/2025 | 1/4-1/5, 1/11-1/12, 1/18-1/19, 1/25-1/26",,,WK-KNOX-0125-01-30_There Is A Firm; WK-KNOX-0125-02-15_There Is A Firm; WK-KNOX-0125-03-30_Weekend; WK-KNOX-0125-04-15_Weekend; WK-KNOX-0125-05-30_Commercial Vehicle; WK-KNOX-0125-06-15_Commercial Vehicle; WK-KNOX-0125-07-30_Car Wreck; WK-KNOX-0125-08-15_Car Wreck; WK-KNOX-0125-09-30_Injury; WK-KNOX-0125-10-15_Injury; WK-KNOX-0125-88-04_Personal; WK-KNOX-0125-90-10_Car Wreck; WK-KNOX-0125-91-05_Car Wreck; WK-KNOX-0125-92-10_Injury; WK-KNOX-0125-93-05_Injury; WK-KNOX-0224-15_15 On The Job Injury; WK-KNOX-0224-16_30 On The Job Injury,,Source: 01. January 2025 Traffic Instructions.xlsx,01. January 2025 Traffic Instructions.xlsx,17,,,,
WK,BRM,TV,January,2025,,"1/1-1/3, 1/6-1/10, 1/13 | 1/1-1/3, 1/6-1/10, 1/13-1/17, 1/20-1/24, 1/27-1/31 | 1/1/2025-1/13/2025 | 1/1/2025-1/31/2025 | 1/18-1/19, 1/25-1/26 | 1/4-1/5, 1/11-1/12 | 1/4-1/5, 1/11-1/12, 1/18-1/19, 1/25-1/26 | ASAP - 1/17, 1/20-1/24, 1/27-1/31 | ASAP - 1/31/2025 | ASAP-1/17, 1/20-1/24, 1/27-1/31",,,WK-BHAM-0125-01-30_There Is A Firm; WK-BHAM-0125-02-15_There Is A Firm; WK-BHAM-0125-03-30_Weekends; WK-BHAM-0125-04-15_Weekends; WK-BHAM-0125-05-30_Commercial Accident; WK-BHAM-0125-06-15_Commercial Accident; WK-BHAM-0125-07-30_Car Wreck; WK-BHAM-0125-08-15_Car Wreck; WK-BHAM-0125-09-30_Injury; WK-BHAM-0125-10-15_Injury; WK-BHAM-0125-88-04_Personal; WK-BHAM-0125-90-10_Car Wreck; WK-BHAM-0125-91-05_Car Wreck; WK-BHAM-0125-92-10_Injury; WK-BHAM-0125-93-05_Injury; WK-BHAM-0224-15_15 On The Job Injury; WK-BHAM-0224-16_30 On The Job Injury; WK-BHAM-0224-17_30 More To Us; WK-BHAM-0224-18_15 More To Us; WK-BHAM-0224-95-05_On The Job Injury; WK-BHAM-0224-96-10_On The Job Injury; WK-BHAM-0324-01_30 Car Wreck; WK-BHAM-0324-02_15 Car Wreck; WK-BHAM-0324-05_30 Commercial Accidents; WK-BHAM-0324-06_15 Commercial Accidents; WK-BHAM-0324-07_30 Weekends.mpg; WK-BHAM-0524-91_05 Auto Accidents; WK-BHAM-0524-92_10 Auto Accidents,,Source: 01. January2025 x2 Traffic Instructions.xlsx,01. January2025 x2 Traffic Instructions.xlsx,28,,,,
WK,HSV,TV,January,2025,,"1/1-1/3, 1/6-1/10, 1/13 | 1/1-1/3, 1/6-1/10, 1/13-1/17, 1/20-1/24, 1/27-1/31 | 1/1-1/3, 1/6-1/10, 1/13-1/31 | 1/1/2025-1/13/2025 | 1/1/2025-1/31/2025 | 1/18-1/19, 1/25-1/26 | 1/4-1/5, 1/11-1/12 | 1/4-1/5, 1/11-1/12, 1/18-1/19, 1/25-1/26 | ASAP - 1/17, 1/20-1/24, 1/27-1/31 | ASAP - 1/31/2025",,,WK-HUNT-0125-03-30_Weekend; WK-HUNT-0125-04-15_Weekend; WK-HUNT-0125-05-30_Commercial Vehicle; WK-HUNT-0125-06-15_Commercial Vehicle; WK-HUNT-0125-07-30_Car Wreck; WK-HUNT-0125-08-15_Car Wreck; WK-HUNT-0125-09-30_Injury; WK-HUNT-0125-10-15_Injury; WK-HUNT-0125-88-04_Personal; WK-HUNT-0125-90-10_Car Wreck; WK-HUNT-0125-91-05_Car Wreck; WK-HUNT-0125-92-10_Injury; WK-HUNT-0125-93-05_Injury; WK-HUNT-0224-11_30 Commercial Vehicles; WK-HUNT-0224-12_15 Commercial Vehicles; WK-HUNT-0224-15_15 On The Job Injury; WK-HUNT-0224-16_30 On The Job Injury; WK-HUNT-0224-17_30 More To Us; WK-HUNT-0224-18_15 More To Us; WK-HUNT-0224-91-05_Commercial Vehicles; WK-HUNT-0224-92-10_Commercial Vehicles; WK-HUNT-0224-95-05_On The Job Injury; WK-HUNT-0224-96-10_On The Job Injury; WK-HUNT-0225-01-30_There Is A Firm; WK-HUNT-0225-02-15_ There Is A Firm; WK-HUNT-0324-01_30 Car Wreck; WK-HUNT-0324-02_15 Car Wreck; WK-HUNT-0324-07_30 Weekends,,Source: 01. January2025 x2 Traffic Instructions.xlsx,01. January2025 x2 Traffic Instructions.xlsx,28,,,,
WK,MTG,TV,January,2025,,"1/1-1/3, 1/6-1/10, 1/13-1/17, 1/20-1/24, 1/27-1/31 | 1/1-1/3, 1/6-1/10, 1/13-1/31 | 1/1/2025-1/13/2025 | 1/1/2025-1/31/2025 | 1/18-1/19, 1/25-1/26 | 1/4-1/5, 1/11-1/12 | 1/4-1/5, 1/11-1/12, 1/18-1/19, 1/25-1/26 | ASAP - 1/17, 1/20-1/24, 1/27-1/31 | ASAP - 1/31 | ASAP - 1/31/2025",,,WK-MONT-0125-03-30_Weekend; WK-MONT-0125-04-15_Weekend; WK-MONT-0125-05-30_Commercial Vehicle; WK-MONT-0125-06-15_Commercial Vehicle; WK-MONT-0125-07-30_Car Wreck; WK-MONT-0125-08-15_Car Wreck; WK-MONT-0125-09-30_Injury; WK-MONT-0125-10-15_Injury; WK-MONT-0125-88-04_Personal; WK-MONT-0125-90-10_Car Wreck; WK-MONT-0125-91-05_Car Wreck; WK-MONT-0125-92-10_Injury; WK-MONT-0125-93-05_Injury; WK-MONT-0224-15_15 On The Job Injury; WK-MONT-0224-16_30 On The Job Injury; WK-MONT-0224-17_30 More To Us; WK-MONT-0224-18_15 More To Us; WK-MONT-0224-91-05_Commercial Vehicles; WK-MONT-0224-92-10_Commercial Vehicles; WK-MONT-0224-95-05_On The Job Injury; WK-MONT-0224-96-10_On The Job Injury; WK-MONT-0225-01-30_There Is A Firm; WK-MONT-0225-02-15_ There Is A Firm; WK-MONT-0324-01_30 Car Wreck; WK-MONT-0324-02_15 Car Wreck; WK-MONT-0324-05_30 Commercial Accidents; WK-MONT-0324-06_15 Commercial Accidents; WK-MONT-0324-07_30 Weekends,,Source: 01. January2025 x2 Traffic Instructions.xlsx,01. January2025 x2 Traffic Instructions.xlsx,28,,,,
WK,DHN,TV,January,2025,,"1/1-1/3, 1/6-1/10, 1/13-1/17, 1/20-1/24, 1/27-1/31 | 1/1-1/3, 1/6-1/10, 1/13-1/31 | 1/1/2025-1/13/2025 | 1/1/2025-1/31/2025 | 1/18-1/19, 1/25-1/26 | 1/4-1/5, 1/11-1/12 | 1/4-1/5, 1/11-1/12, 1/18-1/19, 1/25-1/26 | ASAP - 1/31 | ASAP - 1/31/2025 | ASAP-1/17, 1/20-1/24, 1/27-1/31",,,WK-DOTH-0125-03-30_Weekend; WK-DOTH-0125-04-15_Weekend; WK-DOTH-0125-05-30_Commercial Vehicle; WK-DOTH-0125-06-15_Commercial Vehicle; WK-DOTH-0125-07-30_Car Wreck; WK-DOTH-0125-08-15_Car Wreck; WK-DOTH-0125-09-30_Injury; WK-DOTH-0125-10-15_Injury; WK-DOTH-0125-88-04_Personal; WK-DOTH-0125-90-10_Car Wreck; WK-DOTH-0125-91-05_Car Wreck; WK-DOTH-0125-92-10_Injury; WK-DOTH-0125-93-05_Injury; WK-DOTH-0224-15_15 On The Job Injury; WK-DOTH-0224-16_30 On The Job Injury; WK-DOTH-0224-17_30 More To Us; WK-DOTH-0224-18_15 More To Us; WK-DOTH-0224-91-05_Commercial Vehicles; WK-DOTH-0224-92-10_Commercial Vehicles; WK-DOTH-0224-95-05_On The Job Injury; WK-DOTH-0224-96-10_On The Job Injury; WK-DOTH-0225-01-30_There Is A Firm; WK-DOTH-0225-02-15_ There Is A Firm; WK-DOTH-0324-01_30 Car Wreck; WK-DOTH-0324-02_15 Car Wreck; WK-DOTH-0324-05_30 Commercial Accidents; WK-DOTH-0324-06_15 Commercial Accidents; WK-DOTH-0324-07_30 Weekends,,Source: 01. January2025 x2 Traffic Instructions.xlsx,01. January2025 x2 Traffic Instructions.xlsx,28,,,,
WK,CHA,TV,January,2025,,"1/1-1/3, 1/6-1/10, 1/13-1/17, 1/20-1/24, 1/27-1/31 | 1/1-1/3, 1/6-1/10, 1/13-1/31 | 1/1/2025-1/13/2025 | 1/1/2025-1/31/2025 | 1/18-1/19, 1/25-1/26 | 1/4-1/5, 1/11-1/12 | 1/4-1/5, 1/11-1/12, 1/18-1/19, 1/25-1/26 | ASAP - 1/31 | ASAP - 1/31/2025 | ASAP-1/17, 1/20-1/24, 1/27-1/31",,,WK-CHAT-0125-01-30_There Is A Firm; WK-CHAT-0125-02-15_There Is A Firm; WK-CHAT-0125-03-30_Weekend; WK-CHAT-0125-04-15_Weekend; WK-CHAT-0125-05-30_Commercial Vehicle; WK-CHAT-0125-06-15_Commercial Vehicle; WK-CHAT-0125-07-30_Car Wreck; WK-CHAT-0125-08-15_Car Wreck; WK-CHAT-0125-09-30_Injury; WK-CHAT-0125-10-15_Injury; WK-CHAT-0125-88-04_Personal; WK-CHAT-0125-90-10_Car Wreck; WK-CHAT-0125-91-05_Car Wreck; WK-CHAT-0125-92-10_Injury; WK-CHAT-0125-93-05_Injury; WK-CHAT-0224-15_15 On The Job Injury; WK-CHAT-0224-16_30 On The Job Injury; WK-CHAT-0224-17_30 More To Us; WK-CHAT-0224-18_15 More To Us; WK-CHAT-0224-91-05_Commercial Vehicles; WK-CHAT-0224-92-10_Commercial Vehicles; WK-CHAT-0224-95-05_On The Job Injury; WK-CHAT-0224-96-10_On The Job Injury; WK-CHAT-0324-01_30 Car Wreck; WK-CHAT-0324-02_15 Car Wreck; WK-CHAT-0324-05_30 Commercial Accidents; WK-CHAT-0324-06_15 Commercial Accidents; WK-CHAT-0324-07_30 Weekends,,Source: 01. January2025 x2 Traffic Instructions.xlsx,01. January2025 x2 Traffic Instructions.xlsx,28,,,,
WK,KNX,TV,January,2025,,"1/1-1/3, 1/6-1/10, 1/13-1/17, 1/20-1/24, 1/27-1/31 | 1/1-1/3, 1/6-1/10, 1/13-1/31 | 1/1/2025-1/13/2025 | 1/1/2025-1/31/2025 | 1/18-1/19, 1/25-1/26 | 1/4-1/5, 1/11-1/12 | 1/4-1/5, 1/11-1/12, 1/18-1/19, 1/25-1/26 | ASAP - 1/17, 1/20-1/24, 1/27-1/31 | ASAP - 1/31 | ASAP - 1/31/2025",,,WK-KNOX-0125-01-30_There Is A Firm; WK-KNOX-0125-02-15_There Is A Firm; WK-KNOX-0125-03-30_Weekend; WK-KNOX-0125-04-15_Weekend; WK-KNOX-0125-05-30_Commercial Vehicle; WK-KNOX-0125-06-15_Commercial Vehicle; WK-KNOX-0125-07-30_Car Wreck; WK-KNOX-0125-08-15_Car Wreck; WK-KNOX-0125-09-30_Injury; WK-KNOX-0125-10-15_Injury; WK-KNOX-0125-88-04_Personal; WK-KNOX-0125-90-10_Car Wreck; WK-KNOX-0125-91-05_Car Wreck; WK-KNOX-0125-92-10_Injury; WK-KNOX-0125-93-05_Injury; WK-KNOX-0224-15_15 On The Job Injury; WK-KNOX-0224-16_30 On The Job Injury; WK-KNOX-0224-91-05_Commercial Vehicles; WK-KNOX-0224-92-10_Commercial Vehicles; WK-KNOX-0224-95-05_On The Job Injury; WK-KNOX-0224-96-10_On The Job Injury; WK-KNOX-0324-01_30 Car Wreck; WK-KNOX-0324-02_15 Car Wreck; WK-KNOX-0324-05_30 Commercial Accidents; WK-KNOX-0324-06_15 Commercial Accidents; WK-KNOX-0324-07_30 Weekends; WK-KNOX-0924-17_30 More To Us; WK-KNOX-0924-18_15 More To Us,,Source: 01. January2025 x2 Traffic Instructions.xlsx,01. January2025 x2 Traffic Instructions.xlsx,28,,,,
WK,BRM,TV,February,2025,,"2/1 - 2/12 | 2/1 - 2/28 | 2/1-2/12 | 2/1-2/2, 2/8-2/9, | 2/1-2/2, 2/8-2/9, 2/15-2/16, 2/22-2/23, 3/1-3/2 | 2/1-2/28 | 2/13 - 2/14, 2/17-2/21, 2/24-2/28 | 2/13-2/28 | 2/15-2/16, 2/22-2/23, 3/1-3/2 | 2/3-2/7, 2/10-2/14, 2/17-2/21, 2/24-2/28",,,WK-BHAM-0125-01-30_There Is A Firm; WK-BHAM-0125-02-15_There Is A Firm; WK-BHAM-0125-88-04_Personal; WK-BHAM-0224-15_15 On The Job Injury; WK-BHAM-0224-16_30 On The Job Injury; WK-BHAM-0224-17_30 More To Us; WK-BHAM-0224-18_15 More To Us; WK-BHAM-0224-95-05_On The Job Injury; WK-BHAM-0224-96-10_On The Job Injury; WK-BHAM-0324-01_30 Car Wreck; WK-BHAM-0324-02_15 Car Wreck; WK-BHAM-0324-05_30 Commercial Accidents; WK-BHAM-0324-06_15 Commercial Accidents; WK-BHAM-0324-07_30 Weekends.mpg; WK-BHAM-0325-01-15_Weekends; WK-BHAM-0325-02-30_Weekends; WK-BHAM-0325-03-15_Car Wreck 3step; WK-BHAM-0325-04-30_Car Wreck 3step; WK-BHAM-0325-05-15_Working Man; WK-BHAM-0325-06-30_ Working Man; WK-BHAM-0325-88-04_Personal; WK-BHAM-0524-91_05 Auto Accidents; WK-BHAM-0524-92_10 Auto Accidents,,Source: 02. February 2025 Traffic Instructions.xlsx,02. February 2025 Traffic Instructions.xlsx,23,,,,
WK,HSV,TV,February,2025,,"2/1 - 2/28 | 2/1-2/2, 2/8-2/9, 2/15-2/16, 2/22-2/23, 3/1-3/2 | 2/1-2/28 | 2/3-2/7, 2/10-2/14, 2/17-2/21, 2/24-2/28",,,WK-HUNT-0125-88-04_Personal; WK-HUNT-0224-11_30 Commercial Vehicles; WK-HUNT-0224-12_15 Commercial Vehicles; WK-HUNT-0224-15_15 On The Job Injury; WK-HUNT-0224-16_30 On The Job Injury; WK-HUNT-0224-17_30 More To Us; WK-HUNT-0224-18_15 More To Us; WK-HUNT-0224-91-05_Commercial Vehicles; WK-HUNT-0224-92-10_Commercial Vehicles; WK-HUNT-0224-95-05_On The Job Injury; WK-HUNT-0224-96-10_On The Job Injury; WK-HUNT-0225-01-30_There Is A Firm; WK-HUNT-0225-02-15_ There Is A Firm; WK-HUNT-0324-01_30 Car Wreck; WK-HUNT-0324-02_15 Car Wreck; WK-HUNT-0324-07_30 Weekends,,Source: 02. February 2025 Traffic Instructions.xlsx,02. February 2025 Traffic Instructions.xlsx,16,,,,
WK,MTG,TV,February,2025,,"1/1-1/3, 1/6-1/10, 1/13-1/17, 1/20-1/24, 1/27-1/31 | 1/1-1/3, 1/6-1/10, 1/13-1/31 | 1/1/2025-1/13/2025 | 1/1/2025-1/31/2025 | 1/18-1/19, 1/25-1/26 | 1/4-1/5, 1/11-1/12 | 1/4-1/5, 1/11-1/12, 1/18-1/19, 1/25-1/26 | 2/1 - 2/28 | 2/1-2/2, 2/8-2/9, 2/15-2/16, 2/22-2/23, 3/1-3/2 | 2/1-2/28 | 2/3-2/7, 2/10-2/14, 2/17-2/21, 2/24-2/28 | ASAP - 1/17, 1/20-1/24, 1/27-1/31 | ASAP - 1/31 | ASAP - 1/31/2025",,,WK-MONT-0125-03-30_Weekend; WK-MONT-0125-04-15_Weekend; WK-MONT-0125-05-30_Commercial Vehicle; WK-MONT-0125-06-15_Commercial Vehicle; WK-MONT-0125-07-30_Car Wreck; WK-MONT-0125-08-15_Car Wreck; WK-MONT-0125-09-30_Injury; WK-MONT-0125-10-15_Injury; WK-MONT-0125-88-04_Personal; WK-MONT-0125-90-10_Car Wreck; WK-MONT-0125-91-05_Car Wreck; WK-MONT-0125-92-10_Injury; WK-MONT-0125-93-05_Injury; WK-MONT-0224-15_15 On The Job Injury; WK-MONT-0224-16_30 On The Job Injury; WK-MONT-0224-17_30 More To Us; WK-MONT-0224-18_15 More To Us; WK-MONT-0224-91-05_Commercial Vehicles; WK-MONT-0224-92-10_Commercial Vehicles; WK-MONT-0224-95-05_On The Job Injury; WK-MONT-0224-96-10_On The Job Injury; WK-MONT-0225-01-30_There Is A Firm; WK-MONT-0225-02-15_ There Is A Firm; WK-MONT-0324-01_30 Car Wreck; WK-MONT-0324-02_15 Car Wreck; WK-MONT-0324-05_30 Commercial Accidents; WK-MONT-0324-06_15 Commercial Accidents; WK-MONT-0324-07_30 Weekends,,Source: 02. February 2025 Traffic Instructions.xlsx,02. February 2025 Traffic Instructions.xlsx,28,,,,
WK,DHN,TV,February,2025,,"2/1 - 2/28 | 2/1-2/2, 2/8-2/9, 2/15-2/16, 2/22-2/23, 3/1-3/2 | 2/1-2/28 | 2/3-2/7, 2/10-2/14, 2/17-2/21, 2/24-2/28",,,WK-DOTH-0125-88-04_Personal; WK-DOTH-0224-15_15 On The Job Injury; WK-DOTH-0224-16_30 On The Job Injury; WK-DOTH-0224-17_30 More To Us; WK-DOTH-0224-18_15 More To Us; WK-DOTH-0224-91-05_Commercial Vehicles; WK-DOTH-0224-92-10_Commercial Vehicles; WK-DOTH-0224-95-05_On The Job Injury; WK-DOTH-0224-96-10_On The Job Injury; WK-DOTH-0225-01-30_There Is A Firm; WK-DOTH-0225-02-15_ There Is A Firm; WK-DOTH-0324-01_30 Car Wreck; WK-DOTH-0324-02_15 Car Wreck; WK-DOTH-0324-05_30 Commercial Accidents; WK-DOTH-0324-06_15 Commercial Accidents; WK-DOTH-0324-07_30 Weekends,,Source: 02. February 2025 Traffic Instructions.xlsx,02. February 2025 Traffic Instructions.xlsx,16,,,,
WK,CHA,TV,February,2025,,"2/1 - 2/28 | 2/1-2/2, 2/8-2/9, 2/15-2/16, 2/22-2/23, 3/1-3/2 | 2/1-2/28 | 2/3-2/7, 2/10-2/14, 2/17-2/21, 2/24-2/28",,,WK-CHAT-0125-01-30_There Is A Firm; WK-CHAT-0125-02-15_There Is A Firm; WK-CHAT-0125-88-04_Personal; WK-CHAT-0224-15_15 On The Job Injury; WK-CHAT-0224-16_30 On The Job Injury; WK-CHAT-0224-17_30 More To Us; WK-CHAT-0224-18_15 More To Us; WK-CHAT-0224-91-05_Commercial Vehicles; WK-CHAT-0224-92-10_Commercial Vehicles; WK-CHAT-0224-95-05_On The Job Injury; WK-CHAT-0224-96-10_On The Job Injury; WK-CHAT-0324-01_30 Car Wreck; WK-CHAT-0324-02_15 Car Wreck; WK-CHAT-0324-05_30 Commercial Accidents; WK-CHAT-0324-06_15 Commercial Accidents; WK-CHAT-0324-07_30 Weekends,,Source: 02. February 2025 Traffic Instructions.xlsx,02. February 2025 Traffic Instructions.xlsx,16,,,,
WK,KNX,TV,February,2025,,"2/1 - 2/28 | 2/1-2/2, 2/8-2/9, 2/15-2/16, 2/22-2/23, 3/1-3/2 | 2/1-2/28 | 2/3-2/7, 2/10-2/14, 2/17-2/21, 2/24-2/28",,,WK-KNOX-0125-01-30_There Is A Firm; WK-KNOX-0125-02-15_There Is A Firm; WK-KNOX-0125-88-04_Personal; WK-KNOX-0224-15_15 On The Job Injury; WK-KNOX-0224-16_30 On The Job Injury; WK-KNOX-0224-91-05_Commercial Vehicles; WK-KNOX-0224-92-10_Commercial Vehicles; WK-KNOX-0224-95-05_On The Job Injury; WK-KNOX-0224-96-10_On The Job Injury; WK-KNOX-0324-01_30 Car Wreck; WK-KNOX-0324-02_15 Car Wreck; WK-KNOX-0324-05_30 Commercial Accidents; WK-KNOX-0324-06_15 Commercial Accidents; WK-KNOX-0324-07_30 Weekends; WK-KNOX-0924-17_30 More To Us; WK-KNOX-0924-18_15 More To Us,,Source: 02. February 2025 Traffic Instructions.xlsx,02. February 2025 Traffic Instructions.xlsx,16,,,,
WK,BRM,TV,March,2025,,"2/1 - 3/31 | 2/13-3/31 | 2/15-2/16, 2/22-2/23, 3/1-3/2, 3/8-3/9, 3/15-3/16, 3/22-3/23, 3/29-3/30 | 2/17-2/21, 2/24-2/28, 3/3-3/7, 3/10-3/14, 3/17-3/21, 3/24-3/28, 3/31-4/4",,,WK-BHAM-0125-01-30_There Is A Firm; WK-BHAM-0125-02-15_There Is A Firm; WK-BHAM-0224-95-05_On The Job Injury; WK-BHAM-0224-96-10_On The Job Injury; WK-BHAM-0325-01-15_Weekends; WK-BHAM-0325-02-30_Weekends; WK-BHAM-0325-03-15_Car Wreck 3step; WK-BHAM-0325-04-30_Car Wreck 3step; WK-BHAM-0325-05-15_Working Man; WK-BHAM-0325-06-30_ Working Man; WK-BHAM-0325-07-15_Premise; WK-BHAM-0325-08-30_ Premise; WK-BHAM-0325-09-15_Branding Legacy; WK-BHAM-0325-10-30_Branding Legacy; WK-BHAM-0325-11-15_Trucking 2; WK-BHAM-0325-12-30_Trucking 2; WK-BHAM-0325-19-15_Distracted Cell Phones; WK-BHAM-0325-20-30_ Distracted Cell Phones; WK-BHAM-0325-88-04_Personal; WK-BHAM-0524-91_05 Auto Accidents; WK-BHAM-0524-92_10 Auto Accidents,,Source: 03. March 2025 Traffic Instructions.xlsx,03. March 2025 Traffic Instructions.xlsx,21,,,,
WK,HSV,TV,March,2025,,"2/1 - 3/31 | 2/15-2/16, 2/22-2/23, 3/1-3/2, 3/8-3/9, 3/15-3/16, 3/22-3/23, 3/29-3/30 | 2/17-2/21, 2/24-2/28, 3/3-3/7, 3/10-3/14, 3/17-3/21, 3/24-3/28, 3/31-4/4 | 2/21 - 3/31",,,WK-HUNT-0224-91-05_Commercial Vehicles; WK-HUNT-0224-92-10_Commercial Vehicles; WK-HUNT-0224-95-05_On The Job Injury; WK-HUNT-0224-96-10_On The Job Injury; WK-HUNT-0225-01-30_There Is A Firm; WK-HUNT-0225-02-15_ There Is A Firm; WK-HUNT-0325-01-15_Weekends; WK-HUNT-0325-02-30_Weekends; WK-HUNT-0325-03-15_Car Wreck 3step; WK-HUNT-0325-04-30_Car Wreck 3step; WK-HUNT-0325-05-15_Working Man; WK-HUNT-0325-06-30_ Working Man; WK-HUNT-0325-07-15_Premise; WK-HUNT-0325-08-30_ Premise Injury; WK-HUNT-0325-09-15_Branding Legacy; WK-HUNT-0325-10-30_Branding Legacy; WK-HUNT-0325-11-15_Trucking 2; WK-HUNT-0325-12-30_Trucking 2; WK-HUNT-0325-19-15_Distracted Cell Phones; WK-HUNT-0325-20-30_ Distracted Cell Phones; WK-HUNT-0325-88-04_Personal,,Source: 03. March 2025 Traffic Instructions.xlsx,03. March 2025 Traffic Instructions.xlsx,21,,,,
WK,MTG,TV,March,2025,,"2/1 - 3/31 | 2/15-2/16, 2/22-2/23, 3/1-3/2, 3/8-3/9, 3/15-3/16, 3/22-3/23, 3/29-3/30 | 2/17-2/21, 2/24-2/28, 3/3-3/7, 3/10-3/14, 3/17-3/21, 3/24-3/28, 3/31-4/4 | 2/21-3/31",,,WK-MONT-0224-91-05_Commercial Vehicles; WK-MONT-0224-92-10_Commercial Vehicles; WK-MONT-0224-95-05_On The Job Injury; WK-MONT-0224-96-10_On The Job Injury; WK-MONT-0225-01-30_There Is A Firm; WK-MONT-0225-02-15_ There Is A Firm; WK-MONT-0325-01-15_Weekends; WK-MONT-0325-02-30_Weekends; WK-MONT-0325-03-15_Car Wreck 3step; WK-MONT-0325-04-30_Car Wreck 3step; WK-MONT-0325-05-15_Working Man; WK-MONT-0325-06-30_ Working Man; WK-MONT-0325-07-15_Premise Injury; WK-MONT-0325-08-30_ Premise Injury; WK-MONT-0325-09-15_Branding Legacy; WK-MONT-0325-10-30_Branding Legacy; WK-MONT-0325-11-15_Trucking 2; WK-MONT-0325-12-30_Trucking 2; WK-MONT-0325-19-15_Distracted Cell Phones; WK-MONT-0325-20-30_ Distracted Cell Phones; WK-MONT-0325-88-04_Personal,,Source: 03. March 2025 Traffic Instructions.xlsx,03. March 2025 Traffic Instructions.xlsx,21,,,,
WK,DHN,TV,March,2025,,"2/1 - 3/31 | 2/15-2/16, 2/22-2/23, 3/1-3/2, 3/8-3/9, 3/15-3/16, 3/22-3/23, 3/29-3/30 | 2/17-2/21, 2/24-2/28, 3/3-3/7, 3/10-3/14, 3/17-3/21, 3/24-3/28, 3/31-4/4 | 2/21-3/31",,,WK-DOTH-0224-91-05_Commercial Vehicles; WK-DOTH-0224-92-10_Commercial Vehicles; WK-DOTH-0224-95-05_On The Job Injury; WK-DOTH-0224-96-10_On The Job Injury; WK-DOTH-0225-01-30_There Is A Firm; WK-DOTH-0225-02-15_ There Is A Firm; WK-DOTH-0325-01-15_Weekends; WK-DOTH-0325-02-30_Weekends; WK-DOTH-0325-03-15_Car Wreck 3step; WK-DOTH-0325-04-30_Car Wreck 3step  3step; WK-DOTH-0325-05-15_Working Man; WK-DOTH-0325-06-30_ Working Man; WK-DOTH-0325-07-15_Premise Injury; WK-DOTH-0325-08-30_ Premise Injury; WK-DOTH-0325-09-15_Branding Legacy; WK-DOTH-0325-10-30_Branding Legacy; WK-DOTH-0325-11-15_Trucking 2; WK-DOTH-0325-12-30_Trucking 2; WK-DOTH-0325-19-15_Distracted Cell Phones; WK-DOTH-0325-20-30_ Distracted Cell Phones; WK-DOTH-0325-88-04_Personal,,Source: 03. March 2025 Traffic Instructions.xlsx,03. March 2025 Traffic Instructions.xlsx,21,,,,
WK,CHA,TV,March,2025,,"2/1 - 3/31 | 2/15-2/16, 2/22-2/23, 3/1-3/2, 3/8-3/9, 3/15-3/16, 3/22-3/23, 3/29-3/30 | 2/17-2/21, 2/24-2/28, 3/3-3/7, 3/10-3/14, 3/17-3/21, 3/24-3/28, 3/31-4/4 | 2/21-3/31",,,WK-CHAT-0125-01-30_There Is A Firm; WK-CHAT-0125-02-15_There Is A Firm; WK-CHAT-0224-91-05_Commercial Vehicles; WK-CHAT-0224-92-10_Commercial Vehicles; WK-CHAT-0224-95-05_On The Job Injury; WK-CHAT-0224-96-10_On The Job Injury; WK-CHAT-0325-01-15_Weekends; WK-CHAT-0325-02-30_Weekends; WK-CHAT-0325-03-15_Car Wreck 3step; WK-CHAT-0325-04-30_Car Wreck 3step; WK-CHAT-0325-05-15_Working Man; WK-CHAT-0325-06-30_ Working Man; WK-CHAT-0325-07-15_Premise Injury; WK-CHAT-0325-08-30_ Premise Injury; WK-CHAT-0325-09-15_Branding Legacy; WK-CHAT-0325-10-30_Branding Legacy; WK-CHAT-0325-11-15_Trucking 2; WK-CHAT-0325-12-30_Trucking 2; WK-CHAT-0325-19-15_Distracted Cell Phones; WK-CHAT-0325-20-30_ Distracted Cell Phones; WK-CHAT-0325-88-04_Personal,,Source: 03. March 2025 Traffic Instructions.xlsx,03. March 2025 Traffic Instructions.xlsx,21,,,,
WK,KNX,TV,March,2025,,"2/1 - 3/31 | 2/15-2/16, 2/22-2/23, 3/1-3/2, 3/8-3/9, 3/15-3/16, 3/22-3/23, 3/29-3/30 | 2/17-2/21, 2/24-2/28, 3/3-3/7, 3/10-3/14, 3/17-3/21, 3/24-3/28, 3/31-4/4 | 2/21-3/31",,,WK-KNOX-0125-01-30_There Is A Firm; WK-KNOX-0125-02-15_There Is A Firm; WK-KNOX-0224-91-05_Commercial Vehicles; WK-KNOX-0224-92-10_Commercial Vehicles; WK-KNOX-0224-95-05_On The Job Injury; WK-KNOX-0224-96-10_On The Job Injury; WK-KNOX-0325-01-15_Weekends; WK-KNOX-0325-02-30_Weekends; WK-KNOX-0325-03-15_Car Wreck 3step; WK-KNOX-0325-04-30_Car Wreck 3step 3step; WK-KNOX-0325-05-15_Working Man; WK-KNOX-0325-06-30_ Working Man; WK-KNOX-0325-07-15_Premise Injury; WK-KNOX-0325-08-30_ Premise Injury; WK-KNOX-0325-09-15_Branding Legacy; WK-KNOX-0325-10-30_Branding Legacy; WK-KNOX-0325-11-15_Trucking 2; WK-KNOX-0325-12-30_Trucking 2; WK-KNOX-0325-19-15_Distracted Cell Phones; WK-KNOX-0325-20-30_ Distracted Cell Phones; WK-KNOX-0325-88-04_Personal,,Source: 03. March 2025 Traffic Instructions.xlsx,03. March 2025 Traffic Instructions.xlsx,21,,,,
WK,BRM,TV,April,2025,,"3/24-3/28, 3/31-4/4, 4/7-4/11, 4/14-4/18, 4/21-4/25, 4/28-5/2 | 3/24-5/2 | 3/29-3/30, 4/5-4/6, 4/12-4/13, 4/19-4/20, 4/26-4/27",,,WK-BHAM-0224-15_15 On The Job Injury; WK-BHAM-0325-01-15_Weekends; WK-BHAM-0325-02-30_Weekends; WK-BHAM-0325-03-15_Car Wreck 3step; WK-BHAM-0325-05-15_Working Man; WK-BHAM-0325-07-15_Premise; WK-BHAM-0325-10-30_Branding Legacy; WK-BHAM-0325-11-15_Trucking 2; WK-BHAM-0325-14-30_Different; WK-BHAM-0325-15-15_Commercial Accident; WK-BHAM-0325-18-30_Mother’s Wreck; WK-BHAM-0325-19-15_Distracted Cell Phones; WK-BHAM-0325-88-04_Personal; WK-BHAM-0325-91-05_Car Wreck; WK-BHAM-0325-92-10_Car Wreck; WK-BHAM-0325-93-05_Premise Injury; WK-BHAM-0325-94-10_Premise Injury; WK-BHAM-0425-01-30_There Is A Firm,,Source: 04. April 2025 Traffic Instructions.xlsx,04. April 2025 Traffic Instructions.xlsx,18,,,,
WK,HSV,TV,April,2025,,"3/24-3/28, 3/31-4/4, 4/7-4/11, 4/14-4/18, 4/21-4/25, 4/28-5/2 | 3/24-5/2 | 3/29-3/30, 4/5-4/6, 4/12-4/13, 4/19-4/20, 4/26-4/27",,,WK-HUNT-0224-15_15 On The Job Injury; WK-HUNT-0325-01-15_Weekends; WK-HUNT-0325-02-30_Weekends; WK-HUNT-0325-03-15_Car Wreck 3step; WK-HUNT-0325-05-15_Working Man; WK-HUNT-0325-07-15_Premise; WK-HUNT-0325-10-30_Branding Legacy; WK-HUNT-0325-11-15_Trucking 2; WK-HUNT-0325-15-15_Commercial Accident; WK-HUNT-0325-18-30_Mother’s Wreck; WK-HUNT-0325-19-15_Distracted Cell Phones; WK-HUNT-0325-88-04_Personal; WK-HUNT-0325-91-05_Car Wreck; WK-HUNT-0325-92-10_Car Wreck; WK-HUNT-0325-93-05_Premise Injury; WK-HUNT-0325-93-10_Premise Injury,,Source: 04. April 2025 Traffic Instructions.xlsx,04. April 2025 Traffic Instructions.xlsx,16,,,,
WK,MTG,TV,April,2025,,"3/24-3/28, 3/31-4/4, 4/7-4/11, 4/14-4/18, 4/21-4/25, 4/28-5/2 | 3/24-5/2 | 3/29-3/30, 4/5-4/6, 4/12-4/13, 4/19-4/20, 4/26-4/27",,,WK-MONT-0325-01-15_Weekends; WK-MONT-0325-02-30_Weekends; WK-MONT-0325-03-15_Car Wreck 3step; WK-MONT-0325-05-15_Working Man; WK-MONT-0325-07-15_Premise Injury; WK-MONT-0325-10-30_Branding Legacy; WK-MONT-0325-11-15_Trucking 2; WK-MONT-0325-15-15_Commercial Accident; WK-MONT-0325-18-30_Mother’s Wreck; WK-MONT-0325-19-15_Distracted Cell Phones; WK-MONT-0325-88-04_Personal; WK-MONT-0325-91-05_Car Wreck; WK-MONT-0325-92-10_Car Wreck; WK-MONT-0325-93-05_Premise Injury; WK-MONT-0325-94-10_Premise Injury,,Source: 04. April 2025 Traffic Instructions.xlsx,04. April 2025 Traffic Instructions.xlsx,15,,,,
WK,DHN,TV,April,2025,,"3/24-3/28, 3/31-4/4, 4/7-4/11, 4/14-4/18, 4/21-4/25, 4/28-5/2 | 3/24-5/2 | 3/29-3/30, 4/5-4/6, 4/12-4/13, 4/19-4/20, 4/26-4/27",,,WK-DOTH-0325-01-15_Weekends; WK-DOTH-0325-02-30_Weekends; WK-DOTH-0325-03-15_Car Wreck 3step; WK-DOTH-0325-05-15_Working Man; WK-DOTH-0325-07-15_Premise Injury; WK-DOTH-0325-10-30_Branding Legacy; WK-DOTH-0325-11-15_Trucking 2; WK-DOTH-0325-15-15_Commercial Accident; WK-DOTH-0325-18-30_Mother’s Wreck; WK-DOTH-0325-19-15_Distracted Cell Phones; WK-DOTH-0325-88-04_Personal; WK-DOTH-0325-91-05_Car Wreck; WK-DOTH-0325-92-10_Car Wreck; WK-DOTH-0325-93-05_Premise Injury; WK-DOTH-0325-93-10_Premise Injury,,Source: 04. April 2025 Traffic Instructions.xlsx,04. April 2025 Traffic Instructions.xlsx,15,,,,
WK,CHA,TV,April,2025,,"3/24-3/28, 3/31-4/4, 4/7-4/11, 4/14-4/18, 4/21-4/25, 4/28-5/2 | 3/24-5/2 | 3/29-3/30, 4/5-4/6, 4/12-4/13, 4/19-4/20, 4/26-4/27",,,WK-CHAT-0224-15_15 On The Job Injury; WK-CHAT-0325-01-15_Weekends; WK-CHAT-0325-02-30_Weekends; WK-CHAT-0325-03-15_Car Wreck 3step; WK-CHAT-0325-05-15_Working Man; WK-CHAT-0325-07-15_Premise Injury; WK-CHAT-0325-10-30_Branding Legacy; WK-CHAT-0325-11-15_Trucking 2; WK-CHAT-0325-15-15_Commercial Accident; WK-CHAT-0325-18-30_Mother’s Wreck; WK-CHAT-0325-19-15_Distracted Cell Phones; WK-CHAT-0325-88-04_Personal; WK-CHAT-0325-91-05_Car Wreck; WK-CHAT-0325-92-10_Car Wreck; WK-CHAT-0325-93-05_Premise Injury; WK-CHAT-0325-94-10_Premise Injury,,Source: 04. April 2025 Traffic Instructions.xlsx,04. April 2025 Traffic Instructions.xlsx,16,,,,
WK,KNX,TV,April,2025,,"3/24-3/28, 3/31-4/4, 4/7-4/11, 4/14-4/18, 4/21-4/25, 4/28-5/2 | 3/24-5/2 | 3/29-3/30, 4/5-4/6, 4/12-4/13, 4/19-4/20, 4/26-4/27",,,WK-KNOX-0325-01-15_Weekends; WK-KNOX-0325-02-30_Weekends; WK-KNOX-0325-03-15_Car Wreck 3step; WK-KNOX-0325-05-15_Working Man; WK-KNOX-0325-07-15_Premise Injury; WK-KNOX-0325-10-30_Branding Legacy; WK-KNOX-0325-11-15_Trucking 2; WK-KNOX-0325-14-30_Different; WK-KNOX-0325-15-15_Commercial Accident; WK-KNOX-0325-19-15_Distracted Cell Phones; WK-KNOX-0325-88-04_Personal; WK-KNOX-0325-91-05_Car Wreck; WK-KNOX-0325-92-10_car Wreck; WK-KNOX-0325-93-05_Premise Injury; WK-KNOX-0325-94-10_Premise Injury,,Source: 04. April 2025 Traffic Instructions.xlsx,04. April 2025 Traffic Instructions.xlsx,15,,,,
WK,BRM,TV,May,2025,,"4/28-5/2, 5/5-5/9, 5/12-5/16, 5/19-5/23, 5/26-5/30 | 5/1-6/2 | 5/3-5/4, 5/10-5/11, 5/17-5/18, 5/24-5/25, 5/31-6/1",,,WK-BHAM-0224-15_15 On The Job Injury; WK-BHAM-0325-01-15_Weekends; WK-BHAM-0325-02-30_Weekends; WK-BHAM-0325-03-15_Car Wreck 3step; WK-BHAM-0325-05-15_Working Man; WK-BHAM-0325-07-15_Premise; WK-BHAM-0325-10-30_Branding Legacy; WK-BHAM-0325-11-15_Trucking 2; WK-BHAM-0325-14-30_Different; WK-BHAM-0325-15-15_Commercial Accident; WK-BHAM-0325-18-30_Mother’s Wreck; WK-BHAM-0325-19-15_Distracted Cell Phones; WK-BHAM-0325-88-04_Personal; WK-BHAM-0325-91-05_Car Wreck; WK-BHAM-0325-92-10_Car Wreck; WK-BHAM-0325-93-05_Premise Injury; WK-BHAM-0325-94-10_Premise Injury,,Source: 05. May 2025 Traffic Instructions.xlsx,05. May 2025 Traffic Instructions.xlsx,17,,,,
WK,HSV,TV,May,2025,,"4/28-5/2, 5/5-5/9, 5/12-5/16, 5/19-5/23, 5/26-5/30 | 5/1-6/2 | 5/3-5/4, 5/10-5/11, 5/17-5/18, 5/24-5/25, 5/31-6/1",,,WK-HUNT-0224-15_15 On The Job Injury; WK-HUNT-0325-01-15_Weekends; WK-HUNT-0325-01-30_There Is A Firm; WK-HUNT-0325-02-30_Weekends; WK-HUNT-0325-03-15_Car Wreck 3step; WK-HUNT-0325-05-15_Working Man; WK-HUNT-0325-07-15_Premise; WK-HUNT-0325-10-30_Branding Legacy; WK-HUNT-0325-11-15_Trucking 2; WK-HUNT-0325-15-15_Commercial Accident; WK-HUNT-0325-18-30_Mother’s Wreck; WK-HUNT-0325-19-15_Distracted Cell Phones; WK-HUNT-0325-88-04_Personal; WK-HUNT-0325-91-05_Car Wreck; WK-HUNT-0325-92-10_Car Wreck; WK-HUNT-0325-93-05_Premise Injury; WK-HUNT-0325-93-10_Premise Injury,,Source: 05. May 2025 Traffic Instructions.xlsx,05. May 2025 Traffic Instructions.xlsx,17,,,,
WK,MTG,TV,May,2025,,"4/28-5/2, 5/5-5/9, 5/12-5/16, 5/19-5/23, 5/26-5/30 | 5/1-6/2 | 5/3-5/4, 5/10-5/11, 5/17-5/18, 5/24-5/25, 5/31-6/1",,,WK-MONT-0325-01-15_Weekends; WK-MONT-0325-01-30_There Is A Firm; WK-MONT-0325-02-30_Weekends; WK-MONT-0325-03-15_Car Wreck 3step; WK-MONT-0325-05-15_Working Man; WK-MONT-0325-07-15_Premise Injury; WK-MONT-0325-10-30_Branding Legacy; WK-MONT-0325-11-15_Trucking 2; WK-MONT-0325-15-15_Commercial Accident; WK-MONT-0325-18-30_Mother’s Wreck; WK-MONT-0325-19-15_Distracted Cell Phones; WK-MONT-0325-88-04_Personal; WK-MONT-0325-91-05_Car Wreck; WK-MONT-0325-92-10_Car Wreck; WK-MONT-0325-93-05_Premise Injury; WK-MONT-0325-94-10_Premise Injury,,Source: 05. May 2025 Traffic Instructions.xlsx,05. May 2025 Traffic Instructions.xlsx,16,,,,
WK,DHN,TV,May,2025,,"4/28-5/2, 5/5-5/9, 5/12-5/16, 5/19-5/23, 5/26-5/30 | 5/1-6/2 | 5/3-5/4, 5/10-5/11, 5/17-5/18, 5/24-5/25, 5/31-6/1",,,WK-DOTH-0325-01-15_Weekends; WK-DOTH-0325-02-30_Weekends; WK-DOTH-0325-03-15_Car Wreck 3step; WK-DOTH-0325-05-15_Working Man; WK-DOTH-0325-07-15_Premise Injury; WK-DOTH-0325-10-30_Branding Legacy; WK-DOTH-0325-11-15_Trucking 2; WK-DOTH-0325-14-30_Different; WK-DOTH-0325-15-15_Commercial Accident; WK-DOTH-0325-18-30_Mother’s Wreck; WK-DOTH-0325-19-15_Distracted Cell Phones; WK-DOTH-0325-88-04_Personal; WK-DOTH-0325-91-05_Car Wreck; WK-DOTH-0325-92-10_Car Wreck; WK-DOTH-0325-93-05_Premise Injury; WK-DOTH-0325-93-10_Premise Injury,,Source: 05. May 2025 Traffic Instructions.xlsx,05. May 2025 Traffic Instructions.xlsx,16,,,,
WK,CHA,TV,May,2025,,"4/28-5/2, 5/5-5/9, 5/12-5/16, 5/19-5/23, 5/26-5/30 | 5/1-6/2 | 5/3-5/4, 5/10-5/11, 5/17-5/18, 5/24-5/25, 5/31-6/1",,,WK-CHAT-0224-15_15 On The Job Injury; WK-CHAT-0325-01-15_Weekends; WK-CHAT-0325-02-30_Weekends; WK-CHAT-0325-03-15_Car Wreck 3step; WK-CHAT-0325-05-15_Working Man; WK-CHAT-0325-07-15_Premise Injury; WK-CHAT-0325-10-30_Branding Legacy; WK-CHAT-0325-11-15_Trucking 2; WK-CHAT-0325-15-15_Commercial Accident; WK-CHAT-0325-18-30_Mother’s Wreck; WK-CHAT-0325-19-15_Distracted Cell Phones; WK-CHAT-0325-88-04_Personal; WK-CHAT-0325-91-05_Car Wreck; WK-CHAT-0325-92-10_Car Wreck; WK-CHAT-0325-93-05_Premise Injury; WK-CHAT-0325-94-10_Premise Injury; WK-CHAT-0425-01-30_There Is A Firm,,Source: 05. May 2025 Traffic Instructions.xlsx,05. May 2025 Traffic Instructions.xlsx,17,,,,
WK,KNX,TV,May,2025,,"4/28-5/2, 5/5-5/9, 5/12-5/16, 5/19-5/23, 5/26-5/30 | 5/1-6/2 | 5/3-5/4, 5/10-5/11, 5/17-5/18, 5/24-5/25, 5/31-6/1",,,WK-KNOX-0325-01-15_Weekends; WK-KNOX-0325-02-30_Weekends; WK-KNOX-0325-03-15_Car Wreck 3step; WK-KNOX-0325-05-15_Working Man; WK-KNOX-0325-07-15_Premise Injury; WK-KNOX-0325-10-30_Branding Legacy; WK-KNOX-0325-11-15_Trucking 2; WK-KNOX-0325-14-30_Different; WK-KNOX-0325-15-15_Commercial Accident; WK-KNOX-0325-18-30_Mother’s Wreck; WK-KNOX-0325-19-15_Distracted Cell Phones; WK-KNOX-0325-88-04_Personal; WK-KNOX-0325-91-05_Car Wreck; WK-KNOX-0325-92-10_car Wreck; WK-KNOX-0325-93-05_Premise Injury; WK-KNOX-0325-94-10_Premise Injury,,Source: 05. May 2025 Traffic Instructions.xlsx,05. May 2025 Traffic Instructions.xlsx,16,,,,
WK,BRM,TV,June,2025,,"5/31-6/1, 6/7-6/8, 6/14-6/15, 6/21-6/22, 6/28-6/29 | 6/1-6/30 | 6/2-6/6, 6/9-6/13, 6/16-6/20, 6/23-6/27, 6/30-7/4 | 69.0",,,WK-BHAM-0325-01-15_Weekends; WK-BHAM-0325-02-30_Weekends; WK-BHAM-0325-07-15_Premise; WK-BHAM-0325-10-30_Branding Legacy; WK-BHAM-0325-14-30_Different; WK-BHAM-0325-15-15_Commercial Accident; WK-BHAM-0325-19-15_Distracted Cell Phones; WK-BHAM-0325-88-04_Personal; WK-BHAM-0325-91-05_Car Wreck; WK-BHAM-0325-92-10_Car Wreck; WK-BHAM-0325-93-05_Premise Injury; WK-BHAM-0325-94-10_Premise Injury; WK-BHAM-0425-01-30_There Is A Firm; WK-BHAM-0525-01-15_Car Wreck; WK-BHAM-0525-03-15_Trucking Accident; WK-BHAM-0525-05-15_Work Comp,,Source: 06. June 2025 Traffic Instructions.xlsx,06. June 2025 Traffic Instructions.xlsx,16,,,,
WK,HSV,TV,June,2025,,"5/31-6/1, 6/7-6/8, 6/14-6/15, 6/21-6/22, 6/28-6/29 | 6/1-6/30 | 6/2-6/6, 6/9-6/13, 6/16-6/20, 6/23-6/27, 6/30-7/4",,,WK-HUNT-0325-01-15_Weekends; WK-HUNT-0325-01-30_There Is A Firm; WK-HUNT-0325-02-30_Weekends; WK-HUNT-0325-07-15_Premise; WK-HUNT-0325-14-30_Different; WK-HUNT-0325-15-15_Commercial Accident; WK-HUNT-0325-18-30_Mother’s Wreck; WK-HUNT-0325-19-15_Distracted Cell Phones; WK-HUNT-0325-88-04_Personal; WK-HUNT-0325-91-05_Car Wreck; WK-HUNT-0325-92-10_Car Wreck; WK-HUNT-0325-93-05_Premise Injury; WK-HUNT-0325-93-10_Premise Injury; WK-HUNT-0525-01-15_Car Wreck; WK-HUNT-0525-03-15_Trucking Accident; WK-HUNT-0525-05-15_Work Comp,,Source: 06. June 2025 Traffic Instructions.xlsx,06. June 2025 Traffic Instructions.xlsx,16,,,,
WK,MTG,TV,June,2025,,"5/31-6/1, 6/7-6/8, 6/14-6/15, 6/21-6/22, 6/28-6/29 | 6/1-6/30 | 6/2-6/6, 6/9-6/13, 6/16-6/20, 6/23-6/27, 6/30-7/4",,,WK-MONT-0325-01-15_Weekends; WK-MONT-0325-01-30_There Is A Firm; WK-MONT-0325-02-30_Weekends; WK-MONT-0325-07-15_Premise Injury; WK-MONT-0325-10-30_Branding Legacy; WK-MONT-0325-14-30_Different; WK-MONT-0325-15-15_Commercial Accident; WK-MONT-0325-88-04_Personal; WK-MONT-0325-91-05_Car Wreck; WK-MONT-0325-92-10_Car Wreck; WK-MONT-0325-93-05_Premise Injury; WK-MONT-0325-94-10_Premise Injury; WK-MONT-0525-01-15_Car Wreck; WK-MONT-0525-03-15_Trucking Accident; WK-MONT-0525-05-15_Work Comp,,Source: 06. June 2025 Traffic Instructions.xlsx,06. June 2025 Traffic Instructions.xlsx,15,,,,
WK,DHN,TV,June,2025,,"5/31-6/1, 6/7-6/8, 6/14-6/15, 6/21-6/22, 6/28-6/29 | 6/1-6/30 | 6/2-6/6, 6/9-6/13, 6/16-6/20, 6/23-6/27, 6/30-7/4",,,WK-DOTH-0525-01-15_Car Wreck; WK-DOTH-0525-03-15_Trucking Accident; WK-DOTH-0525-05-15_Work Comp; WK-DOTH-0625-01-15_Weekends; WK-DOTH-0625-02-30_Weekends; WK-DOTH-0625-07-15_Premise Injury; WK-DOTH-0625-14-30_Different; WK-DOTH-0625-15-15_Commercial Accident; WK-DOTH-0625-88-04_Personal; WK-DOTH-0625-91-05_Car Wreck; WK-DOTH-0625-92-10_Car Wreck; WK-DOTH-0625-93-05_Premise Injury,,Source: 06. June 2025 Traffic Instructions.xlsx,06. June 2025 Traffic Instructions.xlsx,12,,,,
WK,CHA,TV,June,2025,,"5/31-6/1, 6/7-6/8, 6/14-6/15, 6/21-6/22, 6/28-6/29 | 6/1-6/30 | 6/2-6/6, 6/9-6/13, 6/16-6/20, 6/23-6/27, 6/30-7/4",,,WK-CHAT-0325-01-15_Weekends; WK-CHAT-0325-02-30_Weekends; WK-CHAT-0325-07-15_Premise Injury; WK-CHAT-0325-10-30_Branding Legacy; WK-CHAT-0325-14-30_Different; WK-CHAT-0325-15-15_Commercial Accident; WK-CHAT-0325-18-30_Mother’s Wreck; WK-CHAT-0325-19-15_Distracted Cell Phones; WK-CHAT-0325-88-04_Personal; WK-CHAT-0325-91-05_Car Wreck; WK-CHAT-0325-92-10_Car Wreck; WK-CHAT-0325-93-05_Premise Injury; WK-CHAT-0325-94-10_Premise Injury; WK-CHAT-0525-01-15_Car Wreck; WK-CHAT-0525-03-15_Trucking Accident; WK-CHAT-0525-05-15_Work Comp,,Source: 06. June 2025 Traffic Instructions.xlsx,06. June 2025 Traffic Instructions.xlsx,16,,,,
WK,KNX,TV,June,2025,,"5/31-6/1, 6/7-6/8, 6/14-6/15, 6/21-6/22, 6/28-6/29 | 6/1-6/30 | 6/2-6/6, 6/9-6/13, 6/16-6/20, 6/23-6/27, 6/30-7/4",,,WK-KNOX-0325-01-15_Weekends; WK-KNOX-0325-02-30_Weekends; WK-KNOX-0325-03-15_Car Wreck 3step; WK-KNOX-0325-07-15_Premise Injury; WK-KNOX-0325-10-30_Branding Legacy; WK-KNOX-0325-14-30_Different; WK-KNOX-0325-15-15_Commercial Accident; WK-KNOX-0325-18-30_Mother’s Wreck; WK-KNOX-0325-88-04_Personal; WK-KNOX-0325-91-05_Car Wreck; WK-KNOX-0325-92-10_car Wreck; WK-KNOX-0325-93-05_Premise Injury; WK-KNOX-0325-94-10_Premise Injury; WK-KNOX-0525-01-15_Car Wreck; WK-KNOX-0525-03-15_Trucking Accident; WK-KNOX-0525-05-15_Work Comp,,Source: 06. June 2025 Traffic Instructions.xlsx,06. June 2025 Traffic Instructions.xlsx,16,,,,
WK,BRM,TV,July,2025,,"6/28-6/29, 7/5-7/6, 7/12-7/13, 7/19-7/20, 7/26-7/27 | 6/30-7/31 | 6/30-7/4, 7/7-7/11, 7/14-7/18, 7/21-7/25, 7/28-7/31",,,WK-BHAM-0325-01-15_Weekends; WK-BHAM-0325-02-30_Weekends; WK-BHAM-0325-03-15_Car Wreck 3step; WK-BHAM-0325-10-30_Branding Legacy; WK-BHAM-0325-14-30_Different; WK-BHAM-0325-18-30_Mother’s Wreck; WK-BHAM-0325-88-04_Personal; WK-BHAM-0325-91-05_Car Wreck; WK-BHAM-0325-92-10_Car Wreck; WK-BHAM-0325-93-05_Premise Injury; WK-BHAM-0325-94-10_Premise Injury; WK-BHAM-0525-05-15_Work Comp; WK-BHAM-0625-07-15_Commercial Vehicle; WK-BHAM-0625-08-15_Premise Injury,,Source: 07. July 2025 Traffic Instructions.xlsx,07. July 2025 Traffic Instructions.xlsx,14,,,,
WK,HSV,TV,July,2025,,"6/28-6/29, 7/5-7/6, 7/12-7/13, 7/19-7/20, 7/26-7/27 | 6/30-7/31 | 6/30-7/4, 7/7-7/11, 7/14-7/18, 7/21-7/25, 7/28-7/31",,,WK-HUNT-0325-01-15_Weekends; WK-HUNT-0325-02-30_Weekends; WK-HUNT-0325-03-15_Car Wreck 3step; WK-HUNT-0325-05-15_Working Man; WK-HUNT-0325-10-30_Branding Legacy; WK-HUNT-0325-14-30_Different; WK-HUNT-0325-18-30_Mother’s Wreck; WK-HUNT-0325-88-04_Personal; WK-HUNT-0325-91-05_Car Wreck; WK-HUNT-0325-92-10_Car Wreck; WK-HUNT-0325-93-05_Premise Injury; WK-HUNT-0325-93-10_Premise Injury; WK-HUNT-0625-07-15_Commercial Vehicle; WK-HUNT-0625-08-15_Premise Injury,,Source: 07. July 2025 Traffic Instructions.xlsx,07. July 2025 Traffic Instructions.xlsx,14,,,,
WK,MTG,TV,July,2025,,"6/28-6/29, 7/5-7/6, 7/12-7/13, 7/19-7/20, 7/26-7/27 | 6/30-7/31 | 6/30-7/4, 7/7-7/11, 7/14-7/18, 7/21-7/25, 7/28-7/31 | 7/1-7/31 | 7/5-7/6, 7/12-7/13, 7/19-7/20, 7/26-7/27",,,WK-MONT-0325-01-15_Weekends; WK-MONT-0325-02-30_Weekends; WK-MONT-0325-03-15_Car Wreck 3step; WK-MONT-0325-05-15_Working Man; WK-MONT-0325-10-30_Branding Legacy; WK-MONT-0325-14-30_Different; WK-MONT-0325-18-30_Mother’s Wreck; WK-MONT-0325-88-04_Personal; WK-MONT-0325-91-05_Car Wreck; WK-MONT-0325-92-10_Car Wreck; WK-MONT-0325-93-05_Premise Injury; WK-MONT-0325-94-10_Premise Injury; WK-MONT-0625-07-15_Commercial Vehicle; WK-MONT-0625-08-15_Premise Injury,,Source: 07. July 2025 Traffic Instructions.xlsx,07. July 2025 Traffic Instructions.xlsx,14,,,,
WK,DHN,TV,July,2025,,"6/30-7/31 | 6/30-7/4, 7/7-7/11, 7/14-7/18, 7/21-7/25, 7/28-7/31 | 7/5-7/6, 7/12-7/13, 7/19-7/20, 7/26-7/27",,,WK-DOTH-0525-01-15_Car Wreck; WK-DOTH-0625-01-15_Weekends; WK-DOTH-0625-02-30_Weekends; WK-DOTH-0625-03-15_Car Wreck 3step; WK-DOTH-0625-08-15_Premise Injury; WK-DOTH-0625-88-04_Personal; WK-DOTH-0625-91-05_Car Wreck; WK-DOTH-0625-92-10_Car Wreck; WK-DOTH-0625-93-05_Premise Injury; WK-DOTH-0725-05-15_Working Man; WK-DOTH-0725-07-15_Commercial Vehicle; WK-DOTH-0725-17-15_Mother’s Wreck,,Source: 07. July 2025 Traffic Instructions.xlsx,07. July 2025 Traffic Instructions.xlsx,12,,,,
WK,CHA,TV,July,2025,,"6/28-6/29, 7/5-7/6, 7/12-7/13, 7/19-7/20, 7/26-7/27 | 6/30-7/31 | 6/30-7/4, 7/7-7/11, 7/14-7/18, 7/21-7/25, 7/28-7/31",,,WK-CHAT-0325-01-15_Weekends; WK-CHAT-0325-02-30_Weekends; WK-CHAT-0325-03-15_Car Wreck 3step; WK-CHAT-0325-05-15_Working Man; WK-CHAT-0325-18-30_Mother’s Wreck; WK-CHAT-0325-19-15_Distracted Cell Phones; WK-CHAT-0325-88-04_Personal; WK-CHAT-0325-91-05_Car Wreck; WK-CHAT-0325-92-10_Car Wreck; WK-CHAT-0325-93-05_Premise Injury; WK-CHAT-0325-94-10_Premise Injury; WK-CHAT-0425-01-30_There Is A Firm; WK-CHAT-0625-07-15_Commercial Vehicle; WK-CHAT-0625-08-15_Premise Injury,,Source: 07. July 2025 Traffic Instructions.xlsx,07. July 2025 Traffic Instructions.xlsx,14,,,,
WK,KNX,TV,July,2025,,"7/1-7/31 | 7/1-7/4, 7/7-7/11, 7/14-7/18, 7/21-7/25, 7/28-7/31 | 7/5-7/6, 7/12-7/13, 7/19-7/20, 7/26-7/27",,,WK-KNOX-0325-01-15_Weekends; WK-KNOX-0325-02-30_Weekends; WK-KNOX-0325-03-15_Car Wreck 3step; WK-KNOX-0325-07-15_Premise Injury; WK-KNOX-0325-10-30_Branding Legacy; WK-KNOX-0325-14-30_Different; WK-KNOX-0325-15-15_Commercial Accident; WK-KNOX-0325-18-30_Mother’s Wreck; WK-KNOX-0325-88-04_Personal; WK-KNOX-0325-91-05_Car Wreck; WK-KNOX-0325-92-10_car Wreck; WK-KNOX-0325-93-05_Premise Injury; WK-KNOX-0325-94-10_Premise Injury; WK-KNOX-0525-01-15_Car Wreck; WK-KNOX-0525-03-15_Trucking Accident; WK-KNOX-0525-05-15_Work Comp,,Source: 07. July 2025 Traffic Instructions.xlsx,07. July 2025 Traffic Instructions.xlsx,16,,,,
WK,BRM,TV,August,2025,,"8/1, 8/4-8/8, 8/11-8/15, 8/18-8/22, 8/25-8/29,9/1-9/5 | 8/1-9/5 | 8/2-8/3, 8/9-8/10, 8/16-8/17, 8/23-8/24, 8/30-8/31",,,WK-BHAM-0325-01-15_Weekends; WK-BHAM-0325-02-30_Weekends; WK-BHAM-0325-03-15_Car Wreck 3step; WK-BHAM-0325-07-15_Premise Injury; WK-BHAM-0325-11-15_Trucking 2; WK-BHAM-0325-14-30_Different; WK-BHAM-0325-18-30_Mother’s Wreck; WK-BHAM-0325-88-04_Personal; WK-BHAM-0325-91-05_Car Wreck; WK-BHAM-0325-92-10_Car Wreck; WK-BHAM-0325-93-05_Premise Injury; WK-BHAM-0325-94-10_Premise Injury; WK-BHAM-0525-01-15_Car Wreck; WK-BHAM-0525-05-15_Work Comp; WK-BHAM-0625-07-15_Commercial Vehicle; WK-BHAM-0625-08-15_Premise Injury; WK-BHAM-0825-01-30_Local Lawyers,,Source: 08. August 2025 Traffic Instructions.xlsx,08. August 2025 Traffic Instructions.xlsx,17,,,,
WK,HSV,TV,August,2025,,"8/1, 8/4-8/8, 8/11-8/15, 8/18-8/22, 8/25-8/29,9/1-9/5 | 8/1-9/5 | 8/2-8/3, 8/9-8/10, 8/16-8/17, 8/23-8/24, 8/30-8/31",,,WK-HUNT-0325-01-15_Weekends; WK-HUNT-0325-01-30_There Is A Firm; WK-HUNT-0325-02-30_Weekends; WK-HUNT-0325-03-15_Car Wreck 3step; WK-HUNT-0325-05-15_Working Man; WK-HUNT-0325-10-30_Branding Legacy; WK-HUNT-0325-11-15_Trucking 2; WK-HUNT-0325-18-30_Mother’s Wreck; WK-HUNT-0325-19-15_Distracted Cell Phones; WK-HUNT-0325-88-04_Personal; WK-HUNT-0325-91-05_Car Wreck; WK-HUNT-0325-92-10_Car Wreck; WK-HUNT-0325-93-05_Premise Injury; WK-HUNT-0325-93-10_Premise Injury; WK-HUNT-0525-05-15_Work Comp; WK-HUNT-0625-08-15_Premise Injury,,Source: 08. August 2025 Traffic Instructions.xlsx,08. August 2025 Traffic Instructions.xlsx,16,,,,
WK,MTG,TV,August,2025,,"8/1, 8/4-8/8, 8/11-8/15, 8/18-8/22, 8/25-8/29,9/1-9/5 | 8/1-9/5 | 8/2-8/3, 8/9-8/10, 8/16-8/17, 8/23-8/24, 8/30-8/31",,,WK-MONT-0325-01-15_Weekends; WK-MONT-0325-02-30_Weekends; WK-MONT-0325-03-15_Car Wreck 3step; WK-MONT-0325-05-15_Working Man; WK-MONT-0325-07-15_Premise Injury; WK-MONT-0325-10-30_Branding Legacy; WK-MONT-0325-11-15_Trucking 2; WK-MONT-0325-14-30_Different; WK-MONT-0325-18-30_Mother’s Wreck; WK-MONT-0325-19-15_Distracted Cell Phones; WK-MONT-0325-88-04_Personal; WK-MONT-0325-91-05_Car Wreck; WK-MONT-0325-92-10_Car Wreck; WK-MONT-0325-93-05_Premise Injury; WK-MONT-0325-94-10_Premise Injury; WK-MONT-0525-05-15_Work Comp; WK-MONT-0625-07-15_Commercial Vehicle; WK-MONT-0625-08-15_Premise Injury,,Source: 08. August 2025 Traffic Instructions.xlsx,08. August 2025 Traffic Instructions.xlsx,18,,,,
WK,DHN,TV,August,2025,,"2025-08-01 00:00:00 | 8/1, 8/4-8/8, 8/11-8/15, 8/18-8/22, 8/25-8/29,9/1-9/5 | 8/1-9/5 | 8/2-8/3, 8/9-8/10, 8/16-8/17, 8/23-8/24, 8/30-8/31",,,WK-DOTH-0525-01-15_Car Wreck; WK-DOTH-0525-05-15_Work Comp; WK-DOTH-0625-01-15_Weekends; WK-DOTH-0625-02-30_Weekends; WK-DOTH-0625-03-15_Car Wreck 3step; WK-DOTH-0625-08-15_Premise Injury; WK-DOTH-0625-88-04_Personal; WK-DOTH-0625-91-05_Car Wreck; WK-DOTH-0625-92-10_Car Wreck; WK-DOTH-0625-93-05_Premise Injury; WK-DOTH-0725-05-15_Working Man; WK-DOTH-0725-07-15_Commercial Vehicle; WK-DOTH-0725-11-15_Trucking 2; WK-DOTH-0725-17-15_Mother’s Wreck,,Source: 08. August 2025 Traffic Instructions.xlsx,08. August 2025 Traffic Instructions.xlsx,14,,,,
WK,CHA,TV,August,2025,,"8/1, 8/4-8/8, 8/11-8/15, 8/18-8/22, 8/25-8/29,9/1-9/5 | 8/1-9/5 | 8/2-8/3, 8/9-8/10, 8/16-8/17, 8/23-8/24, 8/30-8/31",,,WK-CHAT-0325-01-15_Weekends; WK-CHAT-0325-02-30_Weekends; WK-CHAT-0325-03-15_Car Wreck 3step; WK-CHAT-0325-05-15_Working Man; WK-CHAT-0325-07-15_Premise Injury; WK-CHAT-0325-10-30_Branding Legacy; WK-CHAT-0325-11-15_Trucking 2; WK-CHAT-0325-18-30_Mother’s Wreck; WK-CHAT-0325-19-15_Distracted Cell Phones; WK-CHAT-0325-88-04_Personal; WK-CHAT-0325-91-05_Car Wreck; WK-CHAT-0325-92-10_Car Wreck; WK-CHAT-0325-93-05_Premise Injury; WK-CHAT-0325-94-10_Premise Injury; WK-CHAT-0425-01-30_There Is A Firm; WK-CHAT-0525-05-15_Work Comp; WK-CHAT-0625-07-15_Commercial Vehicle; WK-CHAT-0625-08-15_Premise Injury,,Source: 08. August 2025 Traffic Instructions.xlsx,08. August 2025 Traffic Instructions.xlsx,18,,,,
WK,KNX,TV,August,2025,,"8/1, 8/4-8/8, 8/11-8/15, 8/18-8/22, 8/25-8/29,9/1-9/5 | 8/1-9/5 | 8/2-8/3, 8/9-8/10, 8/16-8/17, 8/23-8/24, 8/30-8/31",,,WK-KNOX-0325-01-15_Weekends; WK-KNOX-0325-02-30_Weekends; WK-KNOX-0325-03-15_Car Wreck 3step; WK-KNOX-0325-05-15_Working Man; WK-KNOX-0325-07-15_Premise Injury; WK-KNOX-0325-10-30_Branding Legacy; WK-KNOX-0325-11-15_Trucking 2; WK-KNOX-0325-14-30_Different; WK-KNOX-0325-15-15_Commercial Accident; WK-KNOX-0325-18-30_Mother’s Wreck; WK-KNOX-0325-88-04_Personal; WK-KNOX-0325-91-05_Car Wreck; WK-KNOX-0325-92-10_car Wreck; WK-KNOX-0325-93-05_Premise Injury; WK-KNOX-0325-94-10_Premise Injury; WK-KNOX-0525-01-15_Car Wreck; WK-KNOX-0525-05-15_Work Comp; WK-KNOX-0625-07-15_Premise Injury,,Source: 08. August 2025 Traffic Instructions.xlsx,08. August 2025 Traffic Instructions.xlsx,18,,,,
WK,BRM,TV,September,2025,,"9/1-10/3 | 9/1-9/5, 9/8-9/12, 9/15-9/19, 9/22-9/26, 9/29-10/3 | 9/6-9/7, 9/13-9/14, 9/20-9/21, 9/27-9/28",,,WK-BHAM-0325-01-15_Weekends; WK-BHAM-0325-02-30_Weekends; WK-BHAM-0325-05-15_Working Man; WK-BHAM-0325-11-15_Trucking 2; WK-BHAM-0325-18-30_Mother’s Wreck; WK-BHAM-0325-88-04_Personal; WK-BHAM-0325-91-05_Car Wreck; WK-BHAM-0325-92-10_Car Wreck; WK-BHAM-0325-93-05_Premise Injury; WK-BHAM-0325-94-10_Premise Injury; WK-BHAM-0525-01-15_Car Wreck; WK-BHAM-0525-05-15_Work Comp; WK-BHAM-0625-08-15_Premise Injury; WK-BHAM-0825-01-30_Local Lawyers; WK-BHAM-0825-02-30_Personal,,Source: 09. September 2025 Traffic Instructions.xlsx,09. September 2025 Traffic Instructions.xlsx,15,,,,
WK,HSV,TV,September,2025,,"9/1-10/3 | 9/1-9/5, 9/8-9/12, 9/15-9/19, 9/22-9/26, 9/29-10/3 | 9/6-9/7, 9/13-9/14, 9/20-9/21, 9/27-9/28",,,WK-HUNT-0325-01-15_Weekends; WK-HUNT-0325-02-30_Weekends; WK-HUNT-0325-05-15_Working Man; WK-HUNT-0325-10-30_Branding Legacy; WK-HUNT-0325-11-15_Trucking 2; WK-HUNT-0325-18-30_Mother’s Wreck; WK-HUNT-0325-88-04_Personal; WK-HUNT-0325-91-05_Car Wreck; WK-HUNT-0325-92-10_Car Wreck; WK-HUNT-0325-93-05_Premise Injury; WK-HUNT-0325-93-10_Premise Injury; WK-HUNT-0525-01-15_Car Wreck; WK-HUNT-0525-05-15_Work Comp; WK-HUNT-0625-08-15_Premise Injury; WK-HUNT-0725-02-30_Personal,,Source: 09. September 2025 Traffic Instructions.xlsx,09. September 2025 Traffic Instructions.xlsx,15,,,,
WK,MTG,TV,September,2025,,"9/1-10/3 | 9/1-9/5, 9/8-9/12, 9/15-9/19, 9/22-9/26, 9/29-10/3 | 9/6-9/7, 9/13-9/14, 9/20-9/21, 9/27-9/28",,,WK-MONT-0325-01-15_Weekends; WK-MONT-0325-02-30_Weekends; WK-MONT-0325-05-15_Working Man; WK-MONT-0325-10-30_Branding Legacy; WK-MONT-0325-11-15_Trucking 2; WK-MONT-0325-18-30_Mother’s Wreck; WK-MONT-0325-88-04_Personal; WK-MONT-0325-91-05_Car Wreck; WK-MONT-0325-92-10_Car Wreck; WK-MONT-0325-93-05_Premise Injury; WK-MONT-0325-94-10_Premise Injury; WK-MONT-0525-01-15_Car Wreck; WK-MONT-0525-05-15_Work Comp; WK-MONT-0625-08-15_Premise Injury; WK-MONT-0825-02-30_Personal,,Source: 09. September 2025 Traffic Instructions.xlsx,09. September 2025 Traffic Instructions.xlsx,15,,,,
WK,DHN,TV,September,2025,,"9/1-10/3 | 9/1-9/5, 9/8-9/12, 9/15-9/19, 9/22-9/26, 9/29-10/3 | 9/6-9/7, 9/13-9/14, 9/20-9/21, 9/27-9/28",,,WK-DOTH-0525-01-15_Car Wreck; WK-DOTH-0525-05-15_Work Comp; WK-DOTH-0625-01-15_Weekends; WK-DOTH-0625-02-30_Weekends; WK-DOTH-0625-08-15_Premise Injury; WK-DOTH-0625-88-04_Personal; WK-DOTH-0625-91-05_Car Wreck; WK-DOTH-0625-92-10_Car Wreck; WK-DOTH-0625-93-05_Premise Injury; WK-DOTH-0725-02-30_Personal; WK-DOTH-0725-05-15_Working Man; WK-DOTH-0725-11-15_Trucking 2; WK-DOTH-0725-17-15_Mother’s Wreck,,Source: 09. September 2025 Traffic Instructions.xlsx,09. September 2025 Traffic Instructions.xlsx,13,,,,
WK,CHA,TV,September,2025,,"9/1-10/3 | 9/1-9/5, 9/8-9/12, 9/15-9/19, 9/22-9/26, 9/29-10/3 | 9/6-9/7, 9/13-9/14, 9/20-9/21, 9/27-9/28",,,WK-CHAT-0325-01-15_Weekends; WK-CHAT-0325-02-30_Weekends; WK-CHAT-0325-05-15_Working Man; WK-CHAT-0325-10-30_Branding Legacy; WK-CHAT-0325-11-15_Trucking 2; WK-CHAT-0325-18-30_Mother’s Wreck; WK-CHAT-0325-88-04_Personal; WK-CHAT-0325-91-05_Car Wreck; WK-CHAT-0325-92-10_Car Wreck; WK-CHAT-0325-93-05_Premise Injury; WK-CHAT-0325-94-10_Premise Injury; WK-CHAT-0525-01-15_Car Wreck; WK-CHAT-0525-05-15_Work Comp; WK-CHAT-0625-08-15_Premise Injury; WK-CHAT-0725-02-30_Personal,,Source: 09. September 2025 Traffic Instructions.xlsx,09. September 2025 Traffic Instructions.xlsx,15,,,,
WK,KNX,TV,September,2025,,"9/1-10/3 | 9/1-9/5, 9/8-9/12, 9/15-9/19, 9/22-9/26, 9/29-10/3 | 9/6-9/7, 9/13-9/14, 9/20-9/21, 9/27-9/28",,,WK-KNOX-0325-01-15_Weekends; WK-KNOX-0325-02-30_Weekends; WK-KNOX-0325-05-15_Working Man; WK-KNOX-0325-10-30_Branding Legacy; WK-KNOX-0325-11-15_Trucking 2; WK-KNOX-0325-18-30_Mother’s Wreck; WK-KNOX-0325-88-04_Personal; WK-KNOX-0325-91-05_Car Wreck; WK-KNOX-0325-92-10_car Wreck; WK-KNOX-0325-93-05_Premise Injury; WK-KNOX-0325-94-10_Premise Injury; WK-KNOX-0525-01-15_Car Wreck; WK-KNOX-0525-05-15_Work Comp; WK-KNOX-0625-07-15_Premise Injury; WK-KNOX-0725-02-30_Personal,,Source: 09. September 2025 Traffic Instructions.xlsx,09. September 2025 Traffic Instructions.xlsx,15,,,,
WK,BRM,TV,October,2025,,"10/4-10/31 | 10/4-10/5, 10/11-10/12, 10/18-10/19, 10/25-10/26 | 10/6-10/10, 10/13-10/17, 10/20-10/24, 10/27-10/31",,,WK-BHAM-0325-01-15_Weekends; WK-BHAM-0325-02-30_Weekends; WK-BHAM-0325-05-15_Working Man; WK-BHAM-0325-11-15_Trucking 2; WK-BHAM-0325-18-30_Mother’s Wreck; WK-BHAM-0325-88-04_Personal; WK-BHAM-0325-91-05_Car Wreck; WK-BHAM-0325-92-10_Car Wreck; WK-BHAM-0325-93-05_Premise Injury; WK-BHAM-0325-94-10_Premise Injury; WK-BHAM-0525-01-15_Car Wreck; WK-BHAM-0525-05-15_Work Comp; WK-BHAM-0625-08-15_Premise Injury; WK-BHAM-0825-01-30_Local Lawyers; WK-BHAM-0825-02-30_Personal; WK-BHAM-0825-03-30_Award Winning,,Source: 10. October 2025 Traffic Instructions.xlsx,10. October 2025 Traffic Instructions.xlsx,16,,,,
WK,CHA,TV,October,2025,,"10/4-10/31 | 10/4-10/5, 10/11-10/12, 10/18-10/19, 10/25-10/26 | 10/6-10/10, 10/13-10/17, 10/20-10/24, 10/27-10/31",,,WK-CHAT-0325-01-15_Weekends; WK-CHAT-0325-02-30_Weekends; WK-CHAT-0325-05-15_Working Man; WK-CHAT-0325-11-15_Trucking 2; WK-CHAT-0325-18-30_Mother’s Wreck; WK-CHAT-0325-88-04_Personal; WK-CHAT-0325-91-05_Car Wreck; WK-CHAT-0325-92-10_Car Wreck; WK-CHAT-0325-93-05_Premise Injury; WK-CHAT-0325-94-10_Premise Injury; WK-CHAT-0525-01-15_Car Wreck; WK-CHAT-0525-05-15_Work Comp; WK-CHAT-0625-08-15_Premise Injury; WK-CHAT-0725-02-30_Personal; WK-CHAT-0825-03-30_Award Winning,,Source: 10. October 2025 Traffic Instructions.xlsx,10. October 2025 Traffic Instructions.xlsx,15,,,,
WK,DHN,TV,October,2025,,"10/3-10/10, 10/13-10/17, 10/20-10/24, 10/27-10/31 | 10/4-10/31 | 10/4-10/5, 10/11-10/12, 10/18-10/19, 10/25-10/26 | 10/6-10/10, 10/13-10/17, 10/20-10/24, 10/27-10/31",,,WK-DOTH-0525-01-15_Car Wreck; WK-DOTH-0525-05-15_Work Comp; WK-DOTH-0625-01-15_Weekends; WK-DOTH-0625-02-30_Weekends; WK-DOTH-0625-08-15_Premise Injury; WK-DOTH-0625-88-04_Personal; WK-DOTH-0625-91-05_Car Wreck; WK-DOTH-0625-92-10_Car Wreck; WK-DOTH-0625-93-05_Premise Injury; WK-DOTH-0725-02-30_Personal; WK-DOTH-0725-05-15_Working Man; WK-DOTH-0725-11-15_Trucking 2; WK-DOTH-0725-17-15_Mother’s Wreck; WK-DOTH-0825-03-30_Award Winning,,Source: 10. October 2025 Traffic Instructions.xlsx,10. October 2025 Traffic Instructions.xlsx,14,,,,
WK,HSV,TV,October,2025,,"10/4-10/31 | 10/4-10/5, 10/11-10/12, 10/18-10/19, 10/25-10/26 | 10/6-10/10, 10/13-10/17, 10/20-10/24, 10/27-10/31",,,WK-HUNT-0325-01-15_Weekends; WK-HUNT-0325-02-30_Weekends; WK-HUNT-0325-05-15_Working Man; WK-HUNT-0325-11-15_Trucking 2; WK-HUNT-0325-18-30_Mother’s Wreck; WK-HUNT-0325-88-04_Personal; WK-HUNT-0325-91-05_Car Wreck; WK-HUNT-0325-92-10_Car Wreck; WK-HUNT-0325-93-05_Premise Injury; WK-HUNT-0325-93-10_Premise Injury; WK-HUNT-0525-01-15_Car Wreck; WK-HUNT-0525-05-15_Work Comp; WK-HUNT-0625-08-15_Premise Injury; WK-HUNT-0725-02-30_Personal; WK-HUNT-0825-03-30_Award Winning,,Source: 10. October 2025 Traffic Instructions.xlsx,10. October 2025 Traffic Instructions.xlsx,15,,,,
WK,KNX,TV,October,2025,,"10/4-10/31 | 10/4-10/5, 10/11-10/12, 10/18-10/19, 10/25-10/26 | 10/6-10/10, 10/13-10/17, 10/20-10/24, 10/27-10/31",,,WK-KNOX-0325-01-15_Weekends; WK-KNOX-0325-02-30_Weekends; WK-KNOX-0325-05-15_Working Man; WK-KNOX-0325-11-15_Trucking 2; WK-KNOX-0325-18-30_Mother’s Wreck; WK-KNOX-0325-88-04_Personal; WK-KNOX-0325-91-05_Car Wreck; WK-KNOX-0325-92-10_car Wreck; WK-KNOX-0325-93-05_Premise Injury; WK-KNOX-0325-94-10_Premise Injury; WK-KNOX-0525-01-15_Car Wreck; WK-KNOX-0525-05-15_Work Comp; WK-KNOX-0625-07-15_Premise Injury; WK-KNOX-0725-02-30_Personal; WK-KNOX-0825-03-30_Award Winning,,Source: 10. October 2025 Traffic Instructions.xlsx,10. October 2025 Traffic Instructions.xlsx,15,,,,
WK,MTG,TV,October,2025,,"10/4-10/31 | 10/4-10/5, 10/11-10/12, 10/18-10/19, 10/25-10/26 | 10/6-10/10, 10/13-10/17, 10/20-10/24, 10/27-10/31",,,WK-MONT-0325-01-15_Weekends; WK-MONT-0325-02-30_Weekends; WK-MONT-0325-05-15_Working Man; WK-MONT-0325-11-15_Trucking 2; WK-MONT-0325-18-30_Mother’s Wreck; WK-MONT-0325-88-04_Personal; WK-MONT-0325-91-05_Car Wreck; WK-MONT-0325-92-10_Car Wreck; WK-MONT-0325-93-05_Premise Injury; WK-MONT-0325-94-10_Premise Injury; WK-MONT-0525-01-15_Car Wreck; WK-MONT-0525-05-15_Work Comp; WK-MONT-0625-08-15_Premise Injury; WK-MONT-0825-02-30_Personal; WK-MONT-0825-03-30_Award Winning,,Source: 10. October 2025 Traffic Instructions.xlsx,10. October 2025 Traffic Instructions.xlsx,15,,,,
